1,ἄασα,ἀάω,v1saia---,lemming;morpheus
0,ἀασάμην,ἀάω,v1saie---,
0,ἀασθείς,ἀάω,v-sapp-n-,
1,ἀάσθην,ἀάω,v1saip---,lemming;morpheus
1,ἄαται,ἄω,v3spie---,morpheus
1,ἀᾶται,ἀάω,v3spie---,lemming
0,ἀβλεπτηθέντα,ἀβλεπτέω,v-sapp-a-,
1,ἀβόλησαν,ἀβολέω,v3paia---,lemming;morpheus
1,ἀβροτάξομεν,ἀβροτάζω,v1pasa---,morpheus
0,ἀβρῦναι,ἀβρύω,v--ana---,
1,ἀγάασθαι,ἄγαμαι,v--pne---,lemming;morpheus
1,ἀγάασθε,ἄγαμαι,v2ppie---,lemming;morpheus
1,ἀγαγεῖν,ἄγω,v--ana---,lemming;morpheus
0,ἀγαγέσθαι,ἄγω,v--ane---,
1,ἀγάγῃ,ἄγω,v3sasa---,lemming;morpheus
1,ἀγαγοίην,ἄγω,v1saoa---,morpheus
0,ἀγαγοίμην,ἄγω,v1saoe---,
1,ἀγάγοιμι,ἄγω,v1saoa---,lemming;morpheus
0,ἀγαγόμενος,ἄγω,v-sape-n-,
0,ἀγάγοχα,ἄγω,v1sria---,
0,ἀγαγών,ἄγω,v-sapa-n-,
1,ἀγαλθῆναι,ἀγάλλω,v--anp---,morpheus
1,ἀγάλλεο,ἀγάλλω,v2spme---,lemming;morpheus
0,ἀγαλλιάσομαι,ἀγαλλιάομαι,v1sfie---,
0,ἀγαλοῦμαι,ἀγάλω,v1sfie---,
0,ἀγαλῶ,ἀγάλω,v1sfia---,
0,ἀγανακτησάμενος,ἀγανακτέω,v-sape-n-,
1,ἀγαπαζέμεν,ἀγαπάζω,v--pna---,lemming;morpheus
1,ἀγαπάζεο,ἀγαπάζω,v2spme---,lemming;morpheus
1,ἀγαπάξαι,ἀγαπάζω,v--ana---,lemming;morpheus
0,ἀγαπὴν,ἀγαπάω,v--pna---,
1,ἀγάπησα,ἀγαπάω,v1saia---,lemming;morpheus
1,ἄγασαι,ἄγαμαι,v2spie---,lemming;morpheus
0,ἀγάσσἀντο,ἄγαμαι,v3paie---,
0,ἀγάσσἀσθαι,ἄγαμαι,v--ane---,
0,ἀγασθείς,ἄγαμαι,v-sapp-n-,
1,ἀγασθήσομαι,ἄγαμαι,v1sfip---,morpheus
0,ἀγάσσὀμαι,ἄγαμαι,v1sfie---,
1,ἀγγεῖλαι,ἀγγέλλω,v--ana---,lemming;morpheus
1,ἀγγείλαι,ἀγγέλλω,v3saoa---,lemming;morpheus
0,ἀγγειλάμενος,ἀγγέλλω,v-sape-n-,
0,ἀγγεῖλλςὨ,ἀγγέλλω,v-sapa-n-,
1,ἀγγελεῖν,ἀγγέλλω,v--fna---,morpheus
1,ἀγγελέτην,ἀγγέλλω,v3daia---,lemming
1,ἀγγελέω,ἀγγέλλω,v1sfia---,lemming;morpheus
0,ἀγγελήσομαι,ἀγγέλλω,v1sfip---,
0,ἀγγελθείς,ἀγγέλλω,v-sapp-n-,
1,ἀγγελθῆναι,ἀγγέλλω,v--anp---,lemming;morpheus
1,ἀγγέλλεσκε,ἀγγέλλω,v3siia---,morpheus
0,ἀγγελοίμην,ἀγγέλλω,v1saoe---,
0,ἀγγελοῦμαι,ἀγγέλλω,v1sfie---,
1,ἄγγελτο,ἀγγέλλω,v3slie---,lemming;morpheus
1,ἀγγελῶ,ἀγγέλλω,v1sfia---,lemming;morpheus
0,ἄγγηλα,ἀγγέλλω,v1saia---,
0,ἁγέαται,ἡγέομαι,v3prie---,
1,ἀγείοχα,ἄγω,v1sria---,lemming
1,ἀγεῖραι,ἀγείρω,v--ana---,lemming;morpheus
1,ἀγείραι,ἀγείρω,v3saoa---,lemming;morpheus
0,ἀγείρας,ἀγείρω,v-sapa-n-,
1,ἀγείρεν,ἀγείρω,v--pna---,morpheus
0,ἀγείς,ἄγνυμι,v-sapp-n-,
0,ἀγελάσαι,ἀγελάζομαι,v--ana---,
1,ἄγεν,ἄγω,v--pna---,morpheus
0,ἄγεν,ἄγνυμι,v3paip---,
1,ἄγεν,ἄγω,v3siia---,lemming;morpheus
0,ἀγερέσθαι,ἀγείρω,v--ane---,
1,κἄγερθεν,ἀγείρω,v3paip---,lemming;morpheus
1,ἀγερθήσομαι,ἀγείρω,v1sfip---,lemming;morpheus
0,ἀγέροντο,ἀγείρω,v3paie---,
0,ἀγεροῦμαι,ἀγείρω,v1sfie---,
1,ἀγερῶ,ἀγείρω,v1sfia---,lemming
1,ἄγεσκον,ἄγω,v1siia---,lemming;morpheus
1,ἀγέτην,ἄγω,v3diia---,lemming;morpheus
1,ἀγέωχα,ἄγω,v1sria---,lemming
1,ἀγηγέρατο,ἀγείρω,v3plie---,lemming;morpheus
0,ἀγήγερκα,ἀγείρω,v1sria---,
1,ἀγήγερμαι,ἀγείρω,v1srie---,lemming;morpheus
1,ἀγηγέρμην,ἀγείρω,v1slie---,lemming;morpheus
1,ἀγήγοχα,ἄγω,v1sria---,lemming
1,ἀγῆλαι,ἀγάλλω,v--ana---,lemming;morpheus
1,ἀγήλαιμι,ἀγάλλω,v1saoa---,lemming;morpheus
1,ἀγήλω,ἀγάλλω,v1sasa---,lemming;morpheus
0,ἄγημαι,ἡγέομαι,v1srie---,
1,ἄγην,ἄγω,v--pna---,morpheus
1,ἀγῆναι,ἄγνυμι,v--anp---,lemming;morpheus
1,ἀγήοχα,ἄγω,v1sria---,lemming;morpheus
1,ἄγῃ,ἄγω,v3spsa---,lemming;morpheus
1,ἁγῆται,ἡγέομαι,v3spse---,morpheus
0,ἁγιασθήτω,ἀγιάζω,v3samp---,
0,ἀγινέμενἁι,ἁγινέω,v--pna---,
0,ἀγίνεσχον,ἁγινέω,v3piia---,
0,ἀγινεῦσι,ἁγινέω,v3ppia---,
0,ἁγινήσω,ἁγινέω,v1sfia---,
0,ἁγισθέντες,ἁγίζω,v-papp-n-,
0,ἄγιτε,ἄγω,v2ppma---,
1,ἁγιῶ,ἁγίζω,v1sfia---,lemming;morpheus
1,ἀγκάσσασθαι,ἀγκάζομαι,v--ane---,morpheus
0,ἀγλαϊεῖσθαι,ἀγλαίζω,v--fne---,
0,ἀγλάϊτα,ἀγλαίζω,v1saia---,
1,ἀγλαϊῶ,ἀγλαίζω,v1sfia---,lemming;morpheus
0,ἀγνηκώς,ἀγνέω,v-srpa-n-,
0,ἁγνίσας,ἁγνίζω,v-sapa-n-,
0,ἀγνίσθητι,ἁγνίζω,v2samp---,
0,ἀγνοηθύήσομαι,ἀγνοέω,v1sfip---,
0,ἀγνοήσομαι,ἀγνοέω,v1sfie---,
0,ἀγνοήσω,ἀγνοέω,v2-fia---,
1,ἀγνοιῇσι,ἀγνοέω,v3spsa---,lemming;morpheus
0,ἀγνωμονηθείς,ἀγνωμονέω,v-sapp-n-,
0,ἀγνώσασχε,ἀγνοέω,v3saia---,
1,ἄγξαι,ἄγχω,v--ana---,lemming;morpheus
1,ἄγξειε,ἄγχω,v3saoa---,lemming;morpheus
1,ἄγξω,ἄγχω,v1sfia---,lemming;morpheus
1,ἀγοράσω,ἀγοράζω,v1sfia---,lemming;morpheus
0,ἀγορεύμενἁι,ἀγορεύω,v--pna---,
1,ἀγόρευσα,ἀγορεύω,v1saia---,lemming;morpheus
1,ἀγόρευσον,ἀγορεύω,v2sama---,lemming;morpheus
1,ἀγορεύσω,ἀγορεύω,v1sfia---,lemming;morpheus
0,ἀγορησάμην,ἀγοράομαι,v1saie---,
1,ἀγορόωντο,ἀγοράομαι,v3piie---,morpheus
1,ἀγρεῖ,ἀγρέω,v3spia---,lemming;morpheus
1,ἀγρεῖτε,ἀγρέω,v2ppma---,lemming;morpheus
1,ἀγρεύσω,ἀγρεύω,v1sfia---,lemming;morpheus
1,ἀγριανθήσομαι,ἀγριαίνω,v1sfip---,lemming
1,ἀγριανῶ,ἀγριαίνω,v1sfia---,lemming;morpheus
0,ἀγρόμενος,ἀγείρω,v-sape-n-,
1,ἄγχον,ἄγχω,v1siia---,lemming;morpheus
0,ἀγωνιάσω,ἀγωνιίίωο,v1sfia---,
0,ἀγωνίδαται,ἀγὼν ἰζομαι,v3prie---,
0,ἀγωνιοῦμαι,ἀγὼν ἰζομαι,v1sfie---,
0,ἀγωνισάμην,ἀγὼν ἰζομαι,v1saie---,
0,ἀγωνισθήσομαι,ἀγὼν ἰζομαι,v1sfip---,
1,ἀγωνίσομαι,ἀγωνίζομαι,v1sfie---,morpheus
1,ἁδεῖν,ἁνδάνω,v--ana---,lemming;morpheus
1,ἄδῃ,ἁνδάνω,v3sasa---,lemming
0,ἀδηκότες,ἀδέω,v-prpa-n-,
0,ἀδημονῆσαι,ἀδέω,v--ana---,
1,ἀδήσειεν,ἀδέω,v3saoa---,lemming
1,ἁδήσω,ἁνδάνω,v1sfia---,lemming;morpheus
0,ἀδ,ἀδικέω,v1sfip---,
0,ἀδυκησάντων,ἀδικέω,v-papa-g-,
0,ἀδικήσομαι,ἀδικέω,v1sfie---,
0,ὅἅδοι,ἁνδάνω,v3saoa---,
0,ἁδόμενος,ἥδομαι,v-sppe-n-,
0,κἄδον,ἄδω,v1siia---,
1,ἅδον,ἁνδάνω,v3paia---,lemming;morpheus
1,ἁδρῦναι,ἁδρύνω,v--ana---,morpheus
1,ἁδρυνῶ,ἁδρύνω,v1sfia---,morpheus
1,ἅδω,ἁνδάνω,v1sasa---,lemming;morpheus
0,ἀδών,ἁνδάνω,v-sapa-n-,
1,ἀέθλεον,ἀθλέω,v1siia---,morpheus
0,ἀειδέμενἁι,ἄδω,v--pna---,
0,ἀείδετο,ἄδω,v3siie---,
0,ἀείδηὴν,ἄδω,v--pna---,
0,ἀείδησι,ἄδω,v3spsa---,
0,ἄειδον,ἄδω,v1siia---,
0,ἀεικισθήμεναι,ἀευκίζω,v--anp---,
0,ἀείκισσα,ἀευκίζω,v1saia---,
0,ἀεικισσάμην,ἀευκίζω,v1saie---,
0,ἄειρα,αἴρω,v1saia---,
0,ἀείραὑς,αἴρω,v-sapa-n-,
0,ἀειράμενος,αἴρω,v-sape-n-,
0,ἀείραο,αἴρω,v2saie---,
0,ἀείρασθαι,αἴρω,v--ane---,
0,ἀειρέσθην,αἴρω,v3diie---,
0,ἀείρεται,αἴρω,v3spse---,
0,ἄειρον,αἴρω,v1siia---,
0,ἀείς,ἄηι,v-sppa-n-,
0,ἄεισα,ἄδω,v1saia---,
0,ἀεισάμην,ἄδω,v1saie---,
0,ἀείσεο,ἄδω,v2same---,
1,ἄεισι,ἄημι,v3ppia---,morpheus
0,κἄεισον,ἄημι,v2sama---,
0,κἀείσω,ἄημι,v1sfia---,
1,κἄεν,ἄω,v3siia---,lemming;morpheus
0,κἀεξήθην,ἀέξξω,v1saip---,
0,ἐἀεξήσω,ἀέξξω,v1sfia---,
0,ἐἄεξον,ἀέξξω,v1siia---,
0,κἀερθείς,αἴρω,v-sapp-n-,
0,κἀέρθην,αἴρω,v1saip---,
0,ἀεροβατήσας,ἀεροβατέω,v-sapa-n-,
0,ἐἀέρρατ,αἴρω,v2pama---,
0,ἀέρσῃ,αἴρω,v3sasa---,
1,ἄεσα,ἄω,v1saia---,lemming;morpheus
1,ἀέσαμεν,ἄω,v1paia---,lemming;morpheus
1,ἄεσαν,ἄω,v3paia---,lemming;morpheus
0,ἄζευ,ἅζομαι,v2spme---,
0,κἄζηται,ἄζω,v3-pse---,
0,κἀζήνασκε,ἀζαίνω,v3saia---,
0,κἀζήνγσῦ,ἀζαίνω,v3sasa---,
1,ἄη,ἄημι,v3siia---,lemming;morpheus
1,ἀηδῆσαι,ἀηδέω,v--ana---,lemming;morpheus
0,ἀηδήῆσειεν,ἀηδέω,v3saoa---,
0,ἑἀήμεναι,ἄημι,v--pna---,
0,ἀήμενος,ἄημι,v-sppe-n-,
1,ἀῆναι,ἄημι,v--pna---,lemming;morpheus
0,ἀήσει,ἄημι,v3sfia---,
0,ἀήσεται,ἄημι,v3-fie---,
1,ἄησι,ἄημι,v3spia---,lemming;morpheus
0,ἀῇσι,ἄημι,v3spsa---,
1,ἄηται,ἄημι,v3spie---,lemming;morpheus
1,ἄητο,ἄημι,v3siie---,lemming;morpheus
1,ἀήτω,ἄημι,v3spma---,lemming;morpheus
1,ἀθέριξα,ἀθερίζω,v1saia---,lemming;morpheus
1,ἀθλεύσω,ἀθλεύω,v1sfia---,lemming;morpheus
0,ἀθρῇσαι,ἀθρέω,v--ana---,
1,ἀθρήσειε,ἀθρέω,v3saoa---,lemming;morpheus
0,ἀθροίσας,ἀθροίζω,v-sapa-n-,
0,ἀθροισθέντες,ἀθροίζω,v-papp-n-,
1,ἄθροισον,ἀθροίζω,v2sama---,lemming;morpheus
1,ἄθυρε,ἀθύρω,v2spma---,lemming;morpheus
0,ἀθύρων,ἀθύρω,v-sppa-n-,
0,αἰάξας,αἰάζω,v-sapa-n-,
1,αἰάξω,αἰάζω,v1sfia---,morpheus
1,αἰδεῖο,αἰδέομαι,v2spme---,lemming
1,αἰδέο,αἰδέομαι,v2spme---,morpheus
1,αἰδέοντο,αἰδέομαι,v3piie---,lemming;morpheus
0,αἰδεσάμην,αἰδέομαι,v1saie---,
1,αἰδεσθείην,αἰδέομαι,v1saop---,lemming;morpheus
0,αἰδεσθείς,αἰδέομαι,v-sapp-n-,
0,αἴδ,αἰδέομαι,v3paip---,
0,αἴδεσαι,αἰδέομαι,v2same---,
0,αἰδέσομαι,αἰδέομαι,v1sfie---,
1,αἰδεῦ,αἰδέομαι,v2spme---,lemming;morpheus
1,αἰδεῦμαι,αἰδέομαι,v1spie---,lemming;morpheus
1,αἰδοῦ,αἰδέομαι,v2spme---,lemming;morpheus
1,αἰθέσθω,αἴθω,v3spme---,lemming;morpheus
0,αἰθριῆσας,αἰθριάω,v-sapa-n-,
1,αἴθυξα,αἰθύσσω,v1saia---,morpheus
1,αἰθύξω,αἰθύσσω,v1sfia---,morpheus
0,αἰκίσομαι,αἰκίζω,v1sfie---,
0,αἱμάξω,αἱμάττω,v1sfia---,
1,αἱματίσαι,αἱματίζω,v--ana---,lemming;morpheus
1,αἱματῶσαι,αἱματόω,v--ana---,lemming;morpheus
0,αἱμάχθην,αἱμάττω,v1saip---,
0,αἰνεθείς,αἰνέω,v-sapp-n-,
1,αἰνείσθω,αἰνέω,v3spme---,lemming;morpheus
1,αἴνεσα,αἰνέω,v1saia---,lemming;morpheus
0,αἰνέσομαι,αἰνέω,v1sfie---,
1,αἰνέσω,αἰνέω,v1sfia---,lemming;morpheus
0,αἰνήῆσας,αἰνέω,v-sapa-n-,
1,αἰνήσειε,αἰνέω,v3saoa---,lemming;morpheus
1,αἰνήσουσι,αἰνέω,v3pfia---,lemming;morpheus
1,αἰνήσωμεν,αἰνέω,v1pasa---,lemming;morpheus
1,αἰνιξάμην,αἰνίσσομαι,v1saie---,morpheus
1,αἰνίξομαι,αἰνίσσομαι,v1sfie---,morpheus
1,αἰνοῖεν,αἰνέω,v3ppoa---,lemming;morpheus
0,αἴνυτο,αἵνυμαι,v3siie---,
0,ἀϊξας,ἄττω,v-sapa-n-,
0,ἀίξασθαι,ἄττω,v--ane---,
0,ἀίξασκε,ἄττω,v3saia---,
0,ἀϊξω,ἄττω,v1sasa---,
0,ἀίξω,ἄττω,v1sfia---,
1,ἄιον,ἀίω,v1siia---,morpheus
1,αἱρέεσκον,αἱρέω,v1siia---,morpheus
0,αἰρέθην,αἱρέω,v1saip---,
1,αἱρεθήσομαι,αἱρέω,v1sfip---,lemming;morpheus
1,αἴρεσκον,αἴρω,v1siia---,morpheus
0,αἱρετίσας,αἰρετίζω,v-sapa-n-,
0,αἰρετιῷῶ,αἰρετίζω,v1sfia---,
0,αἱρεύμην,αἰρέω,v1siie---,
0,αἰρησέμεν,αἰρέω,v--fna---,
0,αἱρήσομαι,αἰρέω,v1sfie---,
0,αἰρήσω,αἰρέω,v1sfia---,
1,αἰσθανθήσομαι,αἰσθάνομαι,v1sfip---,lemming
1,αἰσθανοίατο,αἰσθάνομαι,v3ppoe---,lemming;morpheus
1,ἄισθε,ἀίσθω,v3siia---,morpheus
0,αἰσθέσθαι,αἰσθάνομαι,v--ana---,
1,αἰσθηθήσομαι,αἰσθάνομαι,v1sfip---,lemming
0,αἰσθήσομαι,αἰσθάνομαι,v1sfie---,
1,αἰσιμώθην,αἰσιμόω,v1saip---,morpheus
0,αἰσίμωμαι,αἰσιμόω,v1srie---,
1,αἰσιμώσωσι,αἰσιμόω,v3pasa---,morpheus
0,ἀίσσεσκον,ἄττω,v1siia---,
1,ἀιστωθείη,ἀιστόω,v3saop---,morpheus
0,ἀιστῴθησαν,ἀιστόω,v3paip---,
0,ἀιστώσαντο,ἀιστόω,v3paie---,
1,ἀιστώσειαν,ἀιστόω,v3paoa---,morpheus
1,ἀιστώσω,ἀιστόω,v1sfia---,morpheus
1,αἰσχῦναι,αἰσχύνω,v--ana---,lemming;morpheus
1,αἰσχυνέμεν,αἰσχύνω,v--pna---,lemming;morpheus
1,αἰσχύνεσκε,αἰσχύνω,v3siia---,morpheus
1,αἰσχυνέω,αἰσχύνω,v1sfia---,lemming;morpheus
1,αἰσχυνθείην,αἰσχύνω,v1saop---,lemming;morpheus
1,αἰσχυνθήσομαι,αἰσχύνω,v1sfip---,lemming;morpheus
0,αἰσχυνοῦμαι,αἰσχύνω,v1sfie---,
1,αἰσχυνῶ,αἰσχύνω,v1sfia---,lemming;morpheus
0,αἰτεύμενος,αἰτέω,v-sppe-n-,
0,αἰτηθέντες,αἰτέω,v-papp-n-,
1,αἰτήσω,αἰτέω,v1sfia---,lemming;morpheus
1,αἰτιάασθαι,αἰτιάομαι,v--pne---,lemming;morpheus
0,αἰτίαο,αἰτιάομαι,v2siie---,
1,αἰτιάσομαι,αἰτιάομαι,v1sfie---,morpheus
1,αἰτιόωνται,αἰτιάομαι,v3ppie---,morpheus
0,αἰτιόῳφο,αἰτιάομαι,v2spoe---,
1,αἰτιόῳτο,αἰτιάομαι,v3spoe---,morpheus
0,αἷἶτο,αἰτω,v1spoa---,
0,ἐ,ἅττω,v1saip---,
0,ἀιχθῆναι,ἅττω,v--anp---,
0,αἰχμαλωτίσομαι,αἰχμαλωτίζω,v1sfie---,
1,αἰχμάσαι,αἰχμάζω,v--ana---,lemming;morpheus
1,αἰχμάσω,αἰχμάζω,v1sfia---,morpheus
1,αἰωρηθήσομαι,αἰωρέω,v1sfip---,lemming;morpheus
0,αἰωρήσομαι,αἰωρέω,v1sfie---,
0,ἀκαχείατο,εἰμί,v3plie---,
0,ἀκαχεῖν,εἰμί,v--ana---,
0,ἀκάχη,εἰμί,v1srie---,
0,ἀκαχήμενος,εἰμί,v-srpe-n-,
0,ἀκάχησαἩ,εἰμί,v1saia---,
0,ἀχκαχήσω,εἰμί,v1sfia---,
0,ἀκαχίζεο,εἰμί,v2spme---,
0,ἀκαχοίμεθα,εἰμί,v1paoe---,
0,ἀκάχοιτο,εἰμί,v3saoe---,
0,ἀκαχών,εἰμί,v-sapa-n-,
0,ἀκειόμενος,ἀκέομαι,v-sppe-n-,
1,ἀκέο,ἀκέομαι,v2spme---,morpheus
1,ἀκεσθῆναι,ἀκέομαι,v--anp---,morpheus
0,ἀκέσομαι,ἀκέομαι,v1sfie---,
0,ἄκεσσαι,ἀκέομαι,v2same---,
0,ἀκέσσαιο,ἀκέομαι,v2saoe---,
1,ἀκήδεσα,ἀκηδέω,v1saia---,lemming;morpheus
1,ἀκηδήσω,ἀκηδέω,v1sfia---,lemming;morpheus
1,ἀκήκοα,ἀκούω,v1sria---,lemming;morpheus
1,ἀκηκοέτω,ἀκούω,v3srma---,lemming;morpheus
1,ἀκήκουκα,ἀκούω,v1sria---,lemming
0,ἀκήκουσμαι,ἀκούω,v1srie---,
0,ἀκηκοώς,ἀκούω,v-srpa-n-,
0,ἀκηχέμενος,εἰμί,v-srpe-n-,
1,ἀκολαστανῶ,ἀκολασταίνω,v1sfia---,lemming;morpheus
0,ἀχοντισάτω,ἀχκοντίζω,v3sama---,
0,ἀκόντισε,ἀχκοντίζω,v3saia---,
0,ἀκοντίσσαι,ἀχκοντίζω,v--ana---,
0,ἀκοντιῶ,ἀχκοντίζω,v1sfia---,
0,ἀκοστῆσας,ἀκοστάω,v-sapa-n-,
1,ἀκοῦ,ἀκέομαι,v2spme---,lemming;morpheus
1,ἀκουάζεσθον,ἀκουάζομαι,v2dpie---,lemming;morpheus
0,ἀκουέμενἁ,ἀκούω,v--pna---,
1,ἄκουκα,ἀκούω,v1sria---,lemming;morpheus
0,ἀκοῦμαι,ἀκέομαι,v1sfie---,
1,ἄκουσα,ἀκούω,v1saia---,lemming;morpheus
0,ἀκουσαίμην,ἀκούω,v1saoe---,
0,ἀκούσας,ἀκούω,v-sapa-n-,
0,ἀκουσθείς,ἀκούω,v-sapp-n-,
1,ἀκουσθῆναι,ἀκούω,v--anp---,lemming;morpheus
1,ἀκουσθήσομαι,ἀκούω,v1sfip---,lemming;morpheus
0,ἀκούσομαι,ἀκούω,v1sfie---,
0,ἀκρατιοῦμαι,ἀκούω,v1sfie---,
0,ἀκρατιῶ,ἀκούω,v1sfia---,
0,ἀκροαθείς,ἀκούω,v-sapp-n-,
0,ἀκροάσομαι,ἀκούω,v1sfie---,
0,ἀκταινῶσαι,ἀκούω,v--ana---,
1,ἀκτάσωμεν,ἀκτάζω,v1pasa---,lemming;morpheus
0,άλαθείς,ἀκτάζω,v-sapp-n-,
0,ἀλάλαξε,ἀκτάζω,v3saia---,
0,ἀλαλάξομαι,ἀλαλάζω,v1sfie---,
1,ἀλαλάξω,ἀλαλάζω,v1sfia---,morpheus
1,ἀλάλημαι,ἀλάομαι,v1srie---,lemming
0,ἀλαλήμενος,ἀλάομαι,v-srpe-n-,
1,ἀλάλησθαι,ἀλάομαι,v--rne---,lemming
1,ἄλαλκε,ἀλέξω,v3saia---,lemming
1,ἀλαλκεῖν,ἀλέξω,v--ana---,lemming
1,ἀλάλκῃσι,ἀλέξω,v3sasa---,lemming
0,ἀλαλκήσουσι,ἀλέξω,v3pfia---,
0,ἀλάλκοι,ἀλέξω,v3paoa---,
1,ἀλάλκοις,ἀλέξω,v2saoa---,lemming
0,ἀλάλκουσι,ἀλέξω,v3ppia---,
0,ἀλαλκών,ἀλέξω,v-sapa-n-,
0,ἀλαλύκτημαι,ἀλυκτέω,v1srie---,
0,ἀλάλυκτο,ἀλύσσω,v3slie---,
0,ἁλάμενος,ἄλλομαι,v-sape-n-,
1,ἀλάπαξα,ἀλαπάζω,v1saia---,lemming;morpheus
1,ἀλαπαξέμεν,ἀλαπάζω,v--fna---,lemming;morpheus
1,ἀλαπάξω,ἀλαπάζω,v1sfia---,lemming;morpheus
1,ἀλαπαχθῇ,ἀλαπάζω,v3sasp---,morpheus
1,ἀλᾶσθαι,ἀλάομαι,v--pne---,lemming;morpheus
0,ἀλατεύσω,ἀλητεύω,v1sfia---,
0,ἅλατο,ἄἅλλομαι,v3saie---,
1,ἀλᾶτο,ἀλάομαι,v3siie---,lemming;morpheus
1,ἀλαῶσαι,ἀλαόω,v--ana---,lemming;morpheus
1,ἀλάωσε,ἀλαόω,v3saia---,lemming;morpheus
1,ἄλγησον,ἀλγέω,v2sama---,lemming;morpheus
1,ἀλγῦναι,ἀλγύνω,v--ana---,lemming;morpheus
1,ἀλγύνεσκε,ἀλγύνω,v3siia---,morpheus
1,ἀλγυνθήσομαι,ἀλγύνω,v1sfip---,morpheus
0,ἀλγυνοῦμαι,ἀλγύνω,v1sfie---,
0,ἀλδήσασκε,ἀλδαίνω,v3saia---,
0,ἀλέασθαι,ἀλέομαι,v--ana---,
0,ἀλέασῦε,ἀλέομαι,v2pame---,
0,ἀλεγύνατο,ἀλεγύνω,v3saie---,
1,ἀλεεῖναι,ἀλεείνω,v--ana---,morpheus
1,ἄλει,ἀλέω,v2spma---,lemming;morpheus
0,ἀλείς,εἴλω,v-sapp-n-,
1,ἀλειφθῇ,ἀλείφω,v3sasp---,lemming;morpheus
1,ἀλειφθήσομαι,ἀλείφω,v1sfip---,lemming;morpheus
1,ἄλειφον,ἀλείφω,v1siia---,lemming;morpheus
1,ἄλειψα,ἀλείφω,v1saia---,lemming;morpheus
0,ἀλειψαίμην,ἀλείφω,v1saoe---,
0,ἀλείψας,ἀλείφω,v-sapa-n-,
0,ἀλείψομαι,ἀλείφω,v1sfie---,
1,ἀλείψω,ἀλείφω,v1sfia---,lemming;morpheus
0,ἄλεν,εἴ,v3paip---,
0,ἀλέξαι,ἀλέξω,,
0,ἀλέξασθαι,ἀλέξω,,
0,ἀλεξῇῆσαι,ἀλέξω,,
0,ἀλεξῆσας,ἀλέξω,,
0,ἀλεξήσειςε,ἀλέξω,,
0,ἀλεξήσομαι,ἀλέξω,,
0,ἀλεξήσω,ἀλέξω,,
0,ἀλεξοίμην,ἀλέξω,,
0,ἀλέξω,ἀλέξω,,
1,ἀλέοιντο,ἀλέομαι,v3ppoe---,lemming;morpheus
1,ἀλέοιο,ἀλέομαι,v2spoe---,lemming;morpheus
0,ἀλέσθαι,ἄλλομαι,v--ane---,
1,ἄλεσσα,ἀλέω,v1saia---,lemming;morpheus
1,ἀλέσω,ἀλέω,v1sfia---,lemming
1,ἀλετρεύσω,ἀλετρεύω,v1sfia---,lemming;morpheus
0,ἄλευ,ἀλεὐγομαι,v2spme---,
0,ἄλευαι,ἀλεὐγομαι,v2same---,
0,ἀλεύασθαι,ἀλεὐγομαι,v--ane---,
0,ἀλεῦμαι,ἀλεὐγομαι,v1spie---,
0,ἁλεῦμαι,ἀλεὐγομαι,v1sfie---,
0,ἀλεύσατε,ἀλεὐγομαι,v2pama---,
0,ἄλευσον,ἀλεὐγομαι,v2sama---,
0,ἀλεύσω,ἀλεὐγομαι,v1sfia---,
0,ἀλχηθεύσω,ἀλεὐγομαι,v1sfia---,
0,κἀλήθην,ἀλέγομαι,v1saip---,
1,κἀλήλεκα,ἀλέω,v1sria---,lemming;morpheus
1,ἀλήλεμαι,ἀλέω,v1srie---,lemming;morpheus
1,ἁλήλιμμαι,ἀλείφω,v1srie---,lemming;morpheus
1,ἀλήλιφα,ἀλείφω,v1sria---,lemming;morpheus
1,ἄλην,εἴλω,v1saip---,lemming;morpheus
0,ἀλῇναι,εἴλω,v--anp---,
1,ἀλήσατο,ἀλάομαι,v3saie---,morpheus
0,ἀχησθέν,ἀλήθω,v-sapp-n-,
1,ἀλήσομαι,ἀλάομαι,v1sfie---,morpheus
0,ἁλῇῆτο,ἀλάομαι,v3siie---,
0,ἀλθέξομαι,ἀλθαίνω,v1sfie---,
1,ἀλθεσθῆναι,ἀλθαίνω,v--anp---,lemming
0,ἄλθετο,ἀλθαίνω,v3saie---,
0,ἀλθήσομαι,ἀλθαίνω,v1sfie---,
1,ἀλθήσω,ἀλθαίνω,v1sfia---,lemming
0,ἀλινδηθείς,ἀλινδέω,v-sapp-n-,
0,ἁλίξεται,ἁλίζω,v3sfie---,
0,ἁλίσας,ἁλίζω,v-sapa-n-,
0,ἀλισθέν,ἁλίζω,v-sapp-n-,
0,ἁλισμένος,ἁλίζω,v-srpe-n-,
0,ἀλίσω,ἁλίζω,v1sfia---,
0,ἀλιτεῖν,ἀἁλιταίνω,v--ana---,
0,ἀλιτέσθαι,ἀἁλιταίνω,v--ane---,
0,ἀλίτῃ,ἀἁλιταίνω,v3sasa---,
0,ἀλίτησα,ἀἁλιταίνω,v1saia---,
0,ἀλίτοιμι,ἀἁλιταίνω,v1saoa---,
0,ἀλίτοντο,ἀἁλιταίνω,v3piie---,
0,ἀλίτωμαι,ἀἁλιταίνω,v1sase---,
0,ἀλιτῶν,ἀἁλιταίνω,v-sapa-n-,
0,ἁλίωσα,ἀἁἀλιόω,v1saia---,
0,ἀλκαθεῖν,ἰἀλέξω,,
0,ἀλλαγείς,ἀλλάττω,v-sapp-n-,
0,ἀλλαγῆναι,ἀλλάττω,v--anp---,
0,ἄλλαξα,ἀλλάττω,v1saia---,
0,ἀλλάξαι,ἀλλάττω,v--ana---,
0,ἀλλάξω,ἀλλάττω,v1sfia---,
1,ἀλλάχθην,ἀλλάττω,v1saip---,lemming
1,ἀλλαχθήσομαι,ἀλλάττω,v1sfip---,lemming
1,ἀλλάχθητε,ἀλλάττω,v2pamp---,lemming
0,ἄλλοντο,ἅλλομαι,v3piie---,
0,ἅλμενος,ἅλλομαι,v-sape-n-,
0,ἐάλοαθε,ἀλοάω,v-sapp-n-,
0,ἀλοάσας,ἀλοάω,v-sapa-n-,
1,ἀλογήσει,ἀλογέω,v3sfia---,lemming;morpheus
1,ἀλοηθήσομαι,ἀλοάω,v1sfip---,lemming;morpheus
1,ἀλοήσω,ἀλοάω,v1sfia---,lemming;morpheus
1,ἀλοία,ἀλοάω,v3siia---,lemming;morpheus
0,ἁλοίη,ἁλίσκομαι,v1saoa---,
0,ἀλοιησέω,ἁλοάω,v1sfia---,
0,ἀλοιήσῃ,ἁλοάω,v3sasa---,
0,ἁλοίμην,ἄλλομαι,v1saoe---,
0,ἁλόμενος,ἄλλομαι,v-sape-n-,
0,ἁλοῦμαι,ἄλλομαι,v1-fie---,
0,ἁλούς,ἁλίσκομαι,v-sapa-n-,
0,ἀλοῦσα,ἁλίσκομαι,v-sapa-n-,
1,ἀλόω,ἀλάομαι,v2spme---,morpheus
1,ἀλόωνται,ἀλάομαι,v3ppie---,morpheus
0,ἄλτο,ἄλλομαι,v3saie---,
0,ἀλυκτήσας,ἀλυκτέω,v-sapa-n-,
1,ἄλυξα,ἀλύσκω,v1saia---,lemming;morpheus
1,ἀλύξαι,ἀλύσκω,v--ana---,lemming;morpheus
0,ἀλύξας,ἀλύσκω,v-sapa-n-,
1,ἀλυξέμεν,ἀλύσκω,v--fna---,lemming;morpheus
0,ἀλύξομαι,ἀλύσκω,v1sfie---,
1,ἀλύξω,ἀλύσκω,v1sfia---,lemming;morpheus
0,ἀλύξω,ύζω,v1sfia---,
1,ἄλφῃ,ἀλφάνω,v3sasa---,lemming;morpheus
1,ἄλφοι,ἀλφάνω,v3saoa---,lemming;morpheus
0,ἅλω,ἄλλομαι,v2saie---,
1,ἀλῶ,ἀλέω,v1sfia---,lemming
1,ἁλῶ,ἁλίσκομαι,v1sasa---,lemming;morpheus
1,ἁλῷ,ἁλίσκομαι,v3sasa---,lemming;morpheus
1,ἀλώῃ,ἁλίσκομαι,v3sasa---,lemming
1,ἁλῴη,ἁλίσκομαι,v3saoa---,lemming
1,ἁλῴης,ἁλίσκομαι,v2saoa---,lemming
1,ἁλώῃς,ἁλίσκομαι,v2sasa---,lemming;morpheus
0,ἁλωθῆναι,ἁλίσκομαι,v--anp---,
0,ἁλωθήσομαι,ἁλίσκομαι,v1sfip---,
1,ἅλωκα,ἁλίσκομαι,v1sria---,lemming;morpheus
0,ἁλωκότα,ἁλίσκομαι,v-srpa-a-,
0,ἄλωμαι,ἅλλομαι,v1sase---,
1,ἁλῶναι,ἁλίσκομαι,v--ana---,lemming;morpheus
0,ἁλώσει,ἁλίσκομαι,v2sfie---,
1,ἁλῶσι,ἁλίσκομαι,v3pasa---,lemming;morpheus
0,ἁλωσόμενος,ἁλίσκομαι,v-sfpe-n-,
1,ἁλώω,ἁλίσκομαι,v1sasa---,lemming;morpheus
1,ἀμαλδῦναι,ἀμαλδύνω,v--ana---,lemming;morpheus
1,ἀμαλδύνηται,ἀμαλδύνω,v3spse---,lemming;morpheus
0,ἀμαλδυνθεῖσα,ἀμαλδύνω,v-sapp-n-,
1,ἀμαλδυνθήσομαι,ἀμαλδύνω,v1sfip---,morpheus
0,ἀμάντεσσι,ἀμάω,v-pppa-d-,
1,ἁμαρτεῖν,ἁμαρτάνω,v--ana---,lemming;morpheus
0,ἁμαρτήσομαι,ἁμαρτάνω,v1sfie---,
1,ἁμαρτήσω,ἁμαρτάνω,v1sfia---,lemming
1,ἁμάρτοιμι,ἁμαρτάνω,v1saoa---,lemming;morpheus
1,ἁμάρτω,ἁμαρτάνω,v1sasa---,lemming;morpheus
0,ἁμαρτών,ἁμαρτάνω,v-sapa-n-,
1,ἀμάρυσσεν,ἀμαρύσσω,v3siia---,lemming;morpheus
0,ἀμασάμην,ἀμάω,v1saie---,
0,ἀμάσας,ἀμάω,v-sapa-n-,
0,ἀμάσομαι,ἀμάω,v1sfie---,
1,ἀμαυρώθην,ἀμαυρόω,v1saip---,lemming;morpheus
1,ἀμαύρωσα,ἀμαυρόω,v1saia---,lemming;morpheus
1,ἀμαυρῶσαι,ἀμαυρόω,v--ana---,lemming;morpheus
0,ἀμαυρώσας,ἀμαυρόω,v-sapa-n-,
1,ἀμαυρώσω,ἀμαυρόω,v1sfia---,lemming;morpheus
0,ἀμβλακών,ἀμπλακίσκω,v-sapa-n-,
1,ἀμβλυνθήσομαι,ἀμβλύνω,v1sfip---,morpheus
0,ἀμβλυνοῦμαι,ἀμβλύνω,v1sfie---,
1,ἀμβλυνῶ,ἀμβλύνω,v1sfia---,morpheus
0,ἀμβλωθῇ,ἁἀμβλόω,v3sasp---,
0,ἀμβλῶναι,ἁἀμβλόω,v--ana---,
0,ἀμενένωσε,ἀμενγνόω,v3saia---,
0,ἄπερδεν,ἀμέρδω,v3siia---,
0,ἀμερξάμεναι,ἀμέργω,v--ana---,
0,δμερσα,ἀμέρδω,v1saia---,
0,ὰ,ἡμερόω,v-sapa-n-,
0,ἀιιυγανήστ,ἀμ ησανάω,v1sfia---,
0,ἀμπλακεῖν,ἀμπλακίσκω,v--ana---,
0,ἄνα,ἀμύόνω,v1saia---,
0,ἄμπυξαι,ἀμύσσω,v1saia---,
0,ἀμφιάσω,ἀμοιάωΗη,v1sfia---,
0,ἀμφιεσθείς,ἀμωιέννομκ,v-sapp-n-,
0,ἀμφιέσομαι,ἀμωιέννομκ,v1sfie---,
0,ἀμφιέσω,ἀμωιέννομκ,v1sfia---,
0,ἀμφισβατέων,ἀμφισβητέω,v-sppa-n-,
1,ἀμφισβητήσω,ἀμφισβητέω,v1sfia---,lemming;morpheus
0,ἀμφῶῦ,ἀμφιέννυμι,v1sfia---,
1,ἀμῷεν,ἀμάω,v3ppoa---,lemming;morpheus
1,ἀμῷμι,ἀμάω,v1spoa---,lemming;morpheus
1,ἀμῷς,ἀμάω,v2spoa---,lemming;morpheus
0,ἀμῴων,ἀμάω,v-sppa-n-,
1,ἀναγκάσω,ἀναγκάζω,v1sfia---,lemming;morpheus
0,ιἀναινόμην,ἀνα ἰνομαι,v1siie---,
0,ιἀναισίμου,ἀναισιμόω,v3siia---,
1,ἀναισίμωνται,ἀναισιμόω,v3prie---,lemming;morpheus
0,ἀναισιμώθη,ἀναισιμόω,v3-aip---,
1,ἀνάλισκον,ἀναλίσκω,v1siia---,lemming;morpheus
1,ἀνάλωσα,ἀναλίσκω,v1saia---,lemming;morpheus
1,ἀναλώσω,ἀναλίσκω,v1sfia---,lemming;morpheus
1,ἀνάξω,ἀνάσσω,v1sfia---,lemming;morpheus
0,ἄναο,ἀνοίγνυμι,v1siia---,
1,ἀνασσέμεν,ἀνάσσω,v--pna---,lemming;morpheus
0,ἀνδάνην,ἁνδάνω,v--pna---,
0,ἀνδραγαθίσασθαι,ἀνδραγαθίζομαι,v--ane---,
0,ἀνδραποδιῶ,ἀνδροποδίζω,v1sfia---,
0,ἀνδρώθην,ἀνδοόω,v1saip---,
1,ἀνέτω,ἄνω,v3spma---,lemming;morpheus
1,ἀνέῳχα,ἀνοίγνυμι,v1sria---,lemming;morpheus
1,ἀνεῴχειν,ἀνοίγνυμι,v1slia---,morpheus
1,ἀνέῳγμαι,ἀνοίγνυμι,v1srie---,lemming;morpheus
1,ἀνεῴγμην,ἀνοίγνυμι,v1slie---,lemming;morpheus
0,ἀνεῴγνυ,ἀνοίγνυμι,v3siia---,
1,ἀνεῳγόμην,ἀνοίγνυμι,v1siie---,lemming;morpheus
1,ἀνέῳγον,ἀνοίγνυμι,v1siia---,lemming;morpheus
1,ἀνέῳξα,ἀνοίγνυμι,v1saia---,lemming;morpheus
0,ἀνεῴξομαι,ἀνοίγνυμι,v1sfie---,
1,ἀνέῳχα,ἀνοίγνυμι,v1sria---,lemming;morpheus
1,ἀνεῴχθην,ἀνοίγνυμι,v1saip---,lemming;morpheus
1,ἀνηκούστησε,ἀνηκουστέω,v3saia---,lemming;morpheus
1,ἀνήλισκον,ἀναλίσκω,v1siia---,lemming;morpheus
1,ἀνήλωκα,ἀναλίσκω,v1sria---,lemming;morpheus
1,ἀνηλώκειν,ἀναλίσκω,v1slia---,morpheus
1,ἀνήλωσα,ἀναλίσκω,v1saia---,lemming;morpheus
0,ἀνηνάμην,ἀναίνομαι,v1saie---,
1,ἀνῃνόμην,ἀναίνομαι,v1siie---,lemming
1,ἀνῃσίμωκας,ἀναισιμόω,v2sria---,lemming
0,ἄνηται,ἄω,v3spse---,
0,ἀνθεῦσα,ἀνθέω,v-sppa-n-,
1,ἄνθησα,ἀνθέω,v1saia---,lemming;morpheus
1,ἀνθίσω,ἀνθίζω,v1sfia---,morpheus
1,ἀνία,ἀνιάω,v2spma---,lemming;morpheus
0,ἀνιάζεσκον,ἀνιάζγω,v1siia---,
1,ἀνιαθήσομαι,ἀνιάω,v1sfip---,lemming;morpheus
1,ἀνίασα,ἀνιάω,v1saia---,morpheus
0,ἀνιάσομαι,ἀνιάω,v1sfie---,
1,ἀνιάσω,ἀνιάω,v1sfia---,lemming;morpheus
0,ἀνιήσεαι,ἀνιάω,v2sfie---,
1,ἀνιῷντο,ἀνιάω,v3ppoe---,lemming;morpheus
1,ἀνοιγήσομαι,ἀνοίγνυμι,v1sfip---,morpheus
1,ἄνοιξα,ἀνοίγνυμι,v1saia---,lemming;morpheus
0,ἀνοίξομαι,ἀνοίγνυμι,v1sfie---,
1,ἄνοις,ἄνω,v2spoa---,lemming;morpheus
1,ἄνοιτο,ἄνω,v3spoe---,lemming;morpheus
0,ἀνοιχθείς,ἀνοίγνυμι,v-sapp-n-,
1,ἀνοιχθῆναι,ἀνοίγνυμι,v--anp---,lemming;morpheus
1,ἀνοιχθήσομαι,ἀνοίγνυμι,v1sfip---,morpheus
0,ἀνόμενον,ἄω,v-sppe-n-,
0,ἄντασς,ἀντάω,v3saia---,
1,ἀντάσω,ἀντάω,v1sfia---,lemming;morpheus
0,ἀντέσθην,ὄντομαι,v3diie---,
1,ἀντήσομεν,ἀντάω,v1pfia---,lemming;morpheus
1,ἀντήτην,ἀντάω,v3diia---,morpheus
0,ἀντιάξω,ἀντιαζ,v1sfia---,
0,ἀντιόων,ἀντιάω,v-sppa-n-,
1,ἀντιοώντων,ἀντιάω,v3ppma---,morpheus
0,ἀντιόωσα,ἀντιάω,v-sppa-n-,
1,ἀντιόῳτο,ἀντιάω,v3spoe---,morpheus
1,ἀντιώθην,ἀντιόομαι,v1saip---,morpheus
0,ἀντιώσεσθαι,ἀντιόομαι,v--fne---,
0,ἀντιώσομαι,ἀντιόομαι,v1sfie---,
0,ἀντλήσας,ἀντλέω,v-sapa-n-,
1,ἀντλήσω,ἀντλέω,v1sfia---,lemming;morpheus
1,ἀντῴη,ἀντάω,v3spoa---,lemming;morpheus
0,ἀντωχύρωσα,ἀντοχυρόω,v1saia---,
0,ἀνυσάμην,ἀνύω,v1saie---,
0,ἀνύσασα,ἀνύω,v-sapa-n-,
0,ἀνύσασθαι,ἀνύω,v--ane---,
1,ἀνύσειε,ἀνύω,v3saoa---,lemming;morpheus
1,ἀνυσθήσομαι,ἀνύω,v1sfip---,lemming;morpheus
1,ἀνύσσαι,ἀνύω,v--ana---,lemming;morpheus
0,ἀνύσσομαι,ἀνύω,v1sfie---,
1,ἀνύσω,ἀνύω,v1sfia---,lemming;morpheus
0,ἄνυται,ἀνύτω,v3spie---,
0,ἄνυτο,ἀνύτω,v3siie---,
1,ἀνῷγμαι,ἀνοίγνυμι,v1srie---,lemming;morpheus
1,ἀνῷγον,ἀνοίγνυμι,v1siia---,lemming;morpheus
0,ἀνωίξαι,ἀνοίγνυμι,v--ana---,
1,ἀνωίχθην,ἀνοίγνυμι,v1saip---,lemming
1,ἀνῷξα,ἀνοίγνυμι,v1saia---,lemming;morpheus
0,ἄξα,ἄττω,v1saia---,
1,ἄξαι,ἄγω,v--ana---,lemming;morpheus
1,ἄξαι,ἄγνυμι,v--ana---,lemming
1,ἄξαιμι,ἄγνυμι,v1saoa---,lemming;morpheus
1,ἄξαις,ἄγνυμι,v2saoa---,lemming;morpheus
0,ἀξάμην,ἄγω,v1saie---,
0,ἄξαντες,ἄττω,v-papa-n-,
0,ἄξας,ἄγω,v-sapa-n-,
0,ἄξας,ἄγνυμι,v-sapa-n-,
0,ἄξας,ἄττω,v-sapa-n-,
0,ἄξασθε,ἄγω,v2pame---,
1,ἄξατε,ἄγω,v2pama---,lemming;morpheus
1,ἄξειαν,ἄγνυμι,v3paoa---,lemming;morpheus
0,ἀξέμενἁ,ἄγω,v--ana---,
0,ἄξεσθε,ἄγω,v2pame---,
0,ἀξιεύμενος,ἀξιόω,v-sppe-n-,
1,ἄξοισι,ἄγω,v3pfia---,morpheus
0,ἄξομαι,ἄγω,v1sfie---,
1,ἄξον,ἄγνυμι,v2sama---,lemming
0,ἄξοντο,ἄγω,v3paie---,
1,ἄξω,ἄγω,v1sfia---,lemming;morpheus
1,ἄξω,ἄγνυμι,v1sfia---,lemming;morpheus
0,ἄξω,ἄττω,v1sfia---,
1,ἄξωσι,ἄγω,v3pasa---,lemming;morpheus
1,ἄξωσι,ἄγνυμι,v3pasa---,lemming;morpheus
1,ἀολλισθήσομαι,ἀολλίζω,v1sfip---,lemming;morpheus
1,ἀολλίσθησαν,ἀολλίζω,v3paip---,lemming;morpheus
1,ἀόλλισσαν,ἀολλίζω,v3paia---,lemming;morpheus
0,ἀολλίσσασα,ἀολλίζω,v-sapa-n-,
0,ἀορτηθείς,ἀορτέω,v-sapp-n-,
0,ἄορτο,αἴρω,v3slie---,
1,ἀοσσῆσαι,ἀοσσέω,v--ana---,lemming;morpheus
0,ἀπάτασα,ἀπατζω,v1saia---,
0,ἀπατηθήσομαι,ἀπατζω,v1sfip---,
0,ἀπατήσομαι,ἀπατζω,v1sfie---,
0,ἀπατήσω,ἀπατζω,v1sfia---,
0,ἀπάφησε,ἀπαοίσκω,v3saia---,
0,ἀπαφήσω,ἀπαοίσκω,v1sfia---,
0,κἀπάφοιτο,ἀπαοίσκω,v3saoe---,
0,κἀπαφών,ἀπαοίσκω,v-sapa-n-,
0,ἀπεδιήτησα,ἀποδιαιτάω,v1saia---,
1,κἀπείλεον,ἀπειλέω,v1siia---,lemming;morpheus
1,ἀπειλήσω,ἀπειλέω,v1sfia---,lemming;morpheus
1,ἀπεχθάνεαι,ἀπεχθάνομαι,v2spie---,lemming;morpheus
0,ἀπεχθήσομαι,ἀπεχθάνομαι,v1sfie---,
1,ἀπήντηκα,ἀπαντάω,v1sria---,lemming;morpheus
0,ἀπηχθανόμη,ἀπεχθάνομαι,v1siie---,
0,ἀπηχθόμην,ἀπεχθάνομαι,v1saie---,
1,ἀπιστηθήσομαι,ἀπιστέω,v1sfip---,lemming;morpheus
0,ἁπλώσας,ἁπλόω,v-sapa-n-,
1,ἅπλωσον,ἁπλόω,v2sama---,lemming;morpheus
1,ἀπόερσε,ἀπόερσε,v3saia---,lemming;morpheus
1,ἀποέρσῃ,ἀπόερσε,v3sasa---,lemming
1,ἀπόερσον,ἀπόερσε,v2sama---,lemming
0,ἀπορηθείς,ἀπορέω,v-sapp-n-,
1,ἀπορηθήσομαι,ἀπορέω,v1sfip---,morpheus
0,ἀπορήσας,ἀπορέω,v-sapa-n-,
0,ἀπορήσομαι,ἀπορέω,v1sfie---,
0,ἄπτεαι,ἅπτω,v2spie---,
1,ἅπτεσθον,ἅπτω,v2dpme---,lemming;morpheus
1,ἁπτέσθω,ἅπτω,v3spme---,lemming;morpheus
1,ἀπύει,ἠπύω,v3spia---,morpheus
1,ἀπύσατε,ἠπύω,v2pama---,morpheus
1,ἀπύσει,ἠπύω,v3sfia---,morpheus
0,ἀπύων,ἠπύω,v-sppa-n-,
0,ἄραι,αἴρω,v--ana---,
0,ἀραίμην,αἴρω,v1saoe---,
0,ἀραιρέατο,αἰρέω,v3plie---,
0,ἀραίρηρεα,αἰρέω,v1sria---,
0,ἀραιργμκώς,αἰρέω,v-sppa-n-,
0,ἀραίρημαι,αἰρέω,v1srie---,
0,ἀραιρημένος,αἰρέω,v-srpe-n-,
0,ἀραίρητο,αἰρέω,v3-lie---,
0,ἄραιτο,αἴρω,v3saoe---,
0,ἀράμενος,αἴρω,v-sape-n-,
1,ἄραξα,ἀράσσω,v1saia---,lemming;morpheus
0,ἀράξας,ἀράσσω,v-sapa-n-,
0,ἀράξεις,ἀράσσω,v3saoa---,
1,ἀράξω,ἀράσσω,v1sfia---,lemming;morpheus
1,ἀραρεῖν,ἀραρίσκω,v--ana---,lemming;morpheus
1,ἀραρέναι,ἀραρίσκω,v--rna---,lemming;morpheus
0,ἀραροίατο,ἀραρίσκω,v3paoe---,
1,ἄραρον,ἀραρίσκω,v1saia---,lemming;morpheus
0,ἀραρυῖα,ἀραρίσκω,v-srpa-n-,
1,ἀράρω,ἀραρίσκω,v1sasa---,lemming;morpheus
0,ἀραρών,ἀραρίσκω,v-sapa-n-,
0,ἀραρώς,ἀραρίσκω,v-srpa-n-,
0,ἄρας,αἴρω,v-sapa-n-,
0,ἀράσαντο,ἀράομαι,v3paie---,
0,ἄρασθαι,αἴρω,v--ane---,
0,ἀράσομαι,ἀράομαι,v1sfie---,
1,ἀράσσεσκον,ἀράσσω,v1siia---,morpheus
0,ἄρατο,αἴρω,v3saie---,
1,ἀράτω,αἴρω,v3sama---,lemming;morpheus
1,ἀράχθην,ἀράσσω,v1saip---,lemming;morpheus
1,ἀργήσω,ἀργέω,v1sfia---,lemming;morpheus
0,ἀργυρωθεῖσαι,ἀργυρόω,v-papp-n-,
0,ἄρδεσχκε,ἄρδω,v3siia---,
0,ἀρδόμενος,ἄρδω,v-sppe-n-,
1,ἄρειας,αἴρω,v2saoa---,lemming;morpheus
1,ἀρέσαι,ἀρέσκω,v--ana---,lemming;morpheus
0,ἀρέσθαι,αἴρω,v--ane---,
0,ἀρεσθείς,ἀρέσκω,v-sapp-n-,
0,ἄρεσσα,ἀρέσκω,v1saia---,
0,ἀρεσσάμενος,ἀρέσκω,v-sape-n-,
0,ἀρεσσάμην,ἀρέσκω,v1saie---,
0,ἀρεσσάσθω,ἀρέσκω,v3same---,
0,ἰἀρέσς,ἀρέσκω,v1sfie---,
1,ἀρέσω,ἀρέσκω,v1sfia---,lemming;morpheus
0,ἄρηαι,αἴρω,,
0,ἀρήμεναι,ἀράομι,v--pna---,
0,ἀρημένος,ἀράω,v-srpe-n-,
1,ἄρηξον,ἀρήγω,v2sama---,morpheus
1,ἀρήξω,ἀρήγω,v1sfia---,lemming;morpheus
1,ἄρηρα,ἀραρίσκω,v1sria---,morpheus
1,ἀρήρειν,ἀραρίσκω,v1slia---,morpheus
1,ἀρήρεκα,ἀρέσκω,v1sria---,lemming
0,ἀρήρεμαι,ἀραρ ίσκω,v1srie---,
0,ἀρηρεμένος,ἀραρ ίσκω,v-srpe-n-,
0,ἄρηρεν,ἀραρ ίσκω,v3saia---,
0,ἀρήρεται,ἀραρ ίσκω,v3srie---,
1,ἀρήρομαι,ἀρόω,v1srie---,morpheus
0,ἀρηρομένος,ἀρόω,v-srpe-n-,
0,ἀρηρυῖα,ἀραρίσκω,v-srpa-n-,
1,ἀρήρω,ἀραρίσκω,v1srsa---,lemming;morpheus
0,ἀρησάιατο,ἀράομαι,v3paoe---,
0,ἀρήσομαι,ἀράομαι,v1sfie---,
0,ἄρηται,αἴρω,,
0,κἄρμοκται,ἁρμόττω,v3srie---,
0,κἄρμοξα,ἁρμόττω,v1saia---,
0,κἀρμόσαμεν,ἁρμόττω,v1paia---,
0,ἁρμόσει,ἁρμόττω,v3sfia---,
0,ἁρμόσειε,ἁρμόττω,v3saoa---,
0,ἀρμόσθαι,ἁρμόττω,v--rne---,
0,ἁρμοσθήσομαι,ἁρμόττω,v1sfip---,
0,κἄρμοσμαι,ἁρμόττω,v1srie---,
0,ἀρμόσω,ἁρμόττω,v1sfia---,
0,ἀρμόχθαι,ἁρμόττω,v--rne---,
0,ἁρμόχθην,ἁρμόττω,v1saip---,
1,ἀρνηθήσομαι,ἀρνέομαι,v1sfip---,lemming
1,ἀρνήσαιο,ἀρνέομαι,v2saoe---,morpheus
1,ἀρνησάσθω,ἀρνέομαι,v3same---,morpheus
1,ἀρνήσομαι,ἀρνέομαι,v1sfie---,morpheus
1,ἄρνυσο,ἄρνυμαι,v2spme---,lemming;morpheus
0,ἄρξατο,ἄρχω,v3saie---,
0,ἄρξομαι,ἄρχω,v1sfie---,
1,ἄρξω,ἄρχω,v1sfia---,lemming;morpheus
0,ἁροίμην,αἴρω,,
1,ἀρόμεναι,ἀρόω,v--pna---,lemming;morpheus
0,ἄρον,αἴρω,v2sama---,
1,ἄροσε,ἀρόω,v3saia---,lemming;morpheus
1,ἀρόσειε,ἀρόω,v3saoa---,lemming;morpheus
0,ἀρόσσἀι,ἀρόω,v--ana---,
0,ἀρόσσὠ,ἀρόω,v1sfia---,
0,ἀροῦμαι,αΐρω,,
1,ἁρόῳς,ἀρόω,v2spsa---,morpheus
1,ἀρόωσι,ἀρόω,v3ppia---,morpheus
0,ἁρπᾷ,ἀρόω,v2sfie---,
0,ἁρπαγήσομαι,ἀρόω,v1sfip---,
0,ἀρπάμενος,ἀρόω,v-sape-n-,
0,ἁρπαξαίμην,ἀρόω,v1saoe---,
0,ἁρπάξας,ἀρόω,v-sapa-n-,
0,ἁρπάξω,ἀρόω,v1sfia---,
0,ἁρπάσαιο,ἀρόω,v2saoe---,
0,ἁρπασθήσομαι,ἀρόω,v1sfip---,
0,ἁρπάσομαι,ἀρόω,v1sfie---,
0,ἁρπάσω,ἀρόω,v1sfia---,
0,ἁρπαχθείς,ἀρόω,v-sapp-n-,
0,ἁρπῶμαι,ἀρόω,v1sfie---,
0,ἑἄρσαςἩ,ἀρόω,v-sapa-n-,
0,ἑἄρσετε,ἀρόω,v2pama---,
0,ἑἄρσῃ,ἄρδω,v3sasa---,
0,ἐἄρσομαι,ἀραρίσκω,v1sfie---,
1,ἄρσω,ἀραρίσκω,v1sfia---,lemming
1,ἀρτέαται,ἀρτάω,v3prie---,morpheus
1,ἀρτῆσαι,ἀρτάω,v--ana---,lemming;morpheus
0,ἀρτῆσας,ἀρτάω,v-sapa-n-,
1,ἀρτήσω,ἀρτάω,v1sfia---,lemming;morpheus
1,ἀρτύνθην,ἀρτύνω,v1saip---,lemming;morpheus
1,ἀρτυνῶ,ἀρτύνω,v1sfia---,lemming;morpheus
1,ἀρτύσω,τεύχω,v1sfia---,lemming;morpheus
0,ἄρυσαι,ἀρύω,v2same---,
0,ἀρυσαίμην,ἀρύω,v1saoe---,
0,ἀρύσασθι,ἀρύω,v--ane---,
0,ἀρυσθείς,ἀρύω,v-sapp-n-,
0,ἀρύσομαιἩ,ἀρύω,v1sfie---,
0,ἀρυτήμενοι,ἀρύτω,v-pppe-n-,
1,ἀρχέμεναι,ἄρχω,v--pna---,lemming;morpheus
1,ἀρχθῆναι,ἄρχω,v--anp---,lemming;morpheus
1,ἀρχθήσομαι,ἄρχω,v1sfip---,lemming;morpheus
1,ἀρῶ,αἴρω,v1sfia---,lemming;morpheus
1,ἄρω,αἴρω,v1sasa---,lemming;morpheus
0,ἄρωμαι,αἴρω,v1sase---,
0,ἀρώμεναι,ἀρόω,v--pna---,
0,ἀρώσω,ἀρόω,v1sfia---,
0,ἄς,ἄδω,v1saia---,
0,ὄσα,ἄω,v1saia---,
0,ὅσα,ἀάω,v1saia---,
1,ἄσαι,ἀάω,v--ana---,lemming
0,ᾶσαι,ἄω,v--ana---,
0,ἄσαι,ἄδω,v--ana---,
0,ἄσα,ἀσάω,v2spoe---,
0,ἀσάμενοι,ἀσάω,v-pppe-n-,
0,ἀσάμην,ἄω,v1saie---,
0,ἀσάμην,ἀάω,v1saie---,
0,ἄσασθαι,ἄω,v--ane---,
1,ἀσᾶται,ἀσάω,v3spie---,lemming;morpheus
0,ἄσε,ἀά,v3saia---,
1,ἀσελγᾶναι,ἀσελγαίνω,v--ana---,lemming
1,ἀσελγανῶ,ἀσελγαίνω,v1sfia---,lemming;morpheus
0,ἀσεῦμαι,ἄδω,v1sfie---,
0,ἀσῇ,ἄδω,v2sfie---,
1,ἀσηθείη,ἀσάω,v3saop---,lemming;morpheus
0,ἀσηθῆς,ἀσάω,v2sasp---,
0,ἀσῆσει,ἀσάω,v2sfie---,
0,ἀσθείς,ἄδω,v-sapp-n-,
1,ἀσκαριῶ,ἀσκαρίζω,v1sfia---,lemming;morpheus
0,ἀσκήσεαι,ἀσκέω,v2sfie---,
1,ἀσκήσω,ἀσκέω,v1sfia---,lemming;morpheus
0,ἄσομαι,ἄδω,v1sfie---,
0,ἀστράψωυ,ἀστράπτω,v1sfia---,
0,ἀσφαλιοῦμαι,ἀσφαλίζω,v1sfie---,
0,ἀσχάα,ἀσχαλάω,v2spma---,
1,ἀσχαλάαν,ἀσχαλάω,v--pna---,lemming;morpheus
1,ἀσχαλεῖ,ἀσχαλάω,v3sfia---,lemming
0,ἀσχαλόων,ι,v-sppa-n-,
0,ἀσχαλόωσι,ι,v3ppia---,
0,αὐγασθεῖσα,αὐγάζω,v-sapp-n-,
1,αὐγάσω,αὐγάζω,v1sfia---,lemming;morpheus
0,αὐδαθείς,αὐδάω,v-sapp-n-,
0,αὐδάξω,αὐδάζω,v1sfia---,
1,αὔδασα,αὐδάω,v1saia---,morpheus
0,αὐδάσομαι,αὐδάω,v1sfie---,
1,αὔδασον,αὐδάω,v2sama---,morpheus
1,αὐδασοῦντι,αὐδάω,v3pfia---,morpheus
0,αὐδαχθεῖσα,αὐδάζω,v-sapp-n-,
0,αὐδηθείς,αὐδάω,v-sapp-n-,
1,αὐδηθήσομαι,αὐδάω,v1sfip---,lemming;morpheus
0,αὐδήσας,αὐδάω,v-sapa-n-,
0,αὐδήσομαι,αὐδάω,v1sfie---,
1,αὐδήσω,αὐδάω,v1sfia---,lemming;morpheus
1,αὐδήτην,αὐδάω,v3diia---,morpheus
0,αὐδῴωνται,αὐδάω,v3ppie---,
1,αὐέρυον,αὐερύω,v1siia---,lemming;morpheus
0,αὐέρυσα,αὐερύω,v1-aia---,
1,αὔηνα,αὐαίνω,v1saia---,lemming;morpheus
1,αὐῆναι,αὐαίνω,v--ana---,lemming;morpheus
0,αὐήνας,αὐαίνω,v-sapa-n-,
1,αὔηνον,αὐαίνω,v2sama---,lemming;morpheus
0,αὐλακισμέναν,αὐλακίζω,v-srpe-a-,
1,αὔλησα,αὐλέω,v1saia---,lemming;morpheus
1,αὐλησεῦντι,αὐλέω,v3pfia---,morpheus
1,αὐλισθήσεται,αὐλίζομαι,v3sfip---,lemming;morpheus
1,αὐξανόμην,αὐξάνω,v1siie---,lemming;morpheus
1,αὐξανῶ,αὐξάνω,v1sfia---,lemming
1,αὖξε,αὐξάνω,v2spma---,lemming;morpheus
1,αὐξηθήσομαι,αὐξάνω,v1sfip---,lemming;morpheus
0,αὔξημαι,αὐξάνω,v1srie---,
0,αὐξήσομαι,αὐξάνω,v1sfie---,
1,αὐξήσω,αὐξάνω,v1sfia---,lemming;morpheus
0,αὐξυνθείς,αὐξάνω,v-sapp-n-,
0,ἀῦσαι,αῷὦ,v--ana---,
0,ἀύσας,αῷὦ,v-sapa-n-,
1,ἄυσεν,αὔω,v3saia---,morpheus
1,ἀύσῃς,αὔω,v2sasa---,morpheus
1,ἀύσω,αὔω,v1sfia---,morpheus
1,ἀύτει,ἀυτέω,v3siia---,morpheus
1,ἀυτεῖ,ἀυτέω,v3spia---,morpheus
1,ἀύτευν,ἀυτέω,v3piia---,morpheus
1,αὐχήσω,αὐχέω,v1sfia---,lemming;morpheus
1,αὐχμήσῃ,αὐχμάω,v3sasa---,morpheus
0,αὐχμῴοντα,αὐχμάω,v-sppa-a-,
0,ἀφανισθεῖσαν,ἀφανζω,v-sapp-a-,
0,ἀφανιῶ,ἀφανζω,v1sfia---,
1,ἄφασον,ἀφάσσω,v2sama---,morpheus
0,ἁφῆναι,ἄπτω,v--anp---,
0,ἀφήσατο,ἀφάω,v3saie---,
0,ἀφθύήσομαι,ἅπτω,v1sfip---,
0,ἀφόων,ἀφάω,v-sppa-n-,
0,ἀφόωντο,ἀφάω,v3piie---,
1,ἄφρεον,ἀφρέω,v1siia---,lemming;morpheus
1,ἀφύξω,ἀφύσσω,v1sfia---,lemming;morpheus
1,ἄφυσα,ἀφύσσω,v1saia---,morpheus
0,ἀφύσσατο,ἀφύσσω,v3saie---,
1,ἄφυσσον,ἀφύσσω,v1siia---,lemming;morpheus
1,ἄφυσσον,ἀφύσσω,v2sama---,lemming;morpheus
1,ἄχει,ἠχέω,v3siia---,morpheus
1,ἄχει,ἠχέω,v2spma---,morpheus
1,ἀχεῦσι,ἠχέω,v3ppia---,morpheus
0,ἀχεύων,εἰμί,,
1,ἀχήσῃ,ἠχέω,v3sasa---,morpheus
0,ἀχθείς,ἄγω,v-sapp-n-,
1,ἀχθεσθήσομαι,ἄχθομαι,v1sfip---,morpheus
0,ἀχθέσομαι,ἄχθομαι,v1sfie---,
0,ἄχθην,ὄγω,v1saip---,
0,ἀχθήσομαι,ὄγω,v1sfip---,
0,ἄχνυτο,εἰμί,,
1,ἀχοῦσι,ἠχέω,v3ppia---,morpheus
1,ἅψαι,ἅπτω,v--ana---,lemming;morpheus
0,ἅψαντο,ἅπτω,v3paie---,
0,ἅψαο,ἅπτω,v2saie---,
0,ἅψας,ἅπτω,v-sapa-n-,
0,ἀψάσθην,ἅπτω,v3daie---,
0,ἅψομαι,ἅπτω,v1sfie---,
1,ἅψω,ἅπτω,v1sfia---,lemming;morpheus
0,ἄωρτο,αἴρω,v3slie---,
1,ἀωτεῖτε,ἀωτέω,v2ppma---,lemming;morpheus
1,βαβάξαι,βαβάζω,v--ana---,lemming;morpheus
0,βαδιοῦμαι,βαδίζω,v1sfie---,
1,βαδίσω,βαδίζω,v1sfia---,morpheus
0,βαθήσομαι,βαίνω,v1sfip---,
1,βᾶθι,βαίνω,v2sama---,lemming;morpheus
0,βαθύνας,βαθύνω,v-sapa-n-,
0,βαθυνθέντες,βαθύνω,v-papp-n-,
1,βαῖεν,βαίνω,v3paoa---,lemming;morpheus
1,βαίην,βαίνω,v1saoa---,lemming;morpheus
1,βαῖμεν,βαίνω,v1paoa---,lemming;morpheus
1,βαινέμεν,βαίνω,v--pna---,lemming;morpheus
1,βαίνεσκον,βαίνω,v1siia---,morpheus
1,βαῖτε,βαίνω,v2paoa---,lemming;morpheus
0,βάλαι,βάλλω,v--ana---,
1,βάλε,βάλλω,v2sama---,lemming;morpheus
1,βαλέει,βάλλω,v3sfia---,lemming;morpheus
1,βαλεῖν,βάλλω,v--ana---,lemming;morpheus
0,βαλείς,βάλλω,v-sapp-n-,
0,βάλεο,βάλλω,v2same---,
0,βαλέομαι,βάλλω,v1sfie---,
0,βαλέσθαι,βάλλω,v--ane---,
0,βάλεσχκε,βάλλω,v3saia---,
1,βαλέτω,βάλλω,v3sama---,lemming;morpheus
0,βάλευ,βάλλω,v2same---,
1,βαλέω,βάλλω,v1sfia---,lemming;morpheus
1,βάληαι,βάλλω,v2sase---,morpheus
1,βάλῃσθα,βάλλω,v2sasa---,lemming;morpheus
1,βαλλέσκετο,βάλλω,v3siie---,morpheus
1,βάλλευ,βάλλω,v2spme---,lemming;morpheus
1,βαλλήσω,βάλλω,v1sfia---,lemming;morpheus
1,βαλλόμην,βάλλω,v1siie---,lemming;morpheus
0,θάν,βαίνω,v-sapa-n-,
0,δ,βαίνω,v3paia---,
1,βάντων,βαίνω,v3pama---,lemming;morpheus
1,βάξω,βάζω,v1sfia---,morpheus
1,βαρήσω,βαρέω,v1sfia---,lemming;morpheus
1,βάρυνθεν,βαρύνω,v3paip---,lemming;morpheus
1,βαρυνθήσομαι,βαρύνω,v1sfip---,morpheus
0,βαρυῶ,βαρύνω,v1sfia---,
0,βάς,θχίνω,v-sapa-n-,
0,βᾶσα,θχίνω,v-sapa-n-,
0,βάσαν,θχίνω,v3paia---,
0,βασανισθησόμενοι,βασανίζω,v-pfpp-n-,
0,βασανίψζω,βασανίζω,v1sasa---,
1,βασανιῶ,βασανίζω,v1sfia---,lemming;morpheus
0,βασεῦμαι,βαίνω,v1sfie---,
1,βασκανῶ,βασκαίνω,v1sfia---,lemming;morpheus
0,βάσομεν,βαίνω,v1pfia---,
1,βασσαρήσω,βασσαρέω,v1sfia---,lemming
0,βασταγῆναι,βαστάζω,v--anp---,
0,βαστάσας,βαστάζω,v-sapa-n-,
1,βαστάσω,βαστάζω,v1sfia---,lemming;morpheus
1,βασταχθήσομαι,βαστάζω,v1sfip---,lemming;morpheus
0,βάσω,βαστάζω,v1sfia---,
0,ἐβᾶτε,βαστάζω,v2pama---,
0,ἐβατεῦνται,βατέω,v3ppie---,
1,βάτην,βαίνω,v3daia---,morpheus
0,ἐβάτω,βαίνω,v3sama---,
1,βαύξω,βαύζω,v1sfia---,morpheus
0,βαύξας,βαύζω,v-sapa-n-,
0,βαφίθἐίς,βάπτω,v-sapp-n-,
0,βαφίθῆναι,βάπτω,v--anp---,
1,βαφθείην,βάπτω,v1saop---,lemming;morpheus
0,βαφίθήσομαι,βάπτω,v1sfip---,
1,βάψαι,βάπτω,v--ana---,lemming;morpheus
0,βάψαι,βάπτω,v2same---,
0,βαψάμενος,βάπτω,v-sape-n-,
0,βάψας,βάπτω,v-sapa-n-,
0,βάψασθαι,βάπτω,v--ane---,
0,βαψάσθω,βάπτω,v3same---,
1,βαψάτω,βάπτω,v3sama---,lemming;morpheus
0,βάψομαι,βάπτω,v1sfie---,
1,βάψον,βάπτω,v2sama---,lemming;morpheus
1,βάψω,βάπτω,v1sfia---,lemming;morpheus
0,βάψων,βάπτω,v-sfpa-n-,
0,βδάλας,βδάλλω,v-sapa-n-,
1,βδαλῶ,βδάλλω,v1sfia---,morpheus
0,βδελύξομαι,βδελύττομαι,v1sfie---,
0,βδελύξω,βδελύττομαι,v1sfia---,
0,βδελυχθείς,βδελύττομαι,v-sapp-n-,
1,βδέσα,βδέω,v1saia---,lemming
0,βδήλαιο,βδάλλω,v2saoe---,
1,βεβάασι,βαίνω,v3pria---,lemming;morpheus
0,βεβάδυκα,βαδίζω,v1sria---,
1,βέβαθι,βαίνω,v2srma---,lemming
1,βεβάθυμμαι,βαθύνω,v1srie---,morpheus
1,βεβάθυστο,βαθύνω,v3slie---,lemming
0,βεβαῖεν,βαίνω,v3ppoa---,
0,βεβαίημεν,βαίνω,v1proa---,
1,βέβακα,βαίνω,v1sria---,lemming;morpheus
1,βέβακται,βάζω,v3srie---,lemming;morpheus
0,βεβαλάνωχε,βαλανόω,v3sria---,
1,βέβαμαι,βαίνω,v1srie---,lemming;morpheus
1,βέβαμεν,βαίνω,v1pria---,lemming;morpheus
1,βέβαμμαι,βάπτω,v1srie---,lemming;morpheus
1,βεβάναι,βαίνω,v--rna---,morpheus
1,βέβαπται,βάπτω,v3srie---,lemming;morpheus
1,βεβαπτίσθαι,βαπτίζω,v--rne---,morpheus
1,βεβάρυμμαι,βαρύνω,v1srie---,lemming;morpheus
1,βέβασαν,βαίνω,v3plia---,lemming;morpheus
1,βεβασάνισμαι,βασανίζω,v1srie---,lemming;morpheus
1,βεβᾶσι,βαίνω,v3pria---,lemming;morpheus
0,βέβασμαι,βαίνω,v1srie---,
1,βεβάσταγμαι,βαστάζω,v1srie---,lemming;morpheus
1,βεβάφθαι,βάπτω,v--rne---,lemming;morpheus
0,βεβαώς,βαίνω,v-srpa-n-,
1,βέβηκα,βαίνω,v1sria---,lemming;morpheus
1,βεβήκειν,βαίνω,v1slia---,morpheus
0,βεβηκώς,βαίνω,v-srpa-n-,
1,βεβίασμαι,βιάζω,v1srie---,lemming;morpheus
1,βεβίβασται,βιβάζω,v3srie---,lemming
1,βεβίηκεν,βιάω,v3sria---,lemming;morpheus
1,βεβίημαι,βιάω,v1srie---,lemming;morpheus
1,βεβίωκα,βιόω,v1sria---,lemming;morpheus
0,βεβιωμένα,βιόω,v-prpe-n-,
1,βεβλαίσωται,βλαισόομαι,v3srie---,morpheus
1,βέβλαμμαι,βλάπτω,v1srie---,lemming;morpheus
0,θεβλαμμένος,βλάπτω,v-srpe-n-,
0,β,βλαστάνω,v1sria---,
1,βεβλασφήμηκα,βλασφημέω,v1sria---,lemming;morpheus
1,βέβλαφα,βλάπτω,v1sria---,lemming;morpheus
1,βεβλάψομαι,βλάπτω,v1stie---,lemming;morpheus
0,βέβλεμμαι,βλάπτω,v1srie---,
0,βέβλεφα,βλάπτω,v1sria---,
1,βέβληκα,βάλλω,v1sria---,lemming;morpheus
1,βέβλημαι,βάλλω,v1srie---,lemming;morpheus
0,βεβλημένος,βάλλω,v-srpe-n-,
1,βέβληνται,βάλλω,v3prie---,lemming;morpheus
1,βεβλῆσθαι,βάλλω,v--rne---,lemming;morpheus
0,βεβλῇσθε,βάλλω,v2ppoe---,
0,βεβλήσομαι,βάλλω,v1stie---,
1,ἐβέβλητο,βάλλω,v3slie---,lemming;morpheus
0,βέβλοφα,βλέπω,v1sria---,
0,βεβοηθημένη,βοηθέω,v-srpe-n-,
0,βεβόηα,βοάω,v1sria---,
0,ἡ,βάλλω,,
0,ἐβεβόλημαι,βάλλω,,
0,ἐβεβολημένος,βάλλω,,
1,βεβόσκηκα,βόσκω,v1sria---,lemming
0,ἐβεβούλευκα,βουλεύω,v1sria---,
1,βεβούλευμαι,βουλεύω,v1srie---,lemming;morpheus
1,βεβούλημαι,βούλομαι,v1srie---,lemming;morpheus
1,βέβρασμαι,βράζω,v1srie---,lemming
1,βέβρεγμαι,βρέχω,v1srie---,lemming;morpheus
1,βέβριθα,βρίθω,v1sria---,lemming;morpheus
1,ἐβεβρίθει,βρίθω,v3slia---,lemming;morpheus
0,βεβροτωμένα,βροτόομαι,v-prpe-n-,
0,ἐβέβροχα,βρόχω,v1sria---,
1,βέβρυχα,βρυχάομαι,v1sria---,lemming;morpheus
1,βεβρώθοις,βιβρώσκω,v2sroa---,lemming;morpheus
1,βεβρώσομαι,βιβρώσκω,v1stie---,lemming;morpheus
1,βεβυλλῶσθαι,βυλλόω,v--rne---,morpheus
1,βέβυσμαι,βύω,v1srie---,lemming;morpheus
0,βεβυσμένος,βύω,v-srpe-n-,
1,ἐβέβυστο,βύω,v3slie---,lemming;morpheus
0,βεβωλασμένα,βωλάζω,v-prpe-n-,
0,βεβωμένος,βοάω,v-srpe-n-,
0,βεβώς,βαίνω,v-srpa-n-,
1,βεβῶσι,βαίνω,v3prsa---,lemming
0,ἐβέῃ,βίόω,,
0,ββέῃ,βαίνω,v2sase---,
0,ἐβείομεν,βαίνω,v1pasa---,
0,ἐβέω,βαίνω,v1sasa---,
0,κββέωμεν,βαίνω,v1pasa---,
1,βῆ,βαίνω,v3saia---,lemming;morpheus
1,βῇ,βαίνω,v3sasa---,lemming;morpheus
1,βῆθι,βαίνω,v2sama---,lemming;morpheus
0,βῇμεν,βαίνω,v1paia---,
1,βῆναι,βαίνω,v--ana---,lemming;morpheus
1,βῆσαν,βαίνω,v3paia---,lemming;morpheus
0,βήσας,βαίνω,v-sapa-n-,
0,βήσασθαι,βαίνω,v--ane---,
0,βήσατο,βαίνω,v3saie---,
1,βησάτω,βαίνω,v3sama---,lemming;morpheus
1,βῆσε,βαίνω,v3saia---,lemming;morpheus
0,βήσεαι,βαίνω,v2sfie---,
1,βήσειν,βαίνω,v--fna---,lemming;morpheus
0,βήσεο,βαίνω,v2same---,
0,βήσεσθαι,βαίνω,v--fne---,
0,βήσομαι,βαίνω,v1sfie---,
1,βήσομεν,βαίνω,v1pasa---,lemming;morpheus
0,βησόμενος,βαίνω,v-sfpe-n-,
1,βήσω,βαίνω,v1sfia---,lemming;morpheus
1,βῆτε,βαίνω,v2pasa---,lemming;morpheus
1,βήτην,βαίνω,v3daia---,lemming;morpheus
1,βήτω,βαίνω,v3sama---,lemming;morpheus
0,νῇω,βαίνω,v1sasa---,
0,βιασάμενος,βιάζω,v-sape-n-,
0,β,βιάζω,v--ane---,
0,βιασθείς,βιάζω,v-sapp-n-,
1,βιασθήσομαι,βιάζω,v1sfip---,lemming;morpheus
1,βιασθῶσι,βιάζω,v3pasp---,lemming;morpheus
0,βιβᾷ,βιβάζω,,
0,βιβάντα,ον βίβημι,v-sppa-a-,
0,βιβάς,ον βίβημι,v-sppa-n-,
0,βιβασθείς,ον βίβημι,v-sapp-n-,
0,βιβασθήσομαι,ον βίβημι,v1sfip---,
0,βιβάσομαι,ον βίβημι,v1sfie---,
0,βιβάσοντες,ον βίβημι,v-pfpa-n-,
0,βιβάσω,ον βίβημι,v1sfia---,
0,βιβῶμαι,ον βίβημι,v1sfie---,
0,βιβῶσα,σΓΠὲ  π,v-sppa-n-,
0,ιβιεῦντες,βιόω,v-pppa-n-,
0,βιηθείς,βιάω,v-sapp-n-,
0,β,βιάω,v3saie---,
0,βιήσεται,βιάω,v3sase---,
1,βινοίην,βινέω,v1spoa---,lemming;morpheus
1,βιοῖεν,βιόω,v3paoa---,morpheus
1,βιοίη,βιόω,v3saoa---,lemming;morpheus
0,βιόν,βιόω,v-sapa-n-,
1,βιόωνται,βιάω,v3ppie---,morpheus
1,βιῶ,βιόω,v1spsa---,lemming;morpheus
1,βιῷ,βιόω,v3spsa---,lemming
1,βιῴατο,βιάω,v3ppoe---,lemming;morpheus
1,βιῴην,βιόω,v1saoa---,morpheus
1,βιωθήσομαι,βιόω,v1sfip---,lemming;morpheus
1,βίωθι,βιόω,v2sama---,morpheus
1,βιῶναι,βιόω,v--ana---,lemming;morpheus
0,βιωόμενος,βιάω,v-sppe-n-,
1,βιῶσαι,βιόω,v--ana---,lemming;morpheus
1,βιωσέμεν,βιόω,v--fna---,lemming;morpheus
1,βιῶσι,βιόω,v3pasa---,morpheus
0,βιώσομαι,βιόω,v1sfie---,
1,βοάσθω,βοάω,v3spme---,lemming;morpheus
0,βοῆσας,βοάω,v-sapa-n-,
0,βόλεσθε,βούλομαι,,
0,βόλεται,βούλομαι,,
0,βοληθείς,βάλλω,,
0,βοόων,βοάω,v-sppa-n-,
1,βοόωσι,βοάω,v3ppia---,morpheus
1,βοσκέσκοντο,βόσκω,v3piie---,morpheus
0,βοσκήσω,βόσκω,v2-fia---,
0,βοτείων,βόσκω,v-sppa-n-,
1,βουκολιαξεῦμαι,βουκολιάζομαι,v1sfie---,morpheus
1,βούλει,βούλομαι,v2spie---,lemming;morpheus
1,βούλεο,βούλομαι,v2spme---,lemming;morpheus
1,βουλευέμεν,βουλεύω,v--pna---,lemming;morpheus
1,βουλεύευ,βουλεύω,v2spme---,lemming;morpheus
1,βουλεύῃσθα,βουλεύω,v2spsa---,lemming;morpheus
0,βούλευσαι,βουλεύω,v2same---,
1,βουλεῦσαι,βουλεύω,v--ana---,lemming;morpheus
0,βουλεύσατο,βουλεύω,v3saie---,
1,βουλευσέμεν,βουλεύω,v--fna---,lemming;morpheus
0,βουλεύσομαι,βουλεύω,v1sfie---,
1,βούληαι,βούλομαι,v2spse---,lemming;morpheus
0,βουληθείς,βούλομαι,v-sapp-n-,
1,βουληθήσομαι,βούλομαι,v1sfip---,lemming;morpheus
0,βουλήσομαι,βούλομαι,v1sfie---,
1,βουλόμην,βούλομαι,v1siie---,lemming;morpheus
1,βοῴην,βοάω,v1spoa---,lemming;morpheus
0,βοώμενος,βοάω,v-sppe-n-,
0,βόων,βοάω,v-sppa-n-,
1,βραβευθῆναι,βραβεύω,v--anp---,lemming;morpheus
1,βραβευθήσεται,βραβεύω,v3sfip---,lemming;morpheus
1,βραβεύσειν,βραβεύω,v--fna---,lemming;morpheus
1,βραδυνῶ,βραδύνω,v1sfia---,lemming;morpheus
1,βράχε,βραχεῖν,v3saia---,morpheus
0,βραχείς,βρέχω,v-sapp-n-,
0,βρίζων,βροίζω,v-sppa-n-,
1,βρίθῃσι,βρίθω,v3spsa---,lemming;morpheus
0,βριμήσαιο,βριμόομαι,v2saoe---,
0,εβριμώμενοι,βριμόομαι,v-pppe-n-,
1,βρίξον,βρίζω,v2sama---,lemming;morpheus
0,ββρῖσα,βροίθω,v1saia---,
0,βρίσαντες,βροίθω,v-papa-n-,
0,βρισέμεν,βροίθω,v--fna---,
0,βρίσῃ,βροίθω,v3sasa---,
0,βρισθείς,βρίζω,v-sapp-n-,
1,βρίσω,βρίθω,v1sfia---,lemming;morpheus
1,βρομέει,βρομέω,v3spia---,lemming;morpheus
0,βροντήσαντος,βροντάω,v-sapa-g-,
0,βρόντησε,ιν,v3saia---,
1,βρόξαι,βρόχω,v--ana---,morpheus
0,βρόξασα,βρόχω,v-sapa-n-,
1,βρόξειε,βρόχω,v3saoa---,morpheus
1,βρόξῃ,βρόχω,v3sasa---,morpheus
0,βροχέν,βρόχω,v-sapp-n-,
0,βροχθείς,βρόχω,v-sapp-n-,
0,βρυάσομαι,βρυάζω,v1sfie---,
0,βρυχηθείς,βρυχάομαι,v-sapp-n-,
1,βρυχήσομαι,βρυχάομαι,v1sfie---,morpheus
0,βρωθῆναι,βρυχάομαι,v--anp---,
0,βρωθήσομαι,βρυχάομαι,v1sfip---,
0,βρῶξαι,βρυχάομαι,v--ana---,
0,βύσας,βύω,v-sapa-n-,
1,βῦσον,βύω,v2sama---,lemming;morpheus
1,βύσω,βύω,v1sfia---,lemming;morpheus
1,βῶ,βαίνω,v1sasa---,lemming;morpheus
0,ἐβῶ,βοάω,v2spma---,
0,ἐβωθέοντες,βοηθέω,v-pppa-n-,
1,βῶμεν,βαίνω,v1pasa---,lemming;morpheus
0,σαι,βοάω,v--ana---,
0,ἐβώσεσθε,βιόω,v2pfie---,
1,βῶσι,βαίνω,v3pasa---,lemming;morpheus
1,βῶσον,βοάω,v2sama---,morpheus
0,γαθεῦσα,γηθέω,v-sppa-n-,
0,γάθησα,γηθέω,v1saia---,
0,γαμεθεῖσα,γαμέω,v-sapp-n-,
0,γαμέσσεται,γαμέω,v3sfie---,
1,γαμέω,γαμέω,v1spia---,lemming;morpheus
1,γαμηθήσομαι,γαμέω,v1sfip---,lemming;morpheus
0,γαμήσομαι,γαμέω,v1sfie---,
1,γαμήσω,γαμέω,v1sfia---,lemming
0,γανάοντες,γανόω,v-pppa-n-,
0,γανόωσαι,γανόω,v-pppa-n-,
0,γανύσσεται,γάνυμαι,v3sfie---,
0,γανώσας,γανόω,v-sapa-n-,
1,γαρυέμεν,γηρύω,v--pna---,morpheus
0,γαρύσαιντο,γηρύω,v3paoe---,
0,γαρύσομαι,γηρύω,v1sfie---,
0,γέγλυμμαι,γηρύω,v1srie---,
0,γεγλωσσαμένος,γηρύω,v-srpe-n-,
0,γεγόμφωται,γηρύω,v3srie---,
0,γεγομωμένη,γηρύω,v-srpe-n-,
0,γέγοναν,γηρύω,v3pria---,
0,γεγόνασι,γηρύω,v3pria---,
0,γεγονέναι,γηρύω,v--rna---,
0,γεγόνῃ,γηρύω,v3srsa---,
0,γέγραμμαι,γηρύω,v1srie---,
0,γεγραμμένος,γηρύω,v-srpe-n-,
0,γέγραπτο,γηρύω,v3slie---,
0,γέγραφα,γηρύω,v1sria---,
0,γεγράφαται,γηρύω,v3pria---,
0,γεγράφηκα,γηρύω,v1sria---,
0,γεγράφημαι,γηρύω,v1srie---,
0,γέγραφθε,γηρύω,v2prie---,
0,γεγράφθω,γηρύω,v3srme---,
0,γέγραψο,γηρύω,v2slie---,
0,γεγράψομαι,γηρύω,v1stie---,
1,γεγύμνακα,γυμνάζω,v1sria---,lemming;morpheus
1,γεγύμνασμαι,γυμνάζω,v1srie---,lemming;morpheus
0,γέγωνα,γέγωνα,,
0,γεγώς,γίγνομαι,v-srpa-n-,
0,γεγῶσα,γίγνομαι,v-srpa-n-,
0,γεινάμενοι,γείνομαι,v-pape-n-,
0,γε,γείνομαι,v3same---,
0,γε,γείνομαι,v3saie---,
0,γείνεαι,γείνομαι,v2spse---,
1,γεινόμεθα,γείνομαι,v1piie---,lemming;morpheus
0,γείνωνται,γείνομαι,v3pase---,
0,γελάῃ,γειτνιάω,v3spsa---,
0,γέλαν,γειτνιάω,v3paia---,
0,κγελάξας,γειτνιάω,v-sapa-n-,
0,κγελᾶσχ,γειτνιάω,v-sppa-n-,
0,γελάσαι,γειτνιάω,v--ana---,
0,γελάσας,γειτνιάω,v-sapa-n-,
0,γελάσασα,γειτνιάω,v-sapa-n-,
0,γελασθῆναι,γειτνιάω,v--anp---,
0,γελασθήσομαι,γειτνιάω,v1sfip---,
0,γελάσομαι,γειτνιάω,v1sfie---,
0,κγέλασσαν,γειτνιάω,v3paia---,
0,μγέλασσε,γειτνιάω,v3saia---,
0,γελάσω,γειτνιάω,v1sfia---,
0,γελεῦσα,γειτνιάω,v-sppa-n-,
0,ἐγελῇ,γειτνιάω,v3spia---,
0,ἐγελοιήσασα,γειτνιάω,v-sapa-n-,
0,κγελοίων,γειτνιάω,v3piia---,
0,ἐγελοίωντες,γειτνιάω,v-pppa-n-,
0,γελῶντι,γειτνιάω,v3ppia---,
0,γελώντων,γειτνιάω,v3ppma---,
0,γελώοντες,γειτνιάω,v-pppa-n-,
0,γεμίσας,γεμίζω,v-sapa-n-,
0,γεμισθείς,γεμίζω,v-sapp-n-,
1,γεμίσω,γεμίζω,v1sfia---,morpheus
0,γενειήσαντα,γενειάω,v-sapa-a-,
0,γενειῶν,γενειάω,v-sppa-n-,
0,γενέσθαι,γίγνομαι,v--ane---,
0,ἐγενέσκετο,γίγνομαι,v3saie---,
0,γενέσκοντο,γίγνομαι,v3paie---,
0,ἱγένευ,γίγνομαι,v2saie---,
0,ἐγενεῦ,γίγνομαι,v2same---,
1,γενηθήσομαι,γίγνομαι,v1sfip---,lemming;morpheus
0,γενήσεσθαι,γίγνομαι,v--fne---,
0,γενήσομαι,γίγνομαι,v1sfie---,
0,γενησόμενος,γίγνομαι,v-sfpe-n-,
0,γένηται,γίγνομαι,v3sase---,
1,γέννα,γεννάω,v2spma---,lemming;morpheus
1,γεννάσω,γεννάω,v1sfia---,morpheus
0,γέννατο,γεννάω,v3saie---,
1,γεννηθήσομαι,γεννάω,v1sfip---,lemming;morpheus
0,γεννήσας,γεννάω,v-sapa-n-,
1,γεννήσῃ,γεννάω,v3sasa---,lemming;morpheus
0,γεννήσομαι,γεννάω,v1sfie---,
1,γεννήσω,γεννάω,v1sfia---,lemming;morpheus
0,γεννώμενον,γεννάω,v-sppe-n-,
0,γεννῶν,γεννάω,v-sppa-n-,
1,γεννῶσι,γεννάω,v3ppsa---,lemming;morpheus
0,γενοίμην,γίγνομαι,v1saoe---,
0,γένοιντο,γίγνομαι,v3paoe---,
0,γένοιο,γίγνομαι,v2saoe---,
0,γένοιτο,γίγνομαι,v3saoe---,
0,γενόμην,γίγνομαι,v1saie---,
1,γέντο,γίγνομαι,v3saie---,morpheus
1,γεραίρεν,γεραίρω,v--pna---,morpheus
1,γέραιρον,γεραίρω,v1siia---,lemming;morpheus
0,γεραρῶ,γεραίρω,v1-fia---,
1,γέρηρα,γεραίρω,v1saia---,lemming;morpheus
0,γεροντεύσας,γεροντεύω,v-sapa-n-,
0,γεύμεθα,γεύω,v1prie---,
0,γευσαίατο,γεύω,v3paoe---,
0,γεύσας,γεύω,v-sapa-n-,
0,γεύσεσθαι,γεύω,v--fne---,
0,γεύσεται,γεύω,v3sase---,
0,γεύσομαι,γεύω,v1sfie---,
0,γευσόμεθα,γεύω,v1pase---,
1,γεύσω,γεύω,v1sfia---,lemming;morpheus
1,γεφύρωσεν,γεφυρόω,v3saia---,lemming;morpheus
0,γεωργηθησομένης,γεωργέω,v-sfpp-g-,
0,γήθηαι,γηθέω,v1saia---,
0,γηθήῆσας,γηθέω,v-sapa-n-,
1,γηθήσει,γηθέω,v3sfia---,lemming;morpheus
1,γηθήσειε,γηθέω,v3saoa---,lemming;morpheus
1,γῆμαι,γαμέω,v--ana---,lemming;morpheus
0,γήμας,γαμέω,v-sapa-n-,
0,γήματο,γαμέω,v3saie---,
0,γηραθείς,γηράσκὠ,v-sapp-n-,
0,γηράναι,γηράσκὠ,v--ana---,
0,γηράντεσσι,γηράσκὠ,v-papa-d-,
0,γνώσασθαι,γιγνώσχω,v--ane---,
0,γνώσει,γιγνώσχω,v2sfie---,
0,γνωσεῖται,γιγνώσχω,v3sfie---,
0,γνωσθθήσομαι,γιγνώσχω,v1sfip---,
0,γνῶσι,γιγνώσχω,v3pasa---,
0,γνωσοίατο,γιγνώσχω,v3pfoe---,
0,γνώσομαι,γιγνώσχω,v1sfie---,
0,γνώσω,γιγνώσχω,v1sfia---,
0,γνῶτε,γιγνώσχω,v2pama---,
0,γνώτην,γιγνώσχω,v3daia---,
1,γοάασκεν,γοάω,v3siia---,lemming;morpheus
1,γουναζέσθην,γουνάζομαι,v3diie---,lemming;morpheus
1,γουνασάμεσθα,γουνάζομαι,v1paie---,morpheus
1,γουνάσομαι,γουνάζομαι,v1sfie---,morpheus
1,γουνάσσηαι,γουνάζομαι,v2sase---,morpheus
0,γουνούμενος,γουνόομαι,v-sppe-n-,
1,γόων,γοάω,v3piia---,lemming;morpheus
0,γραφείς,γράφω,v-sapp-n-,
0,γρυλιξεῖτε,γρυλίζω,v2pfia---,
1,γρύξαι,γρύζω,v--ana---,lemming;morpheus
1,γυμνάσω,γυμνάζω,v1sfia---,lemming;morpheus
1,γυμνώθη,γυμνόω,v3saip---,lemming;morpheus
0,γυμνώσαντες,γυμνόω,v-papa-n-,
1,δάε,δάω,v3saia---,morpheus
0,δαεῖεν,δάω,v3paoa---,
0,δαείην,δάω,v1saoa---,
0,δαείς,δάω,v-sapa-n-,
1,δαείω,δάω,v1sasa---,lemming;morpheus
1,δαῆναι,δάω,v--ana---,lemming;morpheus
0,δαῆσεαι,δάω,v2sfie---,
0,δαήσομαι,δάω,v1sfie---,
0,δάηται,δαίω,v3sase---,
0,δαιδαλθέντα,δαιδάλωιω,v-papp-n-,
0,δαιδαλωσέμεν,δαιδάλωιω,v--fna---,
1,δαῖε,δαίω,v3siia---,lemming;morpheus
0,ἐδαίετο,δαίομαι,v3siie---,
0,ἐδαϊζέμεναι,δαίζω,v--pna---,
0,δα,δαίζω,v3siie---,
1,ἐδάιζον,δαίζω,v1siia---,morpheus
1,δαίνυ,δαίνυμι,v2spma---,lemming;morpheus
1,δαίνυ,δαίνυμι,v3siia---,lemming;morpheus
1,δαινύατο,δαίνυμι,v3ppoe---,morpheus
0,ἐδαινύῃ,δαίνυμι,v2spse---,
0,ἐδαινύμενος,δαίνυμι,v-sppe-n-,
0,δαινύντα,δαίνυμι,v-sppa-a-,
1,δαινύσθω,δαίνυμι,v3spme---,morpheus
1,δαινῦτο,δαίνυμι,v3spoe---,lemming;morpheus
0,ἐδαΐξαι,δαίζω,v--ana---,
0,ἐδαΐξας,δαίζω,v-sapa-n-,
1,δαΐξω,δαίζω,v1sfia---,morpheus
0,δαισάμενοι,δαίνυμι,v-pape-n-,
0,δαίσας,δαίνυμι,v-sapa-n-,
0,δαίσασθαι,δαίνυμι,v--ane---,
1,δαίσειν,δαίνυμι,v--fna---,lemming;morpheus
0,δαίσῃ,δαίνυμι,v2sase---,
0,δαισθείς,δαίω,v-sapp-n-,
1,δαίσω,δαίνυμι,v1sfia---,lemming;morpheus
0,δαϊχθείς,δαΐϊζω,v-sapp-n-,
0,δάκη,δάκνω,v3sasa---,
1,δάκοιμι,δάκνω,v1saoa---,lemming;morpheus
1,δάκρυσα,δακρύω,v1saia---,lemming;morpheus
0,δακρύσατο,δακρύω,v3saie---,
0,δακρύσομαι,δακρύω,v1sfie---,
1,δακρύσω,δακρύω,v1sfia---,lemming;morpheus
0,δακών,δάκνω,v-sapa-n-,
1,δαλησάμην,δηλέομαι,v1saie---,morpheus
1,δαμᾷ,δαμάζω,v3sfia---,lemming;morpheus
1,δαμᾷς,δαμάζω,v2sfia---,lemming;morpheus
0,δαμασαίατο,δαμάζω,v3paoe---,
0,δαμάσαιτο,δαμάζω,v3saoe---,
0,δαμάσαντο,δαμάζω,v3paie---,
0,δαμάσασθαι,δαμάζω,v--ane---,
1,δαμασθεῖεν,δαμάζω,v3paop---,morpheus
1,δαμάσθην,δαμάζω,v1saip---,lemming;morpheus
1,δαμασθῆναι,δαμάζω,v--anp---,lemming;morpheus
1,ἐδάμασσα,δαμάζω,v1saia---,lemming;morpheus
0,ἐδαμάσσαι,δαμάζω,v--ana---,
0,ἐδαμασσάμενος,δαμάζω,v-sape-n-,
0,δαμάσσομαι,δαμάζω,v1sfie---,
1,δαμάσω,δαμάζω,v1sfia---,lemming;morpheus
0,ἐδαμεῖεν,δαμάζω,v3paop---,
0,ἐδαμείην,δαμάζω,v1saop---,
0,ἐδαμείς,δαμάζω,v-sapp-n-,
0,ἐδαμεῖσα,δαμάζω,v-sapp-n-,
0,ἐδαμείω,δαμάζω,v1sasp---,
1,δάμεν,δαμάζω,v3paip---,lemming;morpheus
0,δαμέν,δαμάζω,v-sapp-n-,
1,δαμῇ,δαμάζω,v3sasp---,lemming;morpheus
0,δαμῆετε,δαμάζω,v2pasp---,
1,δαμήῃς,δαμάζω,v2sasp---,morpheus
1,δάμην,δαμάζω,v1saip---,lemming;morpheus
1,δαμῆναι,δαμάζω,v--anp---,lemming;morpheus
0,δάμνα,δαμάζω,v3siia---,
0,δαμνᾷ,δαμάζω,v3spia---,
0,δαμνᾷ,δαμάζω,v2spie---,
0,δάμναμαι,δαμάζω,v1spie---,
0,δαμναμένους,δαμάζω,v-pppe-a-,
0,δάμναο,δαμάζω,v2spme---,
0,δάμνασθαι,δαμάζω,v--pne---,
0,δάμνασχε,δαμάζω,v3siia---,
0,δάμνατο,δαμάζω,v3siie---,
0,δαμοῦμαι,δαμάζω,v1sfie---,
0,δαμόωνται,δαμάζω,v3pfie---,
1,δαμόωσι,δαμάζω,v3pfia---,morpheus
1,δαμωσόμεθα,δημόομαι,v1pfie---,morpheus
0,δανεῖσαι,δανεΐζω,v--ana---,
0,δανεισάμενοι,δανεΐζω,v-pape-n-,
0,δανείσομαι,δανεΐζω,v1sfie---,
0,δανείσω,δανεΐζω,v1sfia---,
0,δανίσας,δανΐζω,v-sapa-n-,
1,δαπανηθήσομαι,δαπανάω,v1sfip---,lemming;morpheus
1,δαπτέμεν,δάπτω,v--pna---,lemming;morpheus
1,δαρδάψῃ,δαρδάπτω,v3sasa---,lemming;morpheus
1,δαρήσομαι,δέρω,v1sfip---,lemming;morpheus
1,δαρθεῖν,δαρθάνω,v--ana---,morpheus
0,δαρθἐίς,δέρω,v-sapp-n-,
0,δαρθοῦσα,δαρθάνω,v-sapa-n-,
0,δαρθών,δαρθάνω,v-sapa-n-,
0,δασσάμενοι,δατέομαι,v-pape-n-,
0,ἐδάσασθαι,δατέομαι,v--ane---,
0,ἐδασάσκετο,δατέομαι,v3saie---,
0,ἐδασθείς,δατέομαι,v-sapp-n-,
0,δασθῆναι,δατέομαι,v--anp---,
1,δασμολογήσω,δασμολογέω,v1sfia---,lemming;morpheus
0,ἐδάσομαι,δατέομαι,v1sfie---,
0,ἐδάσσαντο,δατέομαι,v3paie---,
0,δατέασθαι,δατέομαι,v--pne---,
1,ἐδατέοντο,δατέομαι,v3piie---,lemming;morpheus
0,δαχθεῖίς,δάκνω,v-sapp-n-,
1,δάψα,δάπτω,v1saia---,lemming;morpheus
1,δάψω,δάπτω,v1sfia---,lemming;morpheus
0,δαῶμεν,δάω,v1pasp---,
0,ἐδεάσητοι,δέατο,v3saoa---,
0,ἐδέατο,δέατο,v3siie---,
0,ἐδέατοι,δέατο,v3spoa---,
0,ἐδέγμενος,δέχομαι,v-srpe-n-,
0,δεδάασθαι,δάω,v--ane---,
0,ἐδεδαγμένος,δάκνω,v-srpe-n-,
0,ἐδέδε,δάω,v3saia---,
0,ἐδεδάγγκα,δάω,v1sria---,
1,δεδαηκέναι,δάω,v--rna---,lemming;morpheus
0,δεδαγρκώς,δάω,v-srpa-n-,
1,δεδάημαι,δάω,v1srie---,morpheus
0,δεδαημένος,δάω,v-srpe-n-,
0,ἐδεδαϊγμένος,δαίζω,v-srpe-n-,
0,δεδαιδαλμένοι,δαιδάλλω,v-prpe-n-,
1,δέδακε,δάκνω,v3saia---,morpheus
1,δεδάκρυκα,δακρύω,v1sria---,lemming;morpheus
1,δεδάκρυμαι,δακρύω,v1srie---,lemming;morpheus
1,δεδάμακα,δαμάζω,v1sria---,lemming;morpheus
0,δεδαμακώς,δαμάζω,v-srpa-n-,
0,δεδαμασμένος,δαμάζω,v-srpe-n-,
1,δεδάμαστο,δαμάζω,v3slie---,lemming;morpheus
0,δεδαμναμέναι,δαμάζω,v-prpe-n-,
0,δεδάνεικα,δανεζ,v1sria---,
0,δεδάνεισμαι,δανεζ,v1srie---,
1,δέδαον,δάω,v1saia---,lemming;morpheus
0,δεδαπάνημαι,δαπανάω,v1-rie---,
1,δεδαπάνητο,δαπανάω,v3slie---,lemming;morpheus
1,δεδάρδαφα,δαρδάπτω,v1sria---,lemming;morpheus
1,δεδάρθαι,δέρω,v--rne---,lemming;morpheus
0,δεδαρθηκώς,δαρθάνω,v-srpa-n-,
1,δέδαρμαι,δέρω,v1srie---,lemming;morpheus
0,δεδαρμένος,δέρω,v-sppe-n-,
1,δέδασμαι,δατέομαι,v1srie---,lemming;morpheus
1,δεδάσυμμαι,δασύνω,v1srie---,morpheus
0,δεδαυῖα,δαίω,v-srpa-n-,
1,δέδαυμαι,δαίω,v1srie---,lemming;morpheus
0,δεδαυμένος,δαίω,v-srpe-n-,
0,δεδαώς,δάω,v-srpa-n-,
1,δέδεγμαι,δείκνυμι,v1srie---,lemming
1,δέδεγμαι,δέχομαι,v1srie---,lemming;morpheus
0,δεδεγμένος,δέχομαι,v-srpe-n-,
1,δεδέηκεν,δέω,v3sria---,lemming;morpheus
1,δεδέημαι,δέω,v1srie---,lemming;morpheus
0,δέδειγμαι,δείκνυμι,v1spie---,
1,δεδείξομαι,δείκνυμι,v1stie---,morpheus
0,δεδείπναμεν,δειπνέω,v1prie---,
1,δεδειπνάναι,δειπνέω,v--rna---,morpheus
1,δεδειπνήκειν,δειπνέω,v1slia---,morpheus
0,δεδειπνισμένων,δειπνίζω,v-prpe-g-,
1,δέδειχα,δείκνυμι,v1sria---,lemming;morpheus
1,δέδεκα,δέω,v1sria---,lemming;morpheus
0,δεδεκασμέναι,δεκάζω,v-prpe-n-,
1,δέδεμαι,δέω,v1srie---,lemming;morpheus
0,δεδεμένος,δέω,v-srpe-n-,
1,δεδέμην,δέω,v1slie---,lemming;morpheus
0,δέδεξο,δέχομαι,v2spme---,
1,δεδέξομαι,δέχομαι,v1stie---,lemming;morpheus
1,δεδέσθω,δέω,v3srme---,lemming;morpheus
1,δέδεσο,δέω,v2srme---,morpheus
0,δεδέσομαι,δέω,v1stie---,
1,δέδετο,δέω,v3slie---,lemming;morpheus
1,δέδευμαι,δεύω,v1srie---,lemming;morpheus
1,δεδέχαται,δέχομαι,v3prie---,lemming;morpheus
1,δεδέχθαι,δέχομαι,v--rne---,lemming;morpheus
1,δέδεχθε,δέχομαι,v2prie---,lemming;morpheus
1,δέδηα,δαίω,v1sria---,lemming;morpheus
1,δέδηγμαι,δάκνω,v1srie---,lemming;morpheus
0,δεδηγμένος,δάκνω,v-srpe-n-,
0,δεδῆειν,δαίω,v1slia---,
0,δεδηκότας,δέω,v-prpa-a-,
0,δεδήλη,δηλέομαι,v1srie---,
1,δεδηλώσομαι,δηλόω,v1stie---,morpheus
1,δεδημάρχηκα,δημαρχέω,v1sria---,lemming;morpheus
0,δεδήμευται,δημεύω,v3-rie---,
1,δεδημοκράτημαι,δημοκρατέομαι,v1srie---,lemming;morpheus
0,δεδημος,δημοσιεύω,v-prpe-n-,
0,δεδήσομαι,δέω,v1stie---,
1,δέδηχα,δάκνω,v1sria---,lemming;morpheus
0,δεδηχώς,δάκνω,v-srpa-n-,
0,δεδηωκα,δῃῶ,,
0,δεδῃωμένος,δῃῶ,,
0,δέδια,δείδω,v1spia---,
1,δεδιακόνημαι,διακονέω,v1srie---,lemming;morpheus
1,δεδιακονήσομαι,διακονέω,v1stie---,morpheus
1,δεδίασι,δείδω,v3pria---,lemming;morpheus
1,δεδίδακται,διδάσκω,v3srie---,lemming;morpheus
1,δεδίδαχα,διδάσκω,v1sria---,lemming;morpheus
1,δεδιδάχθαι,διδάσκω,v--rne---,lemming;morpheus
1,δεδιδάχθω,διδάσκω,v3srme---,lemming;morpheus
1,δέδιε,δείδω,v3sria---,lemming;morpheus
1,δεδιέναι,δείδω,v--rna---,lemming;morpheus
1,δεδίῃ,δείδω,v3srsa---,lemming;morpheus
0,δεδιήτηκα,διαιτάω,v1sria---,
0,δεδιήτημαι,διαιτάω,v1spie---,
0,δέδιθι,δείδω,v2spma---,
1,δεδικαίωμαι,δικαιόω,v1srie---,lemming;morpheus
1,δεδίκακα,δικάζω,v1sria---,lemming;morpheus
0,δεδίκασμαι,δικάζω,v1spie---,
0,δέδιμεν,δείδω,v1pria---,
1,δεδίνημαι,δινέω,v1srie---,lemming;morpheus
0,δεδιξάμενος,δεδίττομαι,v-sape-n-,
0,δεδίξομαι,δεδίττομαι,v1sfie---,
0,δεδιπλωμένον,διπλόω,v-srpe-n-,
0,δέδιτε,δείδω,v2pria---,
0,δεδιχασμένον,διχάζω,v-srpe-n-,
0,δεὸδ,διψάω,v1sria---,
0,δεδ,δείδω,v-srpa-n-,
1,δεδιῴκηται,διοικέω,v3srie---,lemming
0,δεδιώς,δείδω,v-srpa-n-,
1,δεδίωσι,δείδω,v3prsa---,lemming;morpheus
1,δεδίωχα,διώκω,v1sria---,lemming;morpheus
0,δέδμαντο,δέμω,v3plie---,
0,δεδμῆατο,δαμάζω,v3plie---,
1,δέδμημαι,δαμάζω,v1srie---,lemming;morpheus
1,δέδμημαι,δέμω,v1srie---,lemming;morpheus
0,δεδμημένος,δαμάζω,v-srpe-n-,
1,δεδμήμεσθα,δαμάζω,v1prie---,morpheus
1,δέδμηνται,δέμω,v3prie---,lemming;morpheus
1,δεδμήσομαι,δαμάζω,v1stie---,morpheus
0,δέδμηται,δω,v3srie---,
1,δέδμητο,δαμάζω,v3slie---,lemming;morpheus
0,δέδογμαι,δοέω,v1srie---,
1,δέδοικα,δείδω,v1sria---,lemming;morpheus
0,δεδοίκεσαν,δείδω,v3-lia---,
0,δεδύκηκα,δοκέω,v1sria---,
1,δεδόκημαι,δοκέω,v1srie---,lemming;morpheus
0,δεδοκημένος,δέχομαι,v-srpe-n-,
0,δεδοκιμασμένος,δοκιμάζω,v-srpe-n-,
1,δέδοκται,δοκέω,v3srie---,lemming;morpheus
0,δεδομένος,δίδωμι,v-srpe-n-,
0,δεδομημένοι,δομάω,v-prpe-n-,
1,δεδομήσομαι,δομάω,v1stie---,morpheus
0,δεδονημένον,δονέω,v-srpe-n-,
1,δεδόνητο,δονέω,v3slie---,lemming;morpheus
0,δεδόξασθαι,δοξάζω,v--rne---,
0,δεδοξασμένος,δοξάζω,v-srpe-n-,
1,δεδόξωσθε,δοξόω,v2prie---,lemming;morpheus
1,δέδορκα,δέρκομαι,v1sria---,lemming;morpheus
0,δεδορκώς,δέρκομαι,v-srpa-n-,
1,δεδόσθαι,δίδωμι,v--rne---,lemming;morpheus
1,δεδόσθω,δίδωμι,v3srme---,lemming;morpheus
1,δέδουπα,δουπέω,v1sria---,lemming;morpheus
1,δέδοχα,δοκέω,v1sria---,lemming
0,δεδόχγθω,δοκέω,v3srme---,
0,δέδραγμαι,δράττομαι,v1srie---,
0,δεδραγμένος,δράττομαι,v-srpe-n-,
0,δέδρακα,διδράσκω,v1sria---,
0,δεδρακότες,διδοάσκω,v-prpa-n-,
0,δεδρακώς,δράω,v-srpe-n-,
1,δέδραμαι,δράω,v1srie---,lemming;morpheus
0,δεδρασμένων,δράω,v-prpe-g-,
1,δεδράμηκα,τρέχω,v1sria---,lemming;morpheus
1,δεδραμήκεσαν,τρέχω,v3plia---,lemming;morpheus
1,δεδράμημαι,τρέχω,v1srie---,lemming;morpheus
0,δέδραξαι,δράττομαι,v2spie---,
0,δέδρηκα,διδράσκω,v1sria---,
1,δέδρομα,τρέχω,v1sria---,lemming;morpheus
0,δεδρόμηκα,τρέχω,v1sria---,
0,δεδροσισμένον,δροσίζω,v-srpe-n-,
0,δεδροσωμένος,δροσόομαι,v-sppe-n-,
1,δέδρυπτο,δρύπτω,v3slie---,lemming;morpheus
1,δέδυκα,δύω,v1sria---,lemming;morpheus
1,δεδυκέναι,δύω,v--rna---,lemming;morpheus
0,δεδυκώς,δύω,v-srpa-n-,
1,δέδυμαι,δύω,v1srie---,lemming;morpheus
1,δεδύνημαι,δύναμαι,v1srie---,lemming;morpheus
0,δεδυνήσομαι,δύναμαι,v1stie---,
1,δεδυστύχηκα,δυστυχέω,v1sria---,lemming;morpheus
1,δέδωκα,δίδωμι,v1sria---,lemming;morpheus
1,δεδώκοιεν,δίδωμι,v3proa---,lemming;morpheus
1,δεδώρηται,δωρέω,v3srie---,lemming;morpheus
1,δέει,δέω,v2spie---,lemming
1,δέῃ,δέω,v3spsa---,lemming;morpheus
1,δεηθήσομαι,δέω,v1sfip---,lemming;morpheus
1,δεηθείην,δέω,v1saop---,lemming;morpheus
1,δεηθῶ,δέω,v1sasp---,lemming;morpheus
0,δεῆσαν,δέω,v-sapa-n-,
1,δεήσει,δέω,v3sfia---,lemming;morpheus
1,δεήσειε,δέω,v3saoa---,lemming;morpheus
0,δεήσομαι,δέω,v1sfie---,
0,δεῆσον,δέω,v-sfpa-n-,
1,δεήσω,δέω,v1sfia---,lemming;morpheus
0,δεθείς,δέω,v-sapp-n-,
1,δεθῆναι,δέω,v--anp---,lemming;morpheus
1,δεθήσομαι,δέω,v1sfip---,morpheus
1,δεθῶ,δέω,v1sasp---,morpheus
1,δειγματισθήσεται,δειγματίζω,v3sfip---,lemming;morpheus
0,δειδεχτο,δειδίσκομαι,v3slie---,
0,ἐδειδέχαται,δειδίσκομαι,v3prie---,
0,δειδέχατο,δειδίσκομαι,v3plie---,
1,δείδια,δείδω,v1sria---,lemming;morpheus
0,δείδις,δείδω,v3spia---,
0,ἐδείδιθι,δείδω,v2srma---,
0,ἐδείδιμεν,δείδω,v1pria---,
1,δειδίμεν,δείδω,v--rna---,lemming;morpheus
0,δειδιξασθαι,δειδίττομαι,v--ane---,
0,δειδίξεσθαι,δειδίττομαι,v--fne---,
0,κδειδίξομαι,δειδίττομαι,v1sfie---,
0,δειδ,δείδω,v-prpa-n-,
0,δειδισάμενος,δειδίττομαι,v-sape-n-,
0,κδειδίσκετο,δειδίσκομαι,v3siie---,
0,κδειδίσσεο,δειδίττομαι,v2spme---,
0,ἐδειδισσέσθω,δειδίττομαι,v3spme---,
0,κδειδίσσετο,δειδίττομαι,v3siie---,
0,ἐδείδιτε,δείδω,v2pria---,
1,δείδοικα,δείδω,v1sria---,lemming;morpheus
0,ἐδείκνυ,δείκνμι,v3spia---,
0,δείκνυε,δείκνμι,v2spma---,
0,ἐδείκνυε,δείκνμι,v3siia---,
0,δευκνύτω,δείκνμι,v3spma---,
0,ἐδεῖμα,δέμω,v1saia---,
0,ειμανῶ,δειμαίνω,v1sfia---,
0,κδείματο,δέμω,v3saie---,
0,κδείμομεν,δέμω,v1pasa---,
1,δεῖν,δέω,v--pna---,lemming;morpheus
1,δεῖν,δέω,v--pna---,lemming;morpheus
1,δεῖν,δέω,v--pna---,lemming;morpheus
1,δεῖξαι,δείκνυμι,v--ana---,lemming;morpheus
0,δείξας,δείκνυμι,v-sapa-n-,
1,δείξω,δείκνυμι,v1sfia---,lemming;morpheus
1,δείπνησα,δειπνέω,v1saia---,lemming;morpheus
0,ἐδειπνίσσας,δειπνίζω,v-sapa-n-,
0,δειοοτοιῴσω,δειροτομέω,v1sfia---,
0,δείσας,δείδωιι,v-sapa-n-,
0,δεκάπεσθναι,ὃ εκατρύ ἮΝ,v--anp---,
0,δέξω,δείχνοια,v1sfia---,
1,δέρχθη,δέρκομαι,v3saip---,lemming;morpheus
1,δέρχθητε,δέρκομαι,v2pamp---,lemming
1,δερῶ,δέρω,v1sfia---,lemming;morpheus
1,δεσπόσω,δεσπόζω,v1sfia---,morpheus
0,δεύεαι,δεὐω,v2spie---,
0,δεύεσαν,δω,v3paia---,
0,δεύεσκον,δω,v1siia---,
0,δευήσομαι,δεὐω,v1sfie---,
0,δευήσω,δεὐω,v1sfia---,
0,δεύμενος,δέω,v-sppe-n-,
0,δευοίατο,δεὐω,v3ppoe---,
1,δεύοντο,δεύω,v3piie---,lemming;morpheus
0,δεύσομαι,δεύω,v1sfie---,
1,δεύσω,δεύω,v1sfia---,lemming;morpheus
0,δέχαται,δέχομαι,v3ppie---,
0,δέχθαι,δέχομαι,v--pne---,
0,δέχθε,δέχομαι,v2ppme---,
0,δεχθείς,δέχομαι,v-sapp-n-,
0,δεχθείς,δείκνυμι,v-sapp-n-,
1,δεχθήσομαι,δέχομαι,v1sfip---,lemming;morpheus
1,δεχοίατο,δέχομαι,v3ppoe---,lemming;morpheus
0,δεψήσας,δέψω,v-sapa-n-,
0,δῇ,δε,v3spsa---,
0,δῆ,δέω,v3spsa---,
0,δήετε,δω,v2ppia---,
1,δηθύνῃσθα,δηθύνω,v2spsa---,lemming;morpheus
0,δηιάασκον,δηῶ,,
0,δηιόφεν,δηῶ,,
0,δηιόωντο,δηῶ,,
0,δηιώσας,δηῶ,,
0,δηλεύμενος,δηλέομαι,v-sppe-n-,
1,δηλήσασθαι,δηλέομαι,v--ane---,morpheus
0,ἐδηλήσεαι,δηλέομαι,v2sase---,
0,ἐδηλήσεται,δηλέομαι,v3sase---,
1,δηλήσομαι,δηλέομαι,v1sfie---,morpheus
1,δηλωθήσομαι,δηλόω,v1sfip---,lemming;morpheus
0,δηλώσομαι,δηλόω,v1sfie---,
1,δηλώσω,δηλόω,v1sfia---,lemming;morpheus
0,δημιουργήσασα,δημιουργέω,v-sapa-n-,
1,δημοκρατήσομαι,δημοκρατέομαι,v1sfie---,morpheus
0,δήξομι,δάκνω,v1sfie---,
0,δῆξον,δάκνω,v2sama---,
1,δήξω,δάκνω,v1sfia---,lemming
0,δήξωμαι,δάκνω,v1sase---,
0,δήομεν,δω,v1ppia---,
0,δηοῦμεν,δῃῶ,,
0,δήουν,δῃῶ,,
0,ἐδήουσι,δω,v3ppia---,
0,δηῃοῦτε,δῃῶ,,
1,δηριάασθαι,δηριάομαι,v--pne---,lemming;morpheus
0,δηριαάσθων,δηριάομαι,v3-pme---,
0,δηριάασκον,δηριάομαι,v1siia---,
0,δηρινθέντες,δηρίομαι,v-papp-n-,
0,δηοινθῆναι,δηρίομαι,v--anp---,
0,ἐδηρινθήτην,δηρίομαι,v3daip---,
0,δγοιόωντες,δηριάω,v-pppa-n-,
0,δύρισα,δηρίομαι,v1saia---,
0,δὴρ,δηρίομαι,v3paie---,
0,δηρισάντοιν,δηρίομαι,v-dapa-g-,
0,δηρίσομαι,δηρίομαι,v1sfie---,
1,δῆσα,δέω,v1saia---,lemming;morpheus
1,δῆσα,δέω,v1saia---,lemming;morpheus
0,δησάσθω,δέω,v3same---,
0,δησάσκετο,δέω,v3saie---,
1,δῆσθε,δέω,v2ppie---,morpheus
1,δηχθήσομαι,δάκνω,v1sfip---,lemming;morpheus
1,δηχθῶ,δάκνω,v1sasp---,lemming;morpheus
0,δηωθείς,δῃῶ,,
0,δῃώσας,δῃῶ,,
0,δῃώσασθαι,δῃῶ,,
0,δῃώσεσθαι,δῃῶ,,
0,δῃώσῃ,δῃῶ,,
0,δῃώσω,δῃῶ,,
0,διαιτεύμενος,διαιτάω,v-sppe-n-,
1,διαιτήθην,διαιτάω,v1saip---,lemming;morpheus
0,διαιτήσομαι,διαιτάω,v1sfie---,
1,ἐδιαιτώμην,διαιτάω,v1siie---,lemming;morpheus
0,διακονείσθωσαν,διχκογμέω,v3ppme---,
0,διακονηθῆναι,διχκογμέω,v--anp---,
0,διακονῆσαι,διχκογμέω,v--ana---,
0,διακονήσομαι,διχκογμέω,v1sfie---,
0,διακονήσω,διχκογμέω,v1sfia---,
0,διακονοῦντες,διχκογμέω,v-pppa-n-,
0,διᾶναι,διαίνω,v--ana---,
1,διανῶ,διαίνω,v1sfia---,morpheus
1,ἐδίδαξα,διδάσκω,v1saia---,lemming;morpheus
0,διδάξασθαι,διδάσκω,v--ane---,
1,διδάξαιμι,διδάσκω,v1saoa---,lemming;morpheus
0,διδάξομαι,διδάσκω,v1sfie---,
1,δίδαξον,διδάσκω,v2sama---,lemming;morpheus
1,διδάξω,διδάσκω,v1sfia---,lemming;morpheus
0,διδασκέμενἁι,διδάσκω,v--pna---,
1,διδασκῆσαι,διδάσκω,v--ana---,lemming;morpheus
1,διδασκήσαιμι,διδάσκω,v1saoa---,morpheus
0,διδαχθείς,διδάσκω,v-sapp-n-,
1,διδαχθῆναι,διδάσκω,v--anp---,lemming;morpheus
1,διδαχθήσομαι,διδάσκω,v1sfip---,lemming;morpheus
0,διδέασιἩ,δίδημι,v3ppia---,
0,διδείς,δίδημι,v-sppa-n-,
1,δίδη,δίδημι,v3siia---,lemming;morpheus
0,δίδην,δίδημι,v--pna---,
0,δίκασσἀ,δικάζω,v1saia---,
0,ἐδικάσσαι,δικάζω,v--ana---,
1,δικασθήσομαι,δικάζω,v1sfip---,lemming;morpheus
0,ὃ,δικάζω,v1sfie---,
1,δικάσω,δικάζω,v1sfia---,lemming;morpheus
0,κδικᾶται,δικάζω,v3sfie---,
0,κδίκε,δυκεῖν,v2sama---,
0,ἐδίκον,δυκεῖν,v1saia---,
0,κδικῶ,δικάζω,v1sfia---,
0,ἐδυκών,δοκεῖν,v-sapa-n-,
0,ἐδίνασε,δινέω,v3saia---,
1,δινεῖσθαι,δινέω,v--pne---,lemming;morpheus
1,δινείσθην,δινέω,v3diie---,lemming;morpheus
0,ἐδινέμεν,δίνω,v--pna---,
0,ὃ,δινέω,v1siia---,
0,δ,δινέω,v-sapa-n-,
0,δινηθείς,δινέω,v-sapp-n-,
0,δ,δινέω,v1saip---,
0,δ,δινέω,v--anp---,
0,δ,δινέω,v3piie---,
0,δινῆσας,δινέω,v-sapa-n-,
0,δινήσομαι,δινέω,v1sfie---,
0,διννῆντες,δινέω,v-pppa-n-,
0,δινομένην,δῆωω,v-sppe-a-,
0,διοικοῦντο,διουκέω,v3piie---,
1,δίον,δείδω,v1saia---,lemming
1,διστάσω,διστάζω,v1sfia---,lemming;morpheus
1,διχόωντο,διχάω,v3piie---,morpheus
0,διχόωσα,διχάω,v-sppa-n-,
1,διψᾷ,διψάω,v3spia---,lemming
0,διψάγ,διψάω,v3spsa---,
1,διψᾶν,διψάω,v--pna---,morpheus
0,διψεῦσα,διψάω,v-sppa-n-,
0,διψέων,διψάω,v-sppa-n-,
1,διψήσω,διψάω,v1sfia---,lemming;morpheus
1,διψῷ,διψάω,v3spoa---,lemming;morpheus
1,διψῷεν,διψάω,v3ppoa---,lemming;morpheus
1,διψῷς,διψάω,v2spoa---,lemming;morpheus
1,διωκαθεῖν,διώκω,v--ana---,lemming;morpheus
1,διωκάθω,διώκω,v1sasa---,lemming;morpheus
0,διωκέμενἁι,διώκω,v--pna---,
0,διώξομαι,διώκω,v1sfie---,
0,διῴξω,διώκω,v1sfia---,
1,διωχθήσομαι,διώκω,v1sfip---,lemming;morpheus
0,δμηθείς,δαμάζω,v-sapp-n-,
1,δμηθῆναι,δαμάζω,v--anp---,lemming;morpheus
0,δμηθω,δαμάζω,v3samp---,
1,δνοπαλίξεις,δνοπαλίζω,v2sfia---,lemming;morpheus
0,δοάσσαι,δομάζω,v3saoa---,
0,δοάσσατο,δομάζω,v3saie---,
0,δοθείην,δίδωμι,v1-aoa---,
0,δοθείς,δίδωμι,v-sapp-n-,
1,δοθῆναι,δίδωμι,v--anp---,lemming;morpheus
1,δοθήσομαι,δίδωμι,v1sfip---,lemming;morpheus
0,δοῖ,δίδωμι,v3sasa---,
1,δοιάζεσκε,δοιάζω,v3siia---,morpheus
1,δοιάζοντο,δοιάζω,v3piie---,lemming;morpheus
1,δοῖεν,δίδωμι,v3paoa---,lemming;morpheus
1,δοίην,δίδωμι,v1saoa---,lemming;morpheus
1,δοῖμεν,δίδωμι,v1paoa---,lemming;morpheus
0,δοίμεθα,δίδωμι,v1paoe---,
0,δοίμην,δίδωμι,v1saoe---,
0,δοῖντο,δίδωμι,v3paoe---,
0,δοῖο,δίδωμι,v2saoe---,
0,δοῖσα,δίδωμι,v-sapa-n-,
0,δοῖσθε,δίδωμι,v2paoe---,
0,δοῖτο,δίδωμι,v3saoe---,
0,δοκασῷῶ,δοκέω,v1sfia---,
1,δοκέεσκον,δοκέω,v1siia---,morpheus
1,δοκέοντο,δοκέω,v3piie---,lemming;morpheus
0,δοκεύ,δοκέω,v-sppe-n-,
0,δοκεύσας,δοκεύω,v-sapa-n-,
1,δόκησα,δοκέω,v1saia---,lemming;morpheus
1,δοκήσω,δοκέω,v1sfia---,lemming;morpheus
1,δοκιμᾷ,δοκιμάζω,v3sfia---,morpheus
0,δοκιμάσαντες,δοκιμάζω,v-papa-n-,
1,δοκιμασθῇ,δοκιμάζω,v3sasp---,lemming;morpheus
0,δοκμῶ,δοκιμάζω,v1sfia---,
1,δοκοῖεν,δοκέω,v3ppoa---,lemming;morpheus
1,δοκοίην,δοκέω,v1spoa---,lemming;morpheus
1,δοκοῖμι,δοκέω,v1spoa---,lemming;morpheus
1,δόμεν,δίδωμι,v1paia---,lemming;morpheus
0,δόμενἁι,δίδωμι,v--ana---,
0,δομήσατο,δομάω,v3saie---,
0,δόν,δίδωμι,v-sapa-n-,
1,δονέοντο,δονέω,v3piie---,lemming;morpheus
0,δονήσεται,δονέω,v3sfie---,
1,δόντων,δίδωμι,v3pama---,morpheus
0,δόντων,δίδωμι,v-papa-g-,
1,δόξαιμι,δοκέω,v1saoa---,lemming;morpheus
1,δοξάσω,δοξάζω,v1sfia---,lemming;morpheus
1,δόξειαν,δοκέω,v3paoa---,lemming;morpheus
0,δόξεις,δοκέω,v3saoa---,
1,δόξω,δοκέω,v1sfia---,lemming;morpheus
1,δορπήτην,δορπέω,v3diia---,morpheus
0,δορύξω,δορύσσω,v1sfia---,
1,δός,δίδωμι,v2sama---,lemming;morpheus
1,δόσαν,δίδωμι,v3paia---,lemming;morpheus
0,δόσθαι,δίδωμι,v--ane---,
0,δόσθω,δίδωμι,v3same---,
1,δόσκον,δίδωμι,v1siia---,lemming;morpheus
1,δότε,δίδωμι,v2pama---,morpheus
1,δότω,δίδωμι,v3sama---,morpheus
1,δότων,δίδωμι,v3dama---,morpheus
1,δότωσαν,δίδωμι,v3pama---,morpheus
0,δοῦ,δίδωμι,v2same---,
1,δοῦναι,δίδωμι,v--ana---,lemming;morpheus
1,δούπησα,δουπέω,v1saia---,lemming;morpheus
1,δουπήσω,δουπέω,v1sfia---,lemming;morpheus
0,δούς,δίδωμι,v-sapa-n-,
0,δοῦσα,δίδωμι,v-sapa-n-,
0,δοχθείς,δοκέω,v-sapp-n-,
1,ἐδραθέτην,δαρθάνω,v3daia---,lemming;morpheus
1,δρᾶθι,διδράσκω,v2sama---,lemming
1,δράθω,δαρθάνω,v1sasa---,lemming;morpheus
0,δραίημεν,διδράσκω,v1paoa---,
1,δραίην,διδράσκω,v1saoa---,lemming
0,δραῖσι,δράω,v3ppia---,
1,δρακεῖν,δέρκομαι,v--ana---,lemming;morpheus
0,δρακείς,δέρκομαι,v-sapp-n-,
1,δράκοι,δέρκομαι,v3saoa---,lemming;morpheus
1,δράκον,δέρκομαι,v3paia---,lemming;morpheus
0,δρακών,δέρκομαι,v-sapa-n-,
0,δραμάτην,τρέχω,v3daia---,
1,δραμεῖν,τρέχω,v--ana---,lemming;morpheus
0,δράμεται,τρέχω,v3sfie---,
1,δράμοι,τρέχω,v3saoa---,lemming;morpheus
1,δράμον,τρέχω,v1saia---,morpheus
0,δραμοῦμαι,τρέχω,v1sfie---,
1,δραμῶ,τρέχω,v1sfia---,lemming
0,δραμών,τρέχω,v-sapa-n-,
1,δράμωσι,τρέχω,v3pasa---,lemming;morpheus
0,δράν,διδράσκω,v-sapa-n-,
1,δρᾶναι,διδράσκω,v--ana---,lemming
0,δράξαιντο,δράττομαις,v3paoe---,
0,δραξάμενοι,δράττομαις,v-pape-n-,
0,δράξασθαι,δράττομαις,v--ane---,
0,δράξομαι,δράττομαις,v1sfie---,
0,δραπών,δρέπω,v-sapa-n-,
0,δράς,διδοράσκω,v-sapa-n-,
0,δρᾶσα,διδοράσκω,v-sapa-n-,
1,δρᾶσαι,δράω,v--ana---,lemming;morpheus
0,δράσας,δράω,v-sapa-n-,
0,δράσας,διδοάσκω,v-sapa-n-,
0,δράσασα,δρω,v-sapa-n-,
0,δράσειε,διδράσκω,v3saoa---,
0,δράσομαι,διδράσκω,v1sfie---,
0,δράσω,διδράσκω,v1sfia---,
1,δράτω,δράω,v3spma---,lemming;morpheus
1,δρέπον,δρέπω,v1siia---,lemming;morpheus
0,δρεψάμενοι,δρέπω,v-pape-n-,
0,ρει,δροέπω,v--fna---,
0,ἐδοῶναι,διδράσκω,v--ana---,
1,δυνέαται,δύναμαι,v3ppie---,morpheus
1,δύνῃ,δύναμαι,v2spie---,lemming;morpheus
0,δύνῃ,δύω,v3spia---,
1,δύνηαι,δύναμαι,v2spse---,lemming;morpheus
1,δυνηθήσομαι,δύναμαι,v1sfip---,lemming;morpheus
0,δυνησάμην,δύναμαι,v1saie---,
0,δυνήσομαι,δύναμαι,v1sfie---,
0,δυνησόμενος,δύναμαι,v-sfpe-n-,
0,δυνήσωνται,δύναμαι,v3pase---,
1,δῦνον,δύω,v1siia---,morpheus
1,δύνωμαι,δύναμαι,v1spse---,lemming;morpheus
1,δύνωσι,δύω,v3ppsa---,lemming;morpheus
1,δύοντο,δύω,v3piie---,lemming;morpheus
1,δύου,δύω,v2spme---,lemming;morpheus
1,δυόωσι,δυάω,v3ppia---,morpheus
0,δύς,δύω,v-sapa-n-,
0,δῦσα,δύω,v-sapa-n-,
0,δυσαίατο,δύω,v3paoe---,
0,δύσαιτο,δύω,v3saoe---,
0,δυσάμενος,δύω,v-sape-n-,
0,δύσαντο,δύω,v3-aie---,
0,δύσασθαι,δύω,v--ane---,
0,δύσει,δύω,v2sfie---,
1,δύσεο,δύω,v2same---,morpheus
0,ἐδύσετο,δύω,v3saie---,
0,δύσκεν,δύω,v3siia---,
0,δύσομαι,δύω,v1sfie---,
0,δυσόμενος,δύω,v-sfpe-n-,
0,δῦσν,δύω,v2sama---,
1,δύσω,δύω,v1sfia---,lemming;morpheus
0,δυσχεράναντα,δυσχεραίνω,v-papa-n-,
1,δυσχερανῶ,δυσχεραίνω,v1sfia---,lemming;morpheus
1,δῦτε,δύω,v2pama---,lemming;morpheus
1,δύωσι,δύω,v3pasa---,lemming;morpheus
1,δῶ,δίδωμι,v1sasa---,lemming;morpheus
1,δῷ,δίδωμι,v3sasa---,lemming;morpheus
0,δώη,δίδωμι,v3saoa---,
1,δώῃ,δίδωμι,v3sasa---,lemming;morpheus
0,δώην,δίδωμι,v1saoa---,
0,δῴης,δίδωμι,v2saoa---,
1,δῶκα,δίδωμι,v1saia---,lemming;morpheus
0,δώκωσι,διδωμι,v3pasa---,
0,δῶμαι,διδωμι,v1sase---,
0,δῶναι,διδωμι,v--ana---,
0,δώομεν,διδωμι,v1pasa---,
1,δωρηθῆναι,δωρέω,v--anp---,lemming
1,δωρησαίατο,δωρέω,v3paoe---,morpheus
1,δωρήσω,δωρέω,v1sfia---,lemming
1,δῷς,δίδωμι,v2sasa---,lemming;morpheus
1,δώσειν,δίδωμι,v--fna---,lemming;morpheus
0,δῶσι,δίδωμι,v3-asa---,
0,δώσομαι,δίδωμι,v1sfie---,
1,δώσω,δίδωμι,v1sfia---,lemming;morpheus
1,ἔα,ἐάω,v2spma---,lemming;morpheus
0,ἔα,εἰμί,v3spoa---,
0,ἐα,ἐάω,v3spia---,
1,ἐάαν,ἐάω,v--pna---,lemming;morpheus
0,ἑάας,ἐάω,v2spia---,
1,ἔαγα,ἄγνυμι,v1sria---,lemming;morpheus
1,ἐάγην,ἄγνυμι,v1saip---,lemming;morpheus
1,ἔαγμαι,ἄγνυμι,v1srie---,morpheus
1,ἕαδα,ἁνδάνω,v1sria---,lemming;morpheus
1,ἕαδον,ἁνδάνω,v1saia---,lemming;morpheus
0,ἑαδώς,ἁνδάνω,v-srpa-n-,
1,ἐάλην,εἴλω,v1saip---,lemming;morpheus
1,ἑάλω,ἁλίσκομαι,v3saia---,lemming;morpheus
0,ἐάλωκα,ἁλίσκομαι,v1sria---,
0,ἐαλώκειν,ἁλίσκομαι,v1slia---,
1,ἑάλωσαν,ἁλίσκομαι,v3paia---,lemming;morpheus
0,ἑάνασσε,ἀνάσσω,v3siia---,
0,ἐάνδανον,ἁνδάνω,v1siia---,
1,ἔαξε,ἄγνυμι,v3saia---,lemming;morpheus
1,ἔασα,ἐάω,v1saia---,lemming;morpheus
0,ἐᾶσα,εἰμί,v-sppa-n-,
1,ἐάσῃς,ἐάω,v2sasa---,lemming;morpheus
1,ἐάσθω,ἐάω,v3spme---,lemming;morpheus
0,ἐάσομαι,ἐάω,v1sfie---,
1,ἔασον,ἐάω,v2sama---,lemming;morpheus
1,ἐβάδισα,βαδίζω,v1saia---,lemming;morpheus
0,ἐβάθην,βαίω,v1saip---,
0,ἐβαθόη,βοηθέω,,
1,ἔβαν,βαίνω,v1saia---,lemming;morpheus
1,ἐβάνθην,βαίνω,v1saip---,lemming
1,ἔβαξα,βάζω,v1saia---,lemming;morpheus
1,ἐβάπτισαν,βαπτίζω,v3paia---,lemming;morpheus
1,ἐβαρήθην,βαρέω,v1saip---,lemming;morpheus
1,ἐβάρυνα,βαρύνω,v1saia---,lemming;morpheus
1,ἐβαρύνθην,βαρύνω,v1saip---,lemming;morpheus
1,ἐβασάνισα,βασανίζω,v1saia---,lemming;morpheus
1,ἐβασανίσθην,βασανίζω,v1saip---,lemming;morpheus
1,ἐβάσκανα,βασκαίνω,v1saia---,lemming;morpheus
1,ἐβάστασα,βαστάζω,v1saia---,lemming;morpheus
1,ἐβάτευν,βατέω,v1siia---,lemming;morpheus
0,ἐβάφθγην,βάπτω,v1saip---,
0,ἔβαψαἡ,βάπτω,v1saia---,
0,ἐβδέλυξα,βδελύσσω,v1saia---,
1,ἔβδευσα,βδέω,v1saia---,lemming
1,ἐβεβάρητο,βαρέω,v3slie---,lemming;morpheus
1,ἐβεβήκειν,βαίνω,v1slia---,morpheus
1,ἐβεβλέατο,βάλλω,v3plie---,morpheus
1,ἐβεβλήκειν,βάλλω,v1slia---,morpheus
1,ἐβεβλήμην,βάλλω,v1slie---,lemming;morpheus
1,ἐβεβόητο,βοάω,v3slie---,lemming;morpheus
0,ἐβεβρῴκει,βιβρώσκω,v3slia---,
1,ἐβέβρωτο,βιβρώσκω,v3slie---,lemming;morpheus
1,ἐβέβυστο,βύω,v3slie---,lemming;morpheus
1,ἔβην,βαίνω,v1saia---,lemming;morpheus
1,ἔβηξα,βήσσω,v1saia---,lemming;morpheus
1,ἔβησα,βαίνω,v1saia---,lemming;morpheus
1,ἔβησαν,βαίνω,v3paia---,lemming;morpheus
0,ἐβήσατο,βαίνω,v3saie---,
0,ἐβήσω,βαίνω,v2saie---,
0,ἐβήτ,βαίνω,v3daia---,
1,ἐβήχθην,βήσσω,v1saip---,morpheus
0,ἐβιάσθην,βίαζω,v1saip---,
1,ἐβίβασα,βιβάζω,v1saia---,lemming;morpheus
1,ἐβίβασκε,βίβημι,v3siia---,morpheus
0,ἐβίων,βιόν,v1saia---,
0,ἐβίωσα,βιόν,v1saia---,
1,ἔβλαβεν,βλάπτω,v3paip---,lemming;morpheus
1,ἐβλάβην,βλάπτω,v1saip---,lemming;morpheus
1,ἔβλαβον,βλάπτω,v1saia---,lemming
1,ἐβλαίσωται,βλαισόομαι,v3srie---,lemming;morpheus
0,ἐβλαστήθην,βλαστάνω,v1saip---,
1,ἐβλάστηκα,βλαστάνω,v1sria---,morpheus
1,ἐβλάστησα,βλαστάνω,v1saia---,lemming;morpheus
1,ἔβλαστον,βλαστάνω,v1saia---,lemming;morpheus
1,ἐβλασφήμησαν,βλασφημέω,v3paia---,lemming;morpheus
1,ἐβλάφθην,βλάπτω,v1saip---,lemming;morpheus
1,ἔβλαψα,βλάπτω,v1saia---,lemming;morpheus
1,ἐβλέφθην,βλέπω,v1saip---,lemming;morpheus
1,ἔβλεψα,βλέπω,v1saia---,lemming;morpheus
1,ἐβλήθην,βάλλω,v1saip---,lemming;morpheus
1,ἐβληχησάμην,βληχάομαι,v1saie---,morpheus
0,ἐβλιμάσθην,βθλιμάζω,v1saip---,
1,ἔβλισα,βλίττω,v1saia---,lemming;morpheus
1,ἔβλυσα,βλύζω,v1saia---,lemming;morpheus
1,ἐβλύσθην,βλύζω,v1saip---,lemming
0,ἔβλωξα,βλώσχκω,v1saia---,
1,ἐβόησα,βοάω,v1saia---,lemming;morpheus
1,ἐβοσκήθην,βόσκω,v1saip---,lemming
1,ἐβόσκησα,βόσκω,v1saia---,lemming;morpheus
1,ἐβουλέατο,βούλομαι,v3piie---,morpheus
1,ἐβουλεύθην,βουλεύω,v1saip---,lemming;morpheus
1,ἐβούλευσα,βουλεύω,v1saia---,lemming;morpheus
1,ἐβουλήθην,βούλομαι,v1saip---,lemming;morpheus
1,ἐβράβευσεν,βραβεύω,v3saia---,lemming;morpheus
1,ἐβράδυνα,βραδύνω,v1saia---,lemming;morpheus
0,ἔβρασα,βράττω,v1saia---,
1,ἔβραχε,βραχεῖν,v3saia---,morpheus
1,ἐβράχην,βρέχω,v1saip---,lemming
0,ἔβρια,βρίζω,v1saia---,
1,ἔβρισα,βρίθω,v1saia---,lemming;morpheus
1,ἔβροξα,βρόχω,v1saia---,morpheus
1,ἐβρύαξα,βρυάζω,v1saia---,morpheus
0,ἔβρυκε,βρύκω,v3saia---,
1,ἐβρυχήθην,βρυχάομαι,v1saip---,lemming
1,ἐβρυώθην,βρυόομαι,v1saip---,lemming
1,ἐβρώθην,βιβρώσκω,v1saip---,lemming;morpheus
0,ἔβρων,δδὸῪὍ ἴὔγνΠψφιινο,,
0,ἔβρωσα,δδὸῪὍ ἴὔγνΠψφιινο,,
0,ἐβύθιαν,βυθίζω,v3paia---,
1,ἔβυσα,βύω,v1saia---,lemming;morpheus
1,ἔβωσα,βοάω,v1saia---,morpheus
1,ἐγαμήθην,γαμέω,v1saip---,lemming;morpheus
1,ἐγαυρούμην,γαυρόω,v1siie---,lemming;morpheus
0,ἐγγεγύγρκκα,ἐγγυάω,v1sria---,
1,ἐγγεγύημαι,ἐγγυάω,v1srie---,lemming
1,ἐγγεγυήμην,ἐγγυάω,v1slie---,lemming
1,ἐγγυάλιξα,ἐγγυαλίζω,v1saia---,lemming;morpheus
1,ἐγγυαλίξω,ἐγγυαλίζω,v1sfia---,lemming;morpheus
0,ἐγγυηθείς,ἐγγυάω,v-sapp-n-,
0,ἐγγυήσομαι,ἐγγυάω,v1sfie---,
0,ἐγεγαι,γαμέω,v3slia---,
1,ἐγεγάμητο,γαμέω,v3slie---,lemming;morpheus
1,ἐγεγάνυσο,γάνυμαι,v2slie---,lemming
1,ἐγεγελάσμην,γελάω,v1slie---,lemming;morpheus
1,ἐγεγένητο,γίγνομαι,v3slie---,lemming;morpheus
1,ἐγέγευντο,γεύω,v3plie---,lemming;morpheus
1,ἐγεγήθειν,γηθέω,v1slia---,morpheus
1,ἐγεγλύμμην,γλύφω,v1slie---,lemming;morpheus
1,ἐγέγραπτο,γράφω,v3slie---,lemming;morpheus
1,ἐγεγράφει,γράφω,v3slia---,lemming;morpheus
0,ἐγεινάμην,γείνομαι,v1saie---,
1,κἔγειρα,ἐγείρω,v1saia---,lemming
1,ἐγειτνία,γειτνιάω,v3siia---,lemming;morpheus
1,ἐγέλαξα,γελάω,v1saia---,lemming;morpheus
1,ἐγέλασα,γελάω,v1saia---,lemming;morpheus
1,ἐγελάσθην,γελάω,v1saip---,lemming;morpheus
0,ἐγεν,γίγνομαι,v1saie---,
1,ἐγενεαλογήθη,γενεαλογέω,v3saip---,lemming;morpheus
1,ἐγεννήθην,γεννάω,v1saip---,lemming;morpheus
0,ἐγενόμην,γίγνομαι,v1saie---,
0,ἔγεοθν,ἐγείρω,v3paip---,
1,ἐγέρθην,ἐγείρω,v1saip---,lemming;morpheus
1,ἐγερθήσομαι,ἐγείρω,v1sfip---,lemming;morpheus
0,ἐγεροῦμαι,ἐγείρω,v1sfie---,
0,ἐγέρρην,ἐγείρω,v--pna---,
1,ἐγερῶ,ἐγείρω,v1sfia---,lemming;morpheus
1,ἐγόμφωσεν,γομφόω,v3saia---,lemming;morpheus
0,ἔγραμμαι,γράφω,v1srie---,
0,ἔγραπται,γράφω,v3srie---,
0,ἐγράφθγην,γράφω,v1saip---,
1,ἔγραψα,γράφω,v1saia---,lemming;morpheus
0,ἔγρεο,ἐγείρω,v2same---,
0,ἐγρέσθαι,ἐγείρω,v--ane---,
0,κἔγρεσθε,ἐγείρω,v2pame---,
0,κἔγρετο,ἐγείρω,v3saie---,
0,ἔγρῃ,ἐγείρω,v2sase---,
1,ἐγρήγορα,ἐγείρω,v1sria---,lemming;morpheus
1,ἐγρηγόρει,ἐγείρω,v3slia---,lemming;morpheus
1,ἐγρηγόρεσαν,ἐγείρω,v3plia---,lemming;morpheus
0,ἐγρηγορήθη,ἐγείρω,v3saip---,
0,ἐἐγρήγορθαι,ἐγείρω,v--rna---,
0,ἐἐγρηγόρθασι,ἐγείρω,v3pria---,
0,ἐγρήγορθε,ἐγείρω,v2srma---,
0,ἔγροιτο,ἐγείρω,v3saoe---,
0,ἐγρόμενος,ἐγείρω,v-sape-n-,
0,ἐγρυμμέναν,γρύπτω,v-srpe-a-,
1,ἔγρυξα,γρύζω,v1saia---,lemming;morpheus
1,ἔγρυπον,γρύπτω,v1saia---,lemming
1,ἐγύμνασα,γυμνάζω,v1saia---,lemming;morpheus
1,ἐγυμνάσθην,γυμνάζω,v1saip---,lemming;morpheus
1,ἐγυμνώθη,γυμνόω,v3saip---,lemming;morpheus
1,ἐγχυμάτισα,ἐγχυματίζω,v1saia---,lemming;morpheus
1,ἔδαε,δάω,v3saia---,morpheus
1,ἐδάιξα,δαίζω,v1saia---,morpheus
1,ἔδαισα,δαίω,v1saia---,lemming
0,ἐδαισάμην,δαίω,v1saie---,
1,ἐδαΐχθην,δαίζω,v1saip---,morpheus
0,ἔδακα,δάκνω,v1saia---,
0,ἐδάκην,δάκνω,v1saip---,
1,ἔδακον,δάκνω,v1saia---,lemming;morpheus
1,ἐδάκρυσα,δακρύω,v1saia---,lemming;morpheus
1,ἐδαπανήθην,δαπανάω,v1saip---,lemming;morpheus
0,ἐδαπανησάμην,δαπανάω,v1saie---,
1,ἐδάρην,δέρω,v1saip---,lemming;morpheus
0,ἐδάρθην,δαρθάνω,v1saip---,
1,ἔδαρθον,δαρθάνω,v1saia---,morpheus
0,ἐδασάμην,δατέομαι,v1saie---,
0,ἔδαυσεν,δαύω,v3-aia---,
1,ἔδαψα,δάπτω,v1saia---,lemming;morpheus
0,ἐδέγμην,δέχομαι,v1siie---,
1,ἐδεδέατο,δέω,v3plie---,lemming;morpheus
1,ἐδεδειπνήκεσαν,δειπνέω,v3plia---,lemming;morpheus
1,ἐδεδέμην,δέω,v1slie---,lemming;morpheus
1,ἐδεδήκει,δέω,v3slia---,lemming;morpheus
1,ἐδεδίειν,δείδω,v1slia---,morpheus
1,ἐδεδίεσαν,δείδω,v3plia---,lemming;morpheus
0,ἐδεδιῃτήκειν,διαιτάω,v1slia---,
0,ἐδεδίπλωτο,διπλό,v3slie---,
1,ἐδέδμητο,δέμω,v3slie---,lemming;morpheus
1,ἐδεδοίκει,δείδω,v3slia---,lemming;morpheus
1,ἐδέδοκτο,δοκέω,v3slie---,lemming;morpheus
1,ἐδέδοτο,δίδωμι,v3slie---,lemming;morpheus
1,ἐδεδόχεσαν,δοκέω,v3plia---,lemming
0,ἐδεδράκειν,διδράσκω,v1slia---,
1,ἐδεδραμήκειν,τρέχω,v1slia---,morpheus
1,ἐδεδύκειν,δύω,v1slia---,morpheus
1,ἐδεδώκειν,δίδωμι,v1slia---,morpheus
1,ἔδεε,δέω,v3siia---,lemming;morpheus
1,ἐδεήθην,δέω,v1saip---,lemming;morpheus
1,ἐδέησε,δέω,v3saia---,lemming;morpheus
1,ἐδέησε,δέω,v3saia---,lemming;morpheus
1,ἐδέθην,δέω,v1saip---,lemming;morpheus
1,ἔδει,δέω,v3siia---,lemming;morpheus
1,ἐδείδιμεν,δείδω,v1plia---,lemming;morpheus
0,ἐδείδιον,δείδω,v1siia---,
1,ἐδείδισαν,δείδω,v3plia---,lemming;morpheus
0,ἐδείκνυσαν,δείκνυμι,v3-iia---,
1,ἔδειμα,δέμω,v1saia---,lemming;morpheus
1,ἔδειξα,δείκνυμι,v1saia---,lemming;morpheus
1,ἐδείπνισα,δειπνίζω,v1saia---,lemming;morpheus
1,ἔδειρα,δέρω,v1saia---,lemming;morpheus
1,ἔδεισα,δείδω,v1saia---,lemming;morpheus
1,ἐδεῖτο,δέω,v3siie---,lemming;morpheus
1,ἐδείχθην,δείκνυμι,v1saip---,lemming;morpheus
0,ἔδεκτο,δέχομαι,v3siie---,
1,ἔδεξα,δείκνυμι,v1saia---,lemming;morpheus
0,ἐδέξατο,δέχομαι,v3-aie---,
1,ἐδεξιούμην,δεξιόομαι,v1siie---,lemming;morpheus
1,ἐδεξιώθην,δεξιόομαι,v1saip---,lemming
1,ἐδεξιωσάμην,δεξιόομαι,v1saie---,morpheus
0,ἐδέξω,δέχομαι,v2saie---,
1,ἐδέου,δέω,v2siie---,lemming;morpheus
0,ἐδερξάμην,δέρκομαι,v1saie---,
1,ἐδέρχθην,δέρκομαι,v1saip---,lemming;morpheus
0,ἐδεσθῇ,ἐσθίω,,
0,ἐδεύησεν,δέω,v3saia---,
1,ἐδεύθην,δεύω,v1saip---,lemming;morpheus
1,ἔδευσα,δεύω,v1saia---,lemming;morpheus
1,ἐδέχθην,δέχομαι,v1saip---,lemming;morpheus
0,ἐδέχθην,δ εἰκνυμι,v1saip---,
1,ἐδέψησα,δέψω,v1saia---,lemming;morpheus
0,ἐδήδεσμαι,ἐσθίω,,
0,ἐδήδοκα,ἐσθίω,,
0,ἐδηδόκειν,ἐσθίω,,
0,ἐδηδοκοίη,ἐσθίω,,
0,κἐδήδοται,ἐσθίω,,
0,ἐδηδώς,ἐσθίω,,
0,ἐδὴ,δῃῶ,,
0,ἐδηιώθην,δῃῶ,,
1,ἐδηλησάμην,δηλέομαι,v1saie---,morpheus
0,ἔδηα,δάκνω,v1saia---,
0,ἐδῇήουν,δῃῶ,,
0,ἐδησάμην,δέω,v1saie---,
0,ἐδήχθην,δάκωι,v1saip---,
1,ἐδιαίτησα,διαιτάω,v1saia---,morpheus
1,ἐδιακονήθην,διακονέω,v1saip---,lemming;morpheus
1,ἐδιακόνουν,διακονέω,v1siia---,lemming;morpheus
1,ἐδίδαξα,διδάσκω,v1saia---,lemming;morpheus
1,ἐδιδάχθην,διδάσκω,v1saip---,lemming;morpheus
1,ἔδιδον,δίδωμι,v1siia---,lemming;morpheus
1,ἐδίδοσαν,δίδωμι,v3piia---,lemming;morpheus
1,ἐδίδουν,δίδωμι,v1siia---,morpheus
1,ἐδίζητο,δίζημαι,v3siie---,morpheus
1,ἐδίηνα,διαίνω,v1saia---,lemming;morpheus
0,ἐδιῃτήθην,διαιτάω,v1saip---,
0,ἐδιήτησα,διαιτάω,v1saia---,
0,ἐδιήτων,διαιτάω,v1siia---,
1,ἐδικαίευν,δικαιόω,v1siia---,morpheus
0,ἐδικαιολογήθην,ὃ ικαιολογέομαι,v1saip---,
1,ἐδικαιώθην,δικαιόω,v1saip---,lemming;morpheus
1,ἐδικαίωσα,δικαιόω,v1saia---,lemming;morpheus
1,ἐδίκασα,δικάζω,v1saia---,lemming;morpheus
0,ἐδικασάμην,δικάζω,v1saie---,
0,ἐδ,δικάζω,v1saip---,
0,ἔδικον,διχκεῖν,v1saia---,
1,ἐδίψη,διψάω,v3siia---,lemming;morpheus
1,ἐδίψησα,διψάω,v1saia---,lemming;morpheus
1,ἐδιώκαθον,διώκω,v1saia---,lemming;morpheus
1,ἐδίωξα,διώκω,v1saia---,lemming;morpheus
1,ἐδιώχθην,διώκω,v1saip---,lemming;morpheus
1,ἐδμήθην,δαμάζω,v1saip---,morpheus
0,ἔδνωσε,ἐδόω,v3saia---,
0,ἑδνώσομαι,ἐδόω,v1sfie---,
1,ἐδόθην,δίδωμι,v1saip---,lemming;morpheus
0,ἐδοίασα,δομάζω,v1saia---,
1,ἐδόκει,δοκέω,v3siia---,lemming;morpheus
1,ἐδοκήθην,δοκέω,v1saip---,lemming;morpheus
0,ἐδόκησα,κέω,v1saia---,
0,ἔδομαι,ἐσθίω,,
1,ἔδομεν,δίδωμι,v1paia---,lemming;morpheus
0,ἐδόμην,δίδωμι,v1saie---,
0,ἔδον,ἐσθίω,,
1,ἔδον,δίδωμι,v3paia---,morpheus
1,ἐδόνησεν,δονέω,v3saia---,lemming;morpheus
1,ἔδοξα,δοκέω,v1saia---,lemming;morpheus
1,ἐδοξώθη,δοξόω,v3saip---,lemming;morpheus
1,ἔδοσαν,δίδωμι,v3paia---,lemming;morpheus
0,ἔδου,δίδωμι,v2saie---,
0,ἐδοῦμαι,ἐσθίω,,
1,ἐδουπήθησαν,δουπέω,v3paip---,lemming;morpheus
1,ἐδούπησαν,δουπέω,v3paia---,lemming;morpheus
1,ἐδόχθην,δοκέω,v1saip---,lemming;morpheus
1,ἔδρα,δράω,v3siia---,lemming;morpheus
0,ἕδρακα,δέρκομαι,v1saia---,
1,ἐδράκην,δέρκομαι,v1saip---,lemming;morpheus
0,ἐδρακόμην,δέρκομαι,v1-aie---,
1,ἔδρακον,δέρκομαι,v1saia---,lemming;morpheus
1,ἔδραμον,τρέχω,v1saia---,lemming;morpheus
0,ἕδραν,διδράσκω,v1saia---,
0,ἐδραξάμην,δράττω,v1saie---,
1,ἔδραπον,δρέπω,v1saia---,lemming;morpheus
1,ἔδρασαν,διδράσκω,v3paia---,lemming
1,ἔδρασαν,δράω,v3paia---,lemming;morpheus
1,ἐδράσθην,δράω,v1saip---,lemming;morpheus
1,ἔδρεπον,δρέπω,v1siia---,lemming;morpheus
1,ἐδρέφθην,δρέπω,v1saip---,lemming;morpheus
1,ἔδρεψα,δρέπω,v1saia---,lemming;morpheus
0,ἐδρεψάμην,δρέπω,v1saie---,
1,ἔδρησα,δράω,v1saia---,morpheus
0,ἐδριόωντο,ἑδριάω,v3piie---,
1,ἐδρύφθην,δρύπτω,v1saip---,lemming;morpheus
1,ἔδρυψα,δρύπτω,v1saia---,lemming;morpheus
1,ἔδρων,δράω,v1siia---,lemming;morpheus
1,ἐδύθην,δύω,v1saip---,lemming;morpheus
1,ἔδυν,δύω,v1saia---,morpheus
1,ἐδυνάμην,δύναμαι,v1siie---,lemming;morpheus
1,κἐδυνάσθην,δύναμαι,v1saip---,lemming
1,κἐδύνασο,δύναμαι,v2siie---,lemming
1,ἐδυνήθην,δύναμαι,v1saip---,lemming;morpheus
0,κἐδυνησάμην,δύναμαι,v1saie---,
0,ἐδύω,δύναμαι,v2siie---,
1,ἔδυσα,δύω,v1saia---,morpheus
0,ἐδυσάμην,δύω,v1saie---,
1,ἔδυσαν,δύω,v3paia---,lemming;morpheus
0,ἐδύσεο,δύω,v2saie---,
0,ἐδύσετο,δύω,v3saie---,
1,ἐδύσοιξα,δυσοίζω,v1saia---,lemming;morpheus
1,ἐδυσχέρανα,δυσχεραίνω,v1saia---,lemming;morpheus
1,ἐδυσχεράνθην,δυσχεραίνω,v1saip---,lemming
1,ἐδυστύχησα,δυστυχέω,v1saia---,lemming;morpheus
1,ἐδυσώπησα,δυσωπέω,v1saia---,lemming;morpheus
1,ἔδυτε,δύω,v2paia---,lemming;morpheus
1,ἔδυψα,δύπτω,v1saia---,lemming
1,ἔδωκα,δίδωμι,v1saia---,lemming;morpheus
1,ἐδώκαμεν,δίδωμι,v1paia---,morpheus
1,ἔδωκαν,δίδωμι,v3paia---,lemming;morpheus
1,ἐδώκατε,δίδωμι,v2paia---,morpheus
1,ἔδωκε,δίδωμι,v3saia---,lemming;morpheus
1,ἔδων,δίδωμι,v1saia---,morpheus
1,ἐδώρησα,δωρέω,v1saia---,lemming;morpheus
0,ἐέδμεναι,ἐσθίω,,
0,ἐεδνώσαιτο,ἑδνόω,v3saoe---,
0,ἐείλεον,εἴλω,v1siia---,
1,ἔειξα,εἴκω,v1saia---,lemming
1,ἔειπα,εἶπον,v1saia---,lemming;morpheus
0,ἐείπαν,εἶπον,v3paia---,
1,ἔειπον,εἶπον,v1saia---,lemming;morpheus
0,ἐεισάμενος,εἴδομαι,v-sape-n-,
0,ἐεισάσθην,εἶμι,v3daie---,
0,ἐείσατο,εἶμι,v3saie---,
1,ἐελδέσθω,ἔλδομαι,v3spme---,lemming;morpheus
1,ἕελμαι,εἴλω,v1srie---,lemming
0,ἐελμένος,εἴλω,v-srpe-n-,
0,ἐεργμένος,εἴργω,v-srpe-n-,
0,ἐερμένος,εἴρω,v-srpe-n-,
1,ἕερτο,εἴρω,v3slie---,lemming
1,ἕεστο,ἕννυμι,v3slie---,morpheus
1,ἔζεσα,ζέω,v1saia---,lemming;morpheus
1,ἐζέσθην,ζέω,v1saip---,lemming
0,ἐζέσθην,ἕζομαι,v1-iie---,
1,ἔζεσμαι,ζέω,v1srie---,lemming
0,ἕζετο,ἔζομαι,v3siie---,
0,ἕζευ,ἔζομαι,v2spme---,
1,ἔζευγμαι,ζεύγνυμι,v1srie---,lemming;morpheus
1,ἐζεύγνυντο,ζεύγνυμι,v3piie---,lemming;morpheus
1,ἐζεύγνυσαν,ζεύγνυμι,v3piia---,lemming;morpheus
1,ἔζευκτο,ζεύγνυμι,v3slie---,lemming;morpheus
1,ἔζευξα,ζεύγνυμι,v1saia---,lemming;morpheus
0,ἐζευξάμην,ζεύγνυμι,v1saie---,
1,ἔζευχα,ζεύγνυμι,v1sria---,lemming
1,ἐζεύχθην,ζεύγνυμι,v1saip---,morpheus
0,ἔζηκα,ζῶ,v1sria---,
1,ἐζήλωκε,ζηλόω,v3sria---,lemming;morpheus
1,ἐζημιώθην,ζημιόω,v1saip---,lemming;morpheus
1,ἐζημίωκα,ζημιόω,v1sria---,lemming;morpheus
1,ἐζημίωμαι,ζημιόω,v1srie---,lemming;morpheus
1,ἐζημίωσα,ζημιόω,v1saia---,lemming;morpheus
1,ἐζημίωτο,ζημιόω,v3slie---,lemming;morpheus
0,ἔζησα,ζῶ,v1saia---,
1,ἐζήτηκα,ζητέω,v1sria---,lemming;morpheus
1,ἐζήτησα,ζητέω,v1saia---,lemming;morpheus
0,ἐζητησάμην,ζητέω,v1saie---,
1,ἐζήτουν,ζητέω,v1siia---,lemming;morpheus
0,ἐζύγν,ζεύγνυμι,v1saip---,
0,ἐζωγραφημέναι,ζωγραφέω,v-prpe-n-,
0,ἐζώγρησεν,ζωγρέω,v3-aia---,
1,ἔζωκα,ζώννυμι,v1sria---,lemming;morpheus
0,ἐζωκότα,ζῶ,v-srpa-a-,
1,ἔζωμαι,ζώννυμι,v1srie---,lemming;morpheus
0,ἔζων,ζῶ,v1siia---,
0,ἐζώννυον,ζώννυμι,,
0,ἔζωσα,ζῷ ΝΥ,v1saia---,
1,ἔζωσα,ζώννυμι,v1saia---,lemming;morpheus
1,ἐζώσθην,ζώννυμι,v1saip---,morpheus
0,ἐζωσμένη,ζώννυμι,v-srpe-n-,
0,ἔζωσγται,ζώννυμι,v3srie---,
0,ἔξωστο,ζώννυμι,v3slie---,
0,ἐζωωμένη,ζωόω,v-srpe-n-,
1,ἔῃ,εἰμί,v3spsa---,lemming;morpheus
0,ἄγγα,ἄγνυμι,v1sria---,
1,ἔην,εἰμί,v1siia---,morpheus
1,ἑήνδανον,ἁνδάνω,v1siia---,lemming;morpheus
1,ἔησθα,εἰμί,v2siia---,lemming;morpheus
1,ἔῃσι,εἰμί,v3spsa---,lemming;morpheus
1,ἔθαλον,θάλλω,v1saia---,lemming;morpheus
1,ἔθαλψεν,θάλπω,v3saia---,lemming;morpheus
1,ἐθάμβησεν,θαμβέω,v3saia---,lemming;morpheus
1,ἐθανατώθην,θανατόω,v1saip---,lemming;morpheus
1,ἔθανον,θνήσκω,v1saia---,lemming;morpheus
1,ἐθαύμασα,θαυμάζω,v1saia---,lemming;morpheus
1,ἐθαυμάσθην,θαυμάζω,v1saip---,lemming;morpheus
1,ἐθάφθην,θάπτω,v1saip---,lemming;morpheus
1,ἔθαψα,θάπτω,v1saia---,lemming;morpheus
1,ἐθεήσαντο,θεάομαι,v3paie---,morpheus
1,ἐθεῆτο,θεάομαι,v3siie---,morpheus
1,ἔθει,θέω,v3siia---,lemming;morpheus
1,ἐθειάσθη,θειάζω,v3saip---,lemming;morpheus
1,ἔθεινα,θείνω,v1saia---,lemming;morpheus
1,ἔθεινον,θείνω,v1siia---,lemming;morpheus
0,ἐθεὶς,ἴημι,v-sapp-n-,
0,ἐθέλεσκον,διθέλω,v1siia---,
0,ἐθέλῃσθα,διθέλω,v2spsa---,
0,ἐθέλησον,διθέλω,v2sama---,
0,ἐθελήσω,διθέλω,v1sfia---,
1,ἔθελξα,θέλγω,v1saia---,lemming;morpheus
1,ἔθελχθεν,θέλγω,v3paip---,lemming;morpheus
1,ἐθέλχθην,θέλγω,v1saip---,lemming;morpheus
0,ἐθέλωμι,θέλω,v1spsa---,
1,ἔθεμεν,τίθημι,v1paia---,lemming;morpheus
0,ἐθέμην,τίθημι,v1saie---,
0,ἔθεν,τίθημι,v3-aia---,
0,ἔθεντο,τίθημι,v3-aie---,
1,ἐθεραπεύσθην,θεραπεύω,v1saip---,morpheus
1,ἐθέρην,θέρω,v1saip---,lemming;morpheus
1,ἐθέρισα,θερίζω,v1saia---,lemming;morpheus
1,ἐθερίσθην,θερίζω,v1saip---,lemming;morpheus
1,ἐθέρμανα,θερμαίνω,v1saia---,morpheus
0,ἔθεσαν,τίθημι,v3-aia---,
0,ἔθεσο,τίθημι,v2saie---,
1,ἐθέσπιξα,θεσπίζω,v1saia---,lemming;morpheus
1,ἔθετε,τίθημι,v2paia---,lemming;morpheus
0,ἔθετο,τίθημι,v3saie---,
1,ἔθευσα,θέω,v1saia---,lemming
1,ἐθεωρήσατε,θεωρέω,v2paia---,lemming;morpheus
0,ἐθηεῖτο,θεάομσα,v3siie---,
0,ἐθηεύμεσθα,θεάομσα,v1piie---,
0,ἐθηήσαντο,θεάομσα,v3-aie---,
1,ἔθηκα,τίθημι,v1saia---,lemming;morpheus
0,ἐθύήκαμεν,τίθημι,v1paia---,
0,ἐθυρκάμην,τίθημι,v1saie---,
0,ἐθήκαντο,τίθημι,v3-aie---,
0,ἐθήκαο,τίθημι,v2saie---,
1,ἐθήκατε,τίθημι,v2paia---,lemming;morpheus
1,ἔθηκε,τίθημι,v3saia---,lemming;morpheus
1,ἐθήλασα,θηλάζω,v1saia---,lemming;morpheus
0,ἐθῆληα,θηλέω,v1saia---,
1,ἐθηλύνθην,θηλύνω,v1saip---,lemming;morpheus
0,ἔθην,τίθημι,v1saia---,
0,ἐθῆναι,ἴημι,v--anp---,
1,ἔθηξα,θήγω,v1saia---,lemming;morpheus
0,ἐθηξάμην,θήγω,v1saie---,
1,ἐθηράθην,θηράω,v1saip---,lemming;morpheus
1,ἐθήρασα,θηράω,v1saia---,lemming;morpheus
0,ἐθηρασάμην,θηράω,v1saie---,
1,ἐθήρευσα,θηρεύω,v1saia---,lemming;morpheus
0,ἐθηρευσάμην,θηρεύω,v1saie---,
0,ἐθθήσομαι,ἴημι,v1sfip---,
0,ἐθισθήσομαι,ἐθθίζω,v1-fip---,
0,ἐθίσω,ἐθθίζω,v1sfia---,
1,ἐθίχθην,θιγγάνω,v1saip---,lemming
1,ἔθλα,θλάω,v3siia---,morpheus
1,ἔθλασα,θλάω,v1saia---,lemming;morpheus
1,ἐθλάσθην,θλάω,v1saip---,lemming
0,ἐθλίβην,θλίθω,v1saip---,
0,ἔλα,θλίθω,v1saia---,
1,ἐθοινήθην,θοινάω,v1saip---,lemming;morpheus
0,ἐθο,θοινάω,v1saie---,
0,ἔθορον,θρώσκω,v1saia---,
0,ἔθου,τίθημι,v2saie---,
0,ἔθραξα,θράττω,v1saia---,
1,ἔθρασα,θράζω,v1saia---,lemming;morpheus
0,ἐθρασυνάμην,θρασύνω,v1saie---,
1,ἔθραυσα,θραύω,v1saia---,lemming;morpheus
1,ἐθραύσθην,θραύω,v1saip---,lemming
0,ἐθράφθη,τρέφω,v3saip---,
0,ἐθράχθην,θράττω,v1saip---,
1,ἔθρεξα,τρέχω,v1saia---,lemming;morpheus
0,ἐθθρέφθην,τρέφω,v1saip---,
1,ἔθρεψα,τρέφω,v1saia---,lemming;morpheus
0,ἐθοήνησα,θρηνέω,v1saia---,
1,ἔθρισα,θερίζω,v1saia---,morpheus
1,ἐθροήθη,θροέω,v3saip---,lemming;morpheus
1,ἐθρόησα,θροέω,v1saia---,lemming;morpheus
0,ἐθούβην,θρούπτω,v1saip---,
0,ἔδυ,θρούπτω,v1saia---,
0,ἔθρωξα,θρώσκω,v1saia---,
1,ἐθυμιάθην,θυμιάω,v1saip---,lemming;morpheus
0,ἐθυμιασάμην,θυμιάω,v1saie---,
1,ἐθυμώθην,θυμόω,v1saip---,lemming;morpheus
0,ἐθυμωσάμην,θυμόω,v1saie---,
1,ἔθυον,θύω,v1siia---,lemming;morpheus
1,ἔθυσα,θύω,v1saia---,lemming;morpheus
0,ἔθυσάμην,θύω,v1saie---,
0,ἐθῶ,ἴημι,v1sasp---,
0,ἐθώκαντι,ἔθω,v3pria---,
1,ἐθώμασα,θαυμάζω,v1saia---,morpheus
0,ἔθων,ἔωΗη,v-sppa-n-,
0,ἐθωρηξάμην,θωρήσσῳ,v1saie---,
0,ἐθωρήχθην,θωρήσσῳ,v1saip---,
1,εἶ,εἰμί,v2spia---,lemming;morpheus
0,εἴ,εἶμι,v2spie---,
1,εἴα,ἐάω,v3siia---,lemming;morpheus
1,εἴακα,ἐάω,v1sria---,lemming;morpheus
1,εἴαμαι,ἐάω,v1srie---,lemming;morpheus
1,εἴασα,ἐάω,v1saia---,lemming;morpheus
0,εἰάσθην,ἐάω,v1saip---,
0,εἴασχκον,ἐάω,v1siia---,
1,εἴατο,εἰμί,v3piie---,lemming;morpheus
0,εἰδεῖεν,οῖδα,,
0,εἴδοντο,ὁράω, -ἴδονναι,
1,εἶεν,εἰμί,v3ppoa---,lemming;morpheus
0,εἶεν,ἴημι,v3paoa---,
0,εἴη,ε ἰμ ἰ,v3spoa---,
0,εἴη,ἕημι,v3saoa---,
0,εἴη,εἶμι,v3spoa---,
1,εἴημεν,εἰμί,v1ppoa---,lemming;morpheus
1,εἴην,εἰμί,v1spoa---,lemming;morpheus
0,εἴην,ἴημι,v1saoa---,
1,εἴης,εἰμί,v2spoa---,lemming;morpheus
1,εἴησαν,εἰμί,v3ppoa---,lemming;morpheus
0,εἴητε,ἴημι,v2paoa---,
0,εἴθην,ἴημι,v1saip---,
1,εἰθίδαται,ἐθίζω,v3prie---,morpheus
1,εἴθικα,ἐθίζω,v1sria---,lemming;morpheus
1,εἴθισα,ἐθίζω,v1saia---,lemming;morpheus
1,εἰθίσθην,ἐθίζω,v1saip---,lemming;morpheus
0,εἰθισμένος,ἐθίζω,v-srpe-n-,
1,εἴθιστο,ἐθίζω,v3slie---,lemming;morpheus
0,εἶκα,ἴημι,v1sria---,
1,εἴκαζον,εἰκάζω,v1siia---,lemming;morpheus
1,εἰκαθεῖν,εἴκω,v--ana---,morpheus
1,εἰκάθοιμι,εἴκω,v1saoa---,morpheus
1,εἴκαθον,εἴκω,v1saia---,morpheus
1,εἰκάθω,εἴκω,v1sasa---,morpheus
0,εἰκαθών,εἴκω,v-sapa-n-,
1,εἴκακα,εἰκάζω,v1sria---,lemming
0,εἶκας,ἔοικα,v2sria---,
1,εἴκασα,εἰκάζω,v1saia---,lemming;morpheus
1,εἰκάσθην,εἰκάζω,v1saip---,lemming;morpheus
1,εἰκασθήσομαι,εἰκάζω,v1sfip---,lemming;morpheus
1,εἴκασμαι,εἰκάζω,v1srie---,lemming;morpheus
1,εἴκαστο,εἰκάζω,v3slie---,lemming;morpheus
1,εἰκάσω,εἰκάζω,v1sfia---,lemming;morpheus
1,εἰκέναι,ἔοικα,v--rna---,morpheus
1,εἶκον,εἴκω,v1siia---,lemming;morpheus
0,ἐΐκτην,ἔοικα,v3-lia---,
0,ἔριτο,ἔοικα,v3slie---,
0,ἔνετον,ἔοικα,v3dria---,
0,εἰκυῖα,ἔοικα,v-sppa-n-,
0,εἰκώς,ἔοικα,v-srpa-n-,
0,εἶλα,αἱρέω,v1saia---,
0,εἱλάμην,αἱρέω,v1saie---,
1,εἴλεγμαι,λέγω,v1srie---,morpheus
1,εἴλεξαι,λέγω,v2srie---,morpheus
0,εἴλεον,εἴλω,,
0,εἰλεύμενος,εἴλω,,
0,εἰλεῦντο,εἴλω,,
1,εἴληγμαι,λαγχάνω,v1srie---,lemming;morpheus
0,εἰληγωένος,λαγχάνω,v-srpe-n-,
1,εἰλήθην,εἴλω,v1saip---,lemming;morpheus
1,εἰλήλουθα,ἔρχομαι,v1sria---,lemming;morpheus
1,εἴλημαι,εἴλω,v1srie---,lemming;morpheus
0,εἴλημμαι,λαμβόνω,v1srie---,
0,εἰλημμένος,λαμβόνω,v-srpe-n-,
1,εἴληντο,εἴλω,v3plie---,lemming;morpheus
0,εἴληπτο,λαμβάνω,v3-lie---,
1,εἴλησα,εἴλω,v1saia---,lemming;morpheus
1,εἰλήσω,εἴλω,v1sfia---,morpheus
1,εἴληφα,λαμβάνω,v1sria---,lemming;morpheus
1,εἰλήφειν,λαμβάνω,v1slia---,morpheus
0,εἰλῆφθαι,λαμβάνω,v--pne---,
0,εἰληφώς,λαμβάνω,v-srpa-n-,
1,εἴληχα,λαγχάνω,v1sria---,lemming;morpheus
1,εἰλήχειν,λαγχάνω,v1slia---,morpheus
1,εἴληψαι,λαμβάνω,v2srie---,lemming;morpheus
0,εἴλιγμαι,ἑλίττω,v1srie---,
0,εἵλιξα,ἑλίττω,v1saia---,
0,εἷλϊξας,ἑλίττω,v-sapa-n-,
0,εἰλίξειν,ἑλίττω,v--fna---,
0,εἰλίχατο,ἑλίττω,v3plie---,
0,εἱλιχθείς,ἐλίττω,v-sapp-n-,
0,εἱλίχθην,ἐλίττω,v1saip---,
0,εἵλκεον,ἕλκω,v1siia---,
0,εἴλκον,ἕλκω,v1siia---,
1,εἵλκυκα,ἕλκω,v1sria---,lemming;morpheus
1,εἵλκυσα,ἕλκω,v1saia---,lemming;morpheus
0,εἴλκυσάμην,ἕλκω,v1saie---,
1,εἱλκύσθην,ἕλκω,v1saip---,lemming;morpheus
1,εἵλκυσμαι,ἕλκω,v1srie---,lemming;morpheus
1,εἷλξα,ἕλκω,v1saia---,morpheus
0,εἱλξάμην,ἕλκω,v1saie---,
0,εἱλόμην,αἱρέω,v1saie---,
1,εἷλον,αἱρέω,v1saia---,lemming;morpheus
1,εἴλοχα,λέγω,v1sria---,lemming;morpheus
1,εἰλύαται,εἰλύω,v3prie---,lemming;morpheus
0,εἴλυμας,εἰλύω,v1srie---,
1,εἰλυόμην,εἰλύω,v1siie---,lemming;morpheus
0,εἰλυσθείς,εἰλύω,v-sapp-n-,
1,εἰλύσω,εἰλύω,v1sfia---,lemming;morpheus
1,εἴλυτο,εἰλύω,v3slie---,lemming;morpheus
0,εἶμαι,ἴημι,v1srie---,
0,εἶμαι,ἕννυμι,v1srie---,
0,εἶμαι,ἴζω,v1srie---,
0,εἰμάρθαι,μείρομαι,v--rne---,
0,εἴμεθα,ἴημι,v1paie---,
0,εἰμέν,εἰμί,v1-pia---,
1,εἶμεν,εἰμί,v1ppoa---,lemming;morpheus
0,εἶμεν,ὥρμι,v1paia---,
0,εἱμένος,ἴημι,v-srpe-n-,
0,εἰμές,εἶμ,v1ppia---,
0,εἵἴμην,ἴημι,v1saie---,
0,εἵἴμην,ἴημι,v1slie---,
0,εἶναι,εἰμέ,v--pna---,
0,εἶναι,ἴημι,v--ana---,
0,εἶνται,ἴῃμι,v3prie---,
0,εἶντο,ἴῃμι,v3paie---,
0,εἶντο,ἴῃμι,v3plie---,
0,εἵνυσαν,ἔννυμι,,
0,εἴξα,εἴκω,v1saia---,
1,εἴξασι,ἔοικα,v3pria---,morpheus
1,κεἴξασκε,εἴκω,v3saia---,lemming;morpheus
0,κεἴξω,ἔουκα,v1sfia---,
1,εἴξω,εἴκω,v1sfia---,lemming;morpheus
0,εἴξω,ἐίσκω,v1sfia---,
0,εἰο,ἔοικα,v-prpa-n-,
1,εἶπα,εἶπον,v1saia---,lemming;morpheus
0,εἰπάμῃν,εἶπον,v1saie---,
1,εἶπαν,εἶπον,v3paia---,lemming;morpheus
1,εἶπας,εἶπον,v2saia---,lemming;morpheus
0,εἴπατε,εἶπον,v2paie---,
1,εἰπέ,εἶπον,v2sama---,lemming;morpheus
1,εἰπεῖν,εἶπον,v--ana---,lemming;morpheus
1,κεἴπεσκον,εἶπον,v3paia---,lemming;morpheus
0,ἐεἴπην,εἶπον,v--ana---,
1,εἴπῃς,εἶπον,v2sasa---,lemming;morpheus
0,εἴπο,εἶπον,v3paoa---,
1,εἴποιμι,εἶπον,v1saoa---,lemming;morpheus
1,εἴποιτε,εἶπον,v2paoa---,lemming;morpheus
1,εἱπόμην,ἕπω,v1siie---,lemming
1,εἶπον,εἶπον,v1saia---,lemming;morpheus
0,εἶπον,ἕπω,v1saia---,
0,εἰποῦσα,εἶπον,v-sapa-n-,
1,εἴπω,εἶπον,v1sasa---,lemming;morpheus
0,εἰπών,εἶπον,v-sapa-n-,
1,εἶρα,εἴρω,v1saia---,lemming;morpheus
0,εἴρας,εἴρω,v-sapa-n-,
1,εἰργαζόμην,ἐργάζομαι,v1siie---,lemming;morpheus
1,εἰργαθεῖν,εἴργω,v--ana---,lemming
1,εἰργασάμην,ἐργάζομαι,v1saie---,morpheus
1,εἰργάσθην,ἐργάζομαι,v1saip---,lemming
1,εἴργασμαι,ἐργάζομαι,v1srie---,lemming;morpheus
1,εἰργάσμην,ἐργάζομαι,v1slie---,lemming;morpheus
0,εἴργμαι,εἴργω,v1spie---,
1,εἶργον,εἴργω,v1siia---,lemming
0,κεἰρέαται,εἴργω,v3prie---,
0,κεἰρέθην,εἴργω,v1saip---,
1,εἴρηκα,εἴρω,v1sria---,lemming
0,εἰρήκειν,εἴρω,v1slia---,
0,εἴρημαι,εἴρω,v1spie---,
0,εἰρημένος,εἴρω,v-srpe-n-,
0,κεἰρήσομαι,εἴρω,v1sfie---,
0,κεἰρήσομαι,ἔρομαι,v1sfie---,
1,εἴρητο,εἴρω,v3slie---,lemming
0,εἴρξα,εἴργω,v1saia---,
0,εἴρξομαι,εἴργω,v1sfie---,
1,εἴρξω,εἴργω,v1sfia---,lemming
1,κεἰρόμην,ἔρομαι,v1siie---,lemming;morpheus
0,εἷρπον,ἔρπω,v1siia---,
0,ξΞἵρπυσα,ἐρπύζω,v1saia---,
0,εἰρύατο,ἐρύομαι,v3-iie---,
0,ἴρ,ἐρύομαι,v1srie---,
0,κεἰρύμεναι,ἐξ ὕω,v--pna---,
0,κεἰρυόμεσθα,ἐγρύομαι,v1pfie---,
0,εἴρυον,ἐἡρύω,v1siia---,
0,εἴρυσα,ἐἡρύω,v1saia---,
0,εἰρύσαι,ἐἡρύω,v--ana---,
0,εἰρύσαιμι,ἐἡρύω,v1saoa---,
0,εἰρυσάμην,ἐἡρύω,v1saie---,
0,εἰρύσας,ἐἡρύω,v-sapa-n-,
0,εἴρυσθαι,ἐρύομαι,v--pne---,
0,εἰρύσθην,ἐρύω,v1saip---,
1,εἴρυσον,ἐρύω,v2sama---,morpheus
0,εἰρυσσαίμην,ἐγρύομαι,v1saoe---,
0,εἰρύσσασθαι,ἐἡρύω,v--ane---,
0,εἰρύσσἀτο,ἐἡρύω,v3saie---,
0,εἰρύσσονταιἩ,ἐορύομαι,v3pfie---,
0,εἰρύσω,ἐἡρύω,v1sasa---,
0,εἱρχθείς,εἴργω,v-sapp-n-,
0,εἴρψα,ἕρπω,v1saia---,
1,εἴρωμαι,ἔρομαι,v1spse---,morpheus
0,εἰρώτα,ἔρομαι,v3siia---,
0,εἷς,εἰμί,v2spia---,
0,εἴς,εἰμί,v-sppa-n-,
0,εἴς,ἴημι,v-sapa-n-,
0,εἴσα,ἴημι,v-sapa-n-,
0,εἶσα,ἵζω,v1saia---,
0,εἰσάμενος,ἵζω,v-sape-n-,
0,εἰσάμην,ἵζω,v1saie---,
0,εἰσάμην,εἶμι,v1saie---,
0,εἴσαν,ἴημι,v3paia---,
0,εἶσαν,ἴζω,v3paia---,
1,εἶσθα,εἶμι,v2spia---,lemming;morpheus
0,εἰσί,εἰμί,v3-pia---,
1,εἶσι,εἶμι,v3spia---,lemming;morpheus
0,εἶσο,ἴμι,v2srme---,
0,εἴσομαι,εἶμι,v1sfie---,
0,εἴσομαι,οἶδα,,
0,εἴσομαι,ἴω,v1sfie---,
0,εἶσον,ἴω,v2sama---,
0,εἱστήκειν,ἴστημι,v1slia---,
0,εἱστηκότα,ἴστημι,v-sppa-a-,
0,εἰστία,ἐστιάω,v3siia---,
0,εἰστιάθην,ἐστιάω,v1saip---,
0,εἱστίακα,ἐστιάω,v1sria---,
0,εἰστίχσα,ἐστιάω,v1saia---,
0,εἱστίων,ἐστιάω,v1siia---,
0,εἴσχηκα,ἔχω,v1sria---,
0,εἶτε,εἶμι,v2ppoa---,
0,εἴτε,ἴημι,v2paia---,
1,εἴτην,εἰμί,v3dpoa---,morpheus
0,εἵτην,ἴημι,v3daia---,
0,εἶτο,ἴημι,v3saie---,
0,εἴτω,εἰμί,v2dpma---,
1,εἰχόμην,ἔχω,v1siie---,lemming;morpheus
1,εἶχον,ἔχω,v1siia---,lemming;morpheus
0,εἴχοσαν,ἔχω,v3paia---,
0,ἑεΐἴω,εἰμί,v1spsa---,
0,ξεΐω,ἴημι,v1sasa---,
1,εἴωθα,ἔθω,v1sria---,lemming;morpheus
1,εἰώθειν,ἔθω,v1slia---,morpheus
0,εἰωθώς,ἔθω,v-sppa-n-,
0,εἴων,ἔζω,v1siia---,
0,ἐκάην,χαίω,v1saip---,
0,ἐχάθαρα,χαθαίρω,v1saia---,
0,ἐχαθάρθην,χαθαίρω,v1saip---,
1,ἐκαθεζόμην,ἕζομαι,v1siie---,lemming
0,ἐκαθέσθην,ἕζομαι,v1saip---,
0,ἐκάθισα,χαθίζω,v1saia---,
1,ἔκαιον,καίω,v1siia---,lemming;morpheus
0,ἐκάκωσε,χκακόω,v3saia---,
1,ἐκάλεσα,καλέω,v1saia---,lemming;morpheus
0,ἐκαλεσσάμην,καλέω,v1saie---,
0,ἐκαλύφθην,χαλύπτω,v1saip---,
0,ἐκάλυψα,χαλύπτω,v1saia---,
0,ἐκάμμυσαν,καμμύόω,v3paia---,
0,ἐκαμόμην,κάμνω,v1saie---,
1,ἔκαμον,κάμνω,v1saia---,lemming;morpheus
1,ἐκάμφθην,κάμπτω,v1saip---,lemming;morpheus
0,ἔχκαμψα,κάμπτω,v1saia---,
0,ἔχανον,καίνω,v1saia---,
1,ἔκαον,καίω,v1siia---,morpheus
0,ἐχάρην,χείρω,v1saip---,
0,ἐκαρίωσα,καρ ιόω,v1saia---,
0,ἐκαρπίσατο,καρπίζω,v3saie---,
1,ἐκαύθην,καίω,v1saip---,lemming;morpheus
1,ἔκαυσα,καίω,v1saia---,lemming;morpheus
0,ἐκαυσάμην,καίω,v1saie---,
1,ἐκαυχησάμην,καυχάομαι,v1saie---,morpheus
1,ἐκεάσθην,κεάζω,v1saip---,lemming;morpheus
1,ἐκεδάσθην,κεδάννυμι,v1saip---,morpheus
0,ἐχέδασσα,κεδάννυμι,v1saia---,
0,ἐκείμην,χεῖμαι,v1siie---,
0,ἔχκειρα,κείρω,v1saia---,
0,ἐκειράμην,κείρω,v1saie---,
0,ἐχεκαλλιερήκειν,χαλλιερέω,v1slia---,
0,ἐκεχάρμην,χείρω,v1slie---,
0,ἐκεκάσμην,καίνυμι,v1slie---,
0,ἐκεκέλευστο,χελεύω,v3slie---,
0,ἐκέκλετο,κέλομαι,v3saie---,
0,ἐκεκμήκεσαν,χάμνω,v3plia---,
1,κἐκεκοσμέατο,κοσμέω,v3plie---,lemming
1,ἐκεκράγειν,κράζω,v1slia---,morpheus
0,κἐκέκραγον,κράζω,v1saia---,
1,ἐκέκραξα,κράζω,v1saia---,lemming
0,ἐκεκτή,χτάομαι,v1slie---,
1,ἐκέλετο,κέλομαι,v3siie---,lemming;morpheus
1,ἐκέλευ,κέλομαι,v2siie---,morpheus
0,ἐκελεύθην,χελεύω,v1saip---,
0,ἐκέλευσα,χελεύω,v1saia---,
0,ἐκελευσάμην,χελεύω,v1saie---,
0,ἐκελήσατο,κέλομαι,v3saie---,
0,ἔχκελσα,κέλλω,v1saia---,
0,ἐχεντήθην,χεντέω,v1saip---,
0,ἐκέντησα,χεντέω,v1saia---,
0,ἐκενώθην,χενόω,v1saip---,
0,ἐκένωσα,χενόω,v1saia---,
1,ἐκεράισα,κεραίζω,v1saia---,morpheus
0,ἐκέρασα,χεράννυμι,v1saia---,
0,ἐκερασάμην,χεράννυμι,v1saie---,
0,ἐκέρδανα,χερδαίνω,v1saia---,
0,ἔκερσα,χείρω,v1saia---,
0,ἔκευσα,χεύθω,v1saia---,
1,ἐκεχάλαστο,χαλάω,v3slie---,lemming;morpheus
0,ἐκεχάριστο,γαρίζομαι,v3slie---,
0,ἐχεχειρούργητο,γειρουργέω,v3slie---,
0,ἐχεχήνεν,γάσκω,v1slia---,
0,ἐχέχριστο,ρω,v3slie---,
0,ἐκέχρωστο,γρῴζω,v3slie---,
1,ἔκηδον,κήδω,v1siia---,lemming;morpheus
0,ἐκήρυξα,κηρύττω,v1saia---,
0,ἐκήρυσσον,κηρύττω,v1siia---,
1,ἐκινήθην,κινέω,v1saip---,lemming;morpheus
1,ἐκίνησα,κινέω,v1saia---,lemming;morpheus
0,ἔκιον,χίω,v1siia---,
0,ἐκίρνατο,χίρνημι,,
0,κἐκίχεις,χχάω,v2saia---,
0,ἐἔκιχεν,χχάω,v3saia---,
0,ἐκίχημεν,χχάω,v1paia---,
0,ἐκίχησα,χχάω,v1saia---,
0,κἔκιχον,χχάω,v1saia---,
0,ἐκκλησιίάσω,ἐκκλησιάζω,v1sfia---,
0,ἔα,χω,v3siia---,
1,ἔκλαγξα,κλάζω,v1saia---,lemming;morpheus
1,ἔκλαγον,κλάζω,v1saia---,lemming;morpheus
0,ἔκλαξε,χλείω,v3saia---,
0,ἔκλαον,χλαίω,v1siia---,
0,ἐκλάπην,κλέ Ν ἐπ τῶ,v1saip---,
0,ἔκλασα,χλάω,v1saia---,
0,ἐκλάσθην,χλάω,v1saip---,
1,ἔκλαυσα,κλαίω,v1saia---,lemming;morpheus
0,ἐκλαυσάμην,χλαίω,v1saie---,
0,ἐκλαύσθην,χλαίω,v1saip---,
0,ἔχλεεν,κλύω,v3siia---,
0,ἐἔχλειζον,κλήζω,v1siia---,
1,ἔκλεισα,κλείω,v1saia---,lemming;morpheus
1,ἐκλείσθην,κλείω,v1saip---,lemming;morpheus
1,ἐκλέφθην,κλέπτω,v1saip---,lemming;morpheus
1,ἔκλεψα,κλέπτω,v1saia---,lemming;morpheus
0,ἔκλῃζον,κλήζω,v1siia---,
1,ἐκλήισα,κλείω,v1saia---,morpheus
1,ἐκληίσθην,κλείω,v1saip---,lemming;morpheus
0,ἐχλή,χκλήζω,v1srie---,
0,ὶ,χκλήζω,v3slie---,
0,ἐκλήρωσεν,κληρόω,v3-aia---,
0,ἔκλῃσα,κλήζω,v1saia---,
0,ἐκλήσθην,κλείω,v1saip---,
1,ἔκλινα,κλίνω,v1saia---,lemming;morpheus
0,ἐκλινάμην,κλίνω,v1saie---,
1,ἐκλίνην,κλίνω,v1saip---,lemming;morpheus
1,ἔκλυον,κλύω,v1siia---,lemming;morpheus
1,ἔκλυσε,κλύζω,v3saia---,lemming;morpheus
1,ἐκλύσθην,κλύζω,v1saip---,lemming;morpheus
0,ἔκλων,χλάω,v1siia---,
1,ἔκλωσα,κλώθω,v1saia---,lemming;morpheus
0,ἐκνησάμην,χνάω,v1saie---,
0,ἐκνήσθην,χνάω,v1saip---,
1,ἐκνίσθην,κνίζω,v1saip---,lemming;morpheus
1,ἐκοίλανα,κοιλαίνω,v1saia---,morpheus
0,ἐκοιμήθην,χοιμάω,v1saip---,
0,ἐκοίμησα,χοιμάω,v1saia---,
1,ἐκοινώθην,κοινόω,v1saip---,lemming;morpheus
1,ἐκοίνωσα,κοινόω,v1saia---,lemming;morpheus
0,ἐκοινωσάμην,κοινόω,v1saie---,
0,ἐκολασάμην,κολάζω,v1saie---,
1,ἐκολάσθην,κολάζω,v1saip---,lemming;morpheus
1,ἐκόλουσα,κολούω,v1saia---,lemming;morpheus
1,ἐκολούσθην,κολούω,v1saip---,morpheus
1,ἐκόμησε,κομάω,v3saia---,lemming;morpheus
1,ἐκομίσθην,κομίζω,v1saip---,lemming;morpheus
1,ἐκόμισα,κομίζω,v1saia---,lemming;morpheus
0,ἔκονσάμν,κονίω,v1saie---,
1,ἐκόνισα,κονίω,v1saia---,lemming;morpheus
1,ἐκόπασα,κοπάζω,v1saia---,lemming;morpheus
0,ἐκόπην,χόπτω,v1saip---,
1,ἐκοπίασα,κοπιάω,v1saia---,lemming;morpheus
0,ἐχόρεσθεν,κορέννυμι,,
0,ἐκορέσθην,κορέννυμι,,
0,ἐκόρεσα,κορέννυμι,,
0,ἐκορεσάμην,κορέννυμι,,
0,ἐκορυσσάμν,χορύσσω,v1saie---,
0,ἐκόρυψι,χορύπτω,v1saia---,
1,ἐκόσμησαν,κοσμέω,v3paia---,lemming;morpheus
1,ἐκούφισα,κουφίζω,v1saia---,lemming;morpheus
0,ἔκοψα,κόπτωο,v1saia---,
0,ἐκοψάμην,κόπτωο,v1saie---,
0,ἐκράαί,κραίνω,v3siia---,
0,ἐκρἁάνθην,κραίνω,v1saip---,
0,ἔκραγον,χράζω,v1saia---,
1,ἐκράδανα,κραδαίνω,v1saia---,lemming;morpheus
0,ἐχραδάνθην,κραδαίνω,v1saip---,
0,ἐχράθην,κεράννυμι,,
0,ἐἐκραίαινεν,κραίνω,v3siia---,
0,ἔχρανα,κραίνω,v1saia---,
1,ἔκραξα,κράζω,v1saia---,lemming;morpheus
1,ἐκράτησεν,κρατέω,v3saia---,lemming;morpheus
0,ἐκρατύνθθης,κρατύνω,v3saip---,
0,ἐκρεμάμην,κρεμάννυμι, -ρέμαμαι,
0,ἐκρέμασα,κρεμάννυμι, -ρέμαμαι,
0,ἐκρεμάσθην,κρεμάννυμι, -ρέμαμαι,
0,ἐκρήθην,κρεμάννυμι, -ρέμαμαι,
0,ἐκρήμνη,κρεμάννυμι, -ρέμαμαι,
0,ἐκρήναντο,κραίνω,v3paie---,
0,ἔχρησα,κεράννυμι,,
1,ἔκριθεν,κρίνω,v3paip---,lemming;morpheus
1,ἐκρίθην,κρίνω,v1saip---,lemming;morpheus
1,ἔκρινα,κρίνω,v1saia---,lemming;morpheus
0,ἐκρινάμην,κρίνω,v1saie---,
1,ἔκριννε,κρίνω,v3saia---,lemming
0,ἔχριξα,κρίζω,v1saia---,
0,ἔχρουσα,χρούω,v1saia---,
0,ἐκρουσάμην,χρούω,v1saie---,
0,ἐκρούσθην,χρούω,v1saip---,
1,ἐκρύβην,κρύπτω,v1saip---,lemming;morpheus
0,ἐκρυψάμην,κρύπτω,v1saie---,
0,ἔχτα,κτείνω,v3saia---,
0,ἔχταθεν,κτείνω,v3paip---,
0,ἔχκταμεν,κτείνω,v1paia---,
1,ἔκταν,κτείνω,v3paia---,lemming;morpheus
0,ἐκτάνηκα,κτείνω,v1sria---,
0,ἐκτάνθαι,κτείνω,v--rne---,
0,ἐκτάνθγην,κτείνω,v1saip---,
1,ἔκτανον,κτείνω,v1saia---,morpheus
0,ἔκτατο,κτείνω,v3saie---,
1,ἐκτέαται,κτάομαι,v3prie---,morpheus
1,ἐκτεάτισται,κτεατίζω,v3srie---,lemming;morpheus
1,ἔκτεινα,κτείνω,v1saia---,morpheus
0,ἐχτενισμένος,χκτενίζω,v-srpe-n-,
0,ἐχτέρισα,χκτερίζω,v1saia---,
1,ἐκτήθη,κτάομαι,v3saip---,lemming
1,ἔκτημαι,κτάομαι,v1srie---,morpheus
0,κἔκτηντο,κτάομαι,v3plie---,
0,ἐχτησάμην,κτάομαι,v1saie---,
0,ἐκτήσομαι,κτάομαι,v1stie---,
1,ἔκτικα,κτίζω,v1sria---,lemming;morpheus
1,ἔκτισα,κτίζω,v1saia---,lemming;morpheus
1,ἐκτίσθην,κτίζω,v1saip---,lemming;morpheus
0,ἔχτισμαι,κτίζω,v1srie---,
0,κἐκτίσσατο,κτίζω,v3saie---,
1,ἔκτονα,κτείνω,v1sria---,morpheus
1,ἐκτόνεσαν,κτείνω,v3plia---,morpheus
0,ἐκτονήκειν,κτείνω,v1slia---,
0,ἐκτύπησα,χτυπέω,v1saia---,
0,ἔκτυπον,χτυπέω,v1saia---,
0,ἐκύδανα,κχυδαίνω,v1saia---,
1,ἐκυήθην,κυέω,v1saip---,lemming;morpheus
1,ἐκύησα,κυέω,v1saia---,lemming;morpheus
1,ἔκυθον,κεύθω,v1saia---,lemming;morpheus
1,ἐκυκλεῦντο,κυκλέω,v3piie---,lemming;morpheus
1,ἐκυκλώθην,κυκλόω,v1saip---,lemming;morpheus
0,ἐκυκλωσάμην,κυκλόω,v1saie---,
0,ἐκύλισα,κυλίνδὠ,v1saia---,
0,ἐκυλισάμην,κυλίνδὠ,v1saie---,
0,ἐκυλίσθην,κυλίνδὠ,v1saip---,
1,ἐκυμάνθην,κυμαίνω,v1saip---,lemming
1,ἐκύμηνα,κυμαίνω,v1saia---,lemming
1,ἐκύρησα,κυρέω,v1saia---,lemming;morpheus
1,ἔκυρον,κυρέω,v1siia---,lemming;morpheus
1,ἔκυρσα,κυρέω,v1saia---,lemming;morpheus
0,ἐκύρωσεν,χυρόω,v3saia---,
0,ἔκυσα,κυέω,v1saia---,
0,ἐκυσάμην,κυέω,v1saie---,
0,ἔκυσσἀ,κυνέω,v1saia---,
1,ἔκυψα,κύπτω,v1saia---,lemming;morpheus
0,ἐκώκυσα,κωκύόω,v1saia---,
1,ἐκωλύθην,κωλύω,v1saip---,lemming;morpheus
1,ἐκώλυσα,κωλύω,v1saia---,lemming;morpheus
0,ἐκώφηνα,κωφαίνω,v1saia---,
0,ἄλλ,ἐλαύνω,v3siia---,
1,ἐλᾷ,ἐλαύνω,v3sfia---,lemming;morpheus
0,ἐλαβόμην,λαμβάνω,v1saie---,
1,ἔλαβον,λαμβάνω,v1saia---,lemming;morpheus
1,ἔλαεν,ἐλαύνω,v3siia---,lemming
0,ἐλαθείς,ἐλαύνω,v-sapp-n-,
1,ἐλάθεσκε,λανθάνω,v3saia---,morpheus
1,ἐλαθήσομαι,ἐλαύνω,v1sfip---,lemming;morpheus
0,ἐλαθόμην,ἐλαύνω,v1saie---,
0,ἔλαθον,ἐλαύνω,v1saia---,
1,ἐλάκησα,λάσκω,v1saia---,lemming;morpheus
1,ἔλακον,λάσκω,v1saia---,lemming;morpheus
1,ἐλάκτισα,λακτίζω,v1saia---,lemming;morpheus
1,ἔλαμψα,λάμπω,v1saia---,lemming;morpheus
1,ἐλάμφθην,λαμβάνω,v1saip---,morpheus
1,ἐλάμφθην,λάμπω,v1saip---,lemming
1,ἐλᾶν,ἐλαύνω,v--pna---,lemming;morpheus
0,ἐλάουσα,ἐλαύνω,v-sppa-n-,
0,ἐλάπαξεν,λαπάττω,v3saia---,
0,ἐλαπάχθην,λαπάττω,v1saip---,
0,ἐλάπην,λέπο,v1saip---,
1,ἐλᾷς,ἐλαύνω,v2sfia---,lemming;morpheus
1,ἔλασα,ἐλαύνω,v1saia---,lemming;morpheus
0,κἐλασαίατο,ἐλαύνω,v3paoe---,
0,ἐλάσαιο,ἐλαύνω,v2saoe---,
0,ἐλάσασχε,ἐλαύνω,v3saia---,
0,ἔλασκον,λάσω,v1siia---,
0,ἐλασσάμενος,ἐλαύνω,v-sape-n-,
0,ἐλασσωθήσομαι,ἐλαττόω,v1sfip---,
1,ἐλάσω,ἐλαύνω,v1sfia---,lemming;morpheus
1,ἐλάτρευσα,λατρεύω,v1saia---,lemming;morpheus
1,ἐλάφθην,λαμβάνω,v1saip---,lemming
1,ἐλάφυξα,λαφύσσω,v1saia---,lemming;morpheus
1,ἐλάχηνα,λαχαίνω,v1saia---,lemming;morpheus
1,ἔλαχον,λαγχάνω,v1saia---,lemming;morpheus
0,ἔλαψα,λαγχάνω,v1saia---,
0,ἐλαψάμην,λαγχάνω,v1saie---,
1,ἐλάω,ἐλαύνω,v1spia---,lemming;morpheus
0,ἐλέανα,λεαίνω,v1saia---,
1,ἐλεάνθην,λεαίνω,v1saip---,lemming
1,ἐλέχην,λέγω,v1saip---,lemming
1,ἐλέγξω,ἐλέγχω,v1sfia---,lemming;morpheus
1,ἐλεγχθήσομαι,ἐλέγχω,v1sfip---,morpheus
1,ἐλέῆσα,ἐλεέω,v1saia---,morpheus
0,ἐἐλείανα,λεαίνω,v1saia---,
1,ἔλειξα,λείχω,v1saia---,lemming;morpheus
1,ἔλειφθεν,λείπω,v3paip---,lemming;morpheus
1,ἐλείφθην,λείπω,v1saip---,lemming;morpheus
1,ἔλειψα,λείπω,v1saia---,lemming
1,ἔλειψα,λείβω,v1saia---,lemming;morpheus
0,ἐλειψάμην,λείπω,v1saie---,
0,ἔλεκτο,λέχομαι,v3saie---,
1,ἐλελείμμην,λείπω,v1slie---,lemming;morpheus
1,ἐλέλειπτο,λείπω,v3slie---,lemming;morpheus
0,ἐλελήθειν,λείπω,v1slia---,
0,ἐλέλιγμι,ἐλελίζω,v1srie---,
0,ἐἐλέλιζον,ἐλελίζω,v1siia---,
0,ἐἐλέλικτο,ἐλελίζω,v3saie---,
1,ἐλέλιξε,ἐλελίζω,v3saia---,lemming;morpheus
1,ἐλελίχθη,ἐλελίζω,v3saip---,lemming;morpheus
1,ἐλελόγχει,λαγχάνω,v3slia---,lemming;morpheus
0,ἐλελύμαντο,λυμαίνω,v3plie---,
1,ἐλελύμην,λύω,v1slie---,lemming;morpheus
1,ἔλεξα,λέγω,v1saia---,lemming;morpheus
0,ἐλεξάμην,λέγω,v1saie---,
0,ἐλεξάμην,λέχομαι,v1saie---,
0,ἐλέξω,λέγω,v2saie---,
0,ἐλέπτονα,λεπτύνω,v1saia---,
1,ἐλεπτύνθην,λεπτύνω,v1saip---,lemming;morpheus
0,ἐλέσθαι,αἱρέω,v--ane---,
0,ἐλέσθων,αἱρέω,v3pame---,
0,ἔλεσκε,αἱρέω,v3saia---,
0,ἐλέτω,αἱρέω,v3sama---,
1,ἔλευσα,λεύω,v1saia---,lemming;morpheus
1,ἐλεύσθην,λεύω,v1saip---,lemming;morpheus
0,ἐλέχθην,λέω,v1saip---,
1,ἔλεψα,λέπω,v1saia---,lemming;morpheus
0,ἐληζόμην,λήζω,v1siie---,
0,ἔληθον,λανθάνω,,
0,ἐληίσθην,λήζω,v1saip---,
1,ἐλήλακα,ἐλαύνω,v1sria---,lemming;morpheus
1,ἐληλάκειν,ἐλαύνω,v1slia---,morpheus
1,ἐλήλασμαι,ἐλαύνω,v1srie---,morpheus
1,ἐλήλατο,ἐλαύνω,v3slie---,lemming;morpheus
0,ἐλήλεγκται,ἐλέγωι,v3srie---,
0,ἐλήλεγκτο,ἐλέγωι,v3slie---,
0,ἐλήλεγμαι,ἐλέγωι,v1srie---,
0,ἐλῃλέδἀτο,ἐλαύνω,v3plie---,
0,ἐλήλιγμαι,ἑλίττω,v1srie---,
0,ἐλήμφθην,λαμβάνω,v1saip---,
0,ἔχηξα,λάσκω,v1saia---,
0,ἔχηξα,λήγω,v1saia---,
1,κἔλησα,λανθάνω,v1saia---,lemming
0,κἐλῃησάμην,λανθάνω,v1saie---,
0,ἐλήσατο,λήζω,v3saie---,
1,ἐλήσθην,λανθάνω,v1saip---,morpheus
0,ἔλῃσι,αἷρξω,v3sasa---,
1,ἐλῃστεύθην,λῃστεύω,v1saip---,lemming;morpheus
0,ἔληται,αἱρέω,v3sase---,
1,ἐλήφθην,λαμβάνω,v1saip---,lemming;morpheus
1,ἐλήχθην,λαγχάνω,v1saip---,lemming;morpheus
1,ἐλιάσθην,λιάζω,v1saip---,lemming;morpheus
0,ἑλιγήσομαι,ἐλίττω,v1sfip---,
1,ἐλίκμησα,λικμάω,v1saia---,lemming;morpheus
1,ἐλίμηνα,λιμαίνω,v1saia---,morpheus
0,ἐλίμωξα,λιμώττω,v1saia---,
1,ἐλίνυον,ἐλινύω,v1siia---,lemming;morpheus
1,ἐλίνυσα,ἐλινύω,v1saia---,lemming;morpheus
1,ἐλινύσω,ἐλινύω,v1sfia---,lemming;morpheus
0,ἐλιξάμην,ἑλίττω,v1saie---,
0,ἑλίξας,ἑλίττω,v-sapa-n-,
0,ἐλίπανα,ἑλίττω,v1saia---,
0,ἑλιπόμην,ἑλίττω,v1saie---,
0,ἔλιπον,ἑλίττω,v1saia---,
0,ἐλίπου,ἑλίττω,v2saie---,
0,ἐλισάμην,ἑλίττω,v1saie---,
0,ἐλιχμησάμην,ἑλίττω,v1saie---,
0,έλκησε,ἑλίττω,v3saia---,
0,ἑλκήσουσιν,ἑλίττω,v3pfia---,
0,ἑλκύσαι,ἑλίττω,v--ana---,
0,ἑλκύσθην,ἑλίττω,v1saip---,
0,ἑλκυσθήσομαι,ἑλίττω,v1sfip---,
0,ἑλκύσομαι,ἑλίττω,v1sfie---,
0,ἕλκυσον,ἑλίττω,v2sama---,
0,ἑλκύσω,ἑλίττω,v1sfia---,
0,ἑλκύσωμαι,ἑλίττω,v1sase---,
0,εἔλλαβον,λαμβάνω,v1saia---,
0,εξλλάβοντο,λαμβάνω,v3paie---,
1,ἔλλαχον,λαγχάνω,v1saia---,morpheus
1,ἑλληνίσαι,ἑλληνίζω,v--ana---,lemming;morpheus
1,ἑλληνισθῆναι,ἑλληνίζω,v--anp---,lemming;morpheus
1,κἔλληξα,λήγω,v1saia---,lemming
0,κἔλλιπον,λείπω,v1saia---,
0,κβἐλλισάμην,λίσσομαι,v1saie---,
1,ἑλλιτάνευσα,λιτανεύω,v1saia---,lemming
0,ἐλλυχνιασμένος,ἑλλυχνιάζω,v-srpe-n-,
0,ἔλξω,ἕλκω,v1sfia---,
1,ἐλογισάμην,λογίζομαι,v1saie---,morpheus
1,ἐλογίσθην,λογίζομαι,v1saip---,lemming
0,ἐλοίατο,αἱρέω,v3paoe---,
1,ἐλοιδορήθην,λοιδορέω,v1saip---,lemming;morpheus
1,ἐλοιδόρησα,λοιδορέω,v1saia---,lemming;morpheus
0,ἑλοίμην,αἱρέω,v1saoe---,
0,ἑλόμενος,αἱρέω,v-sape-n-,
0,ἐλόμην,αἱρέω,v1saie---,
1,ἕλον,αἱρέω,v1saia---,lemming;morpheus
1,ἔλου,λούω,v3siia---,morpheus
0,ἑλοῦ,αἰρέω,v2same---,
1,ἐλούεον,λούω,v1siia---,lemming;morpheus
1,ἐλούθην,λούω,v1saip---,lemming
0,ἑλοῦμαι,αἱρέω,v1sfie---,
0,ἐλούμην,λούω,v1siie---,
1,ἔλουσα,λούω,v1saia---,lemming;morpheus
0,ἐλουσάμην,λούω,v1saie---,
1,ἐλούσθην,λούω,v1saip---,lemming
1,ἐλόχα,λοχάω,v3siia---,lemming;morpheus
1,ἐλοχεύθην,λοχεύω,v1saip---,lemming;morpheus
1,ἐλόχευσε,λοχεύω,v3saia---,lemming;morpheus
1,ἐλόχησαν,λοχάω,v3paia---,lemming;morpheus
1,ἐλόω,ἐλαύνω,v1sfia---,morpheus
0,ἔλπετο,ἐλπίζω,,
0,ἔλσαις,εἴλω,v-sapa-n-,
1,ἔλσαν,εἴλω,v3paia---,lemming;morpheus
1,ἐλυγίσθην,λυγίζω,v1saip---,lemming;morpheus
1,ἐλύθην,λύω,v1saip---,lemming;morpheus
0,ἐλυμάνθην,λυμαίνω,v1saip---,
0,ἐλυμηνάμην,λυμαίνω,v1saie---,
1,ἐλύπησεν,λυπέω,v3saia---,lemming;morpheus
1,ἔλυσα,λύω,v1saia---,lemming;morpheus
0,ἐλυσάμην,λύω,v1saie---,
0,ἐλυσθείς,δύω,v-sapp-n-,
0,ἑλχθήσομαι,ἕλκω,v1sfip---,
0,ἔω,αἱρέω,v1sasa---,
1,ἑλῶ,αἱρέω,v1sfia---,lemming;morpheus
0,ἐδῶ,ἐλαύνω,v1sfia---,
1,ἐλωβήθην,λωβάομαι,v1saip---,lemming
1,ἐλωβησάμην,λωβάομαι,v1saie---,morpheus
1,ἐλωβῆτο,λωβάομαι,v3siie---,morpheus
1,ἔλων,ἐλαύνω,v1siia---,lemming;morpheus
0,ἑλών,αἱρέω,v-sapa-n-,
0,ἐλῶν,ἐλαύνω,v-sppa-n-,
1,ἐλῶσι,ἐλαύνω,v3pfia---,lemming;morpheus
1,ἐμάγην,μάσσω,v1saip---,lemming;morpheus
1,ἔμαθον,μανθάνω,v1saia---,lemming;morpheus
0,ἐμαιῴσαντο,μαιόομαι,v3paie---,
0,ἐμαλαχίσθην,μαλακίζω,v1saip---,
1,ἐμάνην,μαίνομαι,v1saip---,lemming;morpheus
1,ἐμαντεύθη,μαντεύομαι,v3saip---,lemming
1,ἐμαντευσάμην,μαντεύομαι,v1saie---,morpheus
0,ἐμαξάμην,τ κν,v1saie---,
1,ἐμάρανα,μαραίνω,v1saia---,lemming;morpheus
0,ἐμαρανάμην,μαραίνω,v1saie---,
0,ἐἐμαρνάμεσθα,μάρναμαι,v1piie---,
1,ἐμαράνθην,μαραίνω,v1saip---,lemming;morpheus
1,ἐμάρναο,μάρναμαι,v2siie---,lemming;morpheus
1,ἔμαρπτον,μάρπτω,v1siia---,lemming;morpheus
1,ἐμαρτυράμην,μαρτύρομαι,v1saie---,morpheus
1,ἐμαρτυρήθην,μαρτυρέω,v1saip---,lemming;morpheus
0,ἔμαρψ,μάρπτω,v1saia---,
0,ἐμασησάμην,μασάομαι,v1saie---,
1,ἐμαστίγωσα,μαστιγόω,v1saia---,lemming;morpheus
1,ἐμαστίχθην,μαστίζω,v1saip---,lemming;morpheus
1,ἐματαιώθην,ματαιόω,v1saip---,lemming;morpheus
1,ἐμάτευσα,ματεύω,v1saia---,lemming;morpheus
0,ἐμαχεσάμην,μάχομαι,v1saie---,
1,ἐμάχθην,μάσσω,v1saip---,lemming;morpheus
0,ἐμβραμένα,μείρομαι,v-srpe-n-,
1,ἐμεγάλυνα,μεγαλύνω,v1saia---,lemming;morpheus
1,ἐμεγαλύνθην,μεγαλύνω,v1saip---,lemming;morpheus
0,ἐμεγεθύνατο,μεγεθύνω,v3saie---,
1,ἐμεθῆναι,ἐμέω,v--anp---,lemming
1,ἐμεθήσομαι,ἐμέω,v1sfip---,lemming
1,ἐμέθυσα,μεθύω,v1saia---,lemming
0,ἐμεθύσθην,μεθύω,v1saip---,
0,ἐμείγνυντο,μείγνυμι,v3-iie---,
1,ἐμειδία,μειδιάω,v3siia---,lemming;morpheus
1,ἐμειδίασα,μειδιάω,v1saia---,lemming;morpheus
1,ἔμεινα,μένω,v1saia---,lemming;morpheus
1,ἔμειξα,μείγνυμι,v1saia---,lemming
1,ἐμελάνθην,μελαίνω,v1saip---,lemming;morpheus
0,ἐμελήθη,μέλω,v1saip---,
1,ἐμέλησα,μέλω,v1saia---,lemming;morpheus
1,ἐμέλισα,μελίζω,v1saia---,lemming;morpheus
1,ἔμελον,μέλω,v1siia---,lemming;morpheus
1,ἔμελψα,μέλπω,v1saia---,lemming;morpheus
1,ἐμεμαθήκη,μανθάνω,v1slia---,lemming;morpheus
1,ἐμεμάχητο,μάχομαι,v3slie---,lemming;morpheus
0,ἐμέμβλετο,μέλωυ,v3slie---,
1,ἐμέμηκον,μηκάομαι,v1siia---,morpheus
0,ἐμεμήλει,μέω,v3slia---,
0,ἐμεμήνυτο,μηνόω,v3slie---,
1,ἐμεμηχάνητο,μηχανάομαι,v3slie---,lemming;morpheus
0,ἐμεμισθῴμην,μισθόω,v1slie---,
0,ἐμεμίχειν,μἑλίγνυμι,v1slia---,
1,ἐμεμνήμην,μιμνήσκω,v1slie---,lemming;morpheus
1,ἐμεμύκειν,μυκάομαι,v1slia---,morpheus
1,ἐμέμφετο,μέμφομαι,v3siie---,lemming;morpheus
1,ἐμέν,εἰμί,v1ppia---,lemming
0,ἔμενίἁι,ἴημι,v--ana---,
1,ἐμενοίνα,μενοινάω,v3siia---,lemming;morpheus
0,ἕμενος,ἕμι,v-sape-n-,
0,ἐμέομαιε,ἐμέω,v1sfie---,
1,ἐμέρισα,μερίζω,v1saia---,lemming;morpheus
1,ἐμερμήρισα,μερμηρίζω,v1saia---,lemming;morpheus
1,ἐμέσαι,ἐμέω,v--ana---,lemming;morpheus
1,ἔμεσσα,ἐμέω,v1saia---,lemming;morpheus
1,ἐμέσω,ἐμέω,v1sfia---,lemming;morpheus
0,ἐμνημονευσάμην,μνημονεύω,v1saie---,
0,ἐμνησάμην,μιμνήσκω,v1saie---,
1,ἐμνήσθην,μιμνήσκω,v1saip---,lemming;morpheus
0,ἐμνήστευα,μνηστεύω,v1saia---,
0,ἐμοίχευσαις,μοιχεύω,v2saia---,
0,ἔμολν,βλώσκω,v1saia---,
0,ἐμολύθην,μολύνω,v1saip---,
0,ἐμοῦμαι,ἐμέω,v1sfie---,
0,ἐμπεπόληκα,ἐμπολάω,v1sria---,
1,ἐμπολήσω,ἐμπολάω,v1sfia---,lemming;morpheus
1,ἐμυήθην,μυέω,v1saip---,lemming;morpheus
1,ἐμυθολόγησεν,μυθολογέω,v3saia---,lemming;morpheus
0,ἐμυκήσαντο,μυκάομαι,v3-aie---,
1,ἔμυξα,μύζω,v1saia---,lemming;morpheus
0,ἐμύρατο,μύρω,v3saie---,
1,ἔμυσα,μύω,v1saia---,lemming;morpheus
1,ἐμυσάχθην,μυσάττομαι,v1saip---,lemming
1,ἐμωμησάμην,μωμάομαι,v1saie---,morpheus
0,ἐμώρανα,μωραένω,v1saia---,
1,ἔναιον,ναίω,v1siia---,lemming;morpheus
1,ἐναιρέμεν,ἐναίρω,v--pna---,lemming;morpheus
1,ἔναιρον,ἐναίρω,v1siia---,lemming;morpheus
0,ἐναντιεύμενος,ἐναντιόομαι,v-sppe-n-,
1,ἐναντιωθήσομαι,ἐναντιόομαι,v1sfip---,lemming
1,ἐναντιώσομαι,ἐναντιόομαι,v1sfie---,morpheus
0,ἕναξα,νάτωο,v1saia---,
1,ἐνάριζον,ἐναρίζω,v1siia---,lemming;morpheus
0,ἐναρίξατο,ἐναρίζω,v3-aie---,
1,ἐναρίξω,ἐναρίζω,v1sfia---,lemming;morpheus
1,ἐνάρκησε,ναρκάω,v3saia---,lemming;morpheus
1,ἕναρον,ἐναίρω,v1saia---,lemming
1,ἐνάσθην,ναίω,v1saip---,lemming;morpheus
0,ἐνασσάμην,ναίω,v1saie---,
0,ἐναυπηγησάμεθα,ναυπηγέω,v1paie---,
1,ἐναυτίασα,ναυτιάω,v1saia---,lemming;morpheus
1,ἐνδιάασκε,ἐνδιάω,v3siia---,morpheus
1,ἐνεανιευσάμην,νεανιεύομαι,v1saie---,morpheus
1,ἐνεγεγυήμην,ἐγγυάω,v1slie---,lemming
1,ἐνεγεγύητο,ἐγγυάω,v3slie---,lemming
1,ἐνέγκαι,φέρω,v--ana---,lemming;morpheus
0,ἐνεγυᾶτο,ἐγγυάω,v3siie---,
1,ἐνεγύησα,ἐγγυάω,v1saia---,lemming
0,ἐνεγυησάμην,ἐγγυάω,v1saie---,
0,ἐνεγύων,ἐγγυάω,v1siia---,
0,ἐνεγχθείς,ἐγγυάω,v-sapp-n-,
1,ἐνεδρεύσω,ἐνεδρεύω,v1sfia---,lemming;morpheus
1,ἔνεικα,φέρω,v1saia---,lemming;morpheus
0,ένεικάντων,φέρω,v3pama---,
0,ἐνείκεσα,φέρω,v1saia---,
0,ἔνειμα,φέρω,v1saia---,
0,ἐνειμάμην,φέρω,v1saie---,
0,ἐνείφθην,φέρω,v1saip---,
0,ἔνειψα,φέρω,v1-aia---,
0,ἐνεκωμίαζον,φέρω,v1siia---,
0,ἐνεκωμίασα,φέρω,v1saia---,
0,ἐνεκωμιάσθην,φέρω,v1saip---,
0,ἐνεμεσήθην,φέρω,v1saip---,
0,ἐνεμέσησα,φέρω,v1saia---,
0,ἐνεμέσσα,φέρω,v3siia---,
0,ἐνεμέσων,φέρω,v1siia---,
0,ἐνεμήθην,φέρω,v1saip---,
1,ἐνένηστο,νέω,v3slie---,lemming;morpheus
0,ἐνένισπε,ἐνίπτω,v3saia---,
1,ἐνενόμιστο,νομίζω,v3slie---,lemming;morpheus
1,ἐνένωτο,νοέω,v3slie---,lemming;morpheus
0,ἐνεόττευσεν,νεοττεύω,v3saia---,
0,ἐνεόχμωσα,γεοχμόω,v1saia---,
1,ἐνεπόλησα,ἐμπολάω,v1saia---,lemming
1,ἔνευσα,νέω,v1saia---,lemming;morpheus
0,ἔνευσα,νὼ,v1saia---,
1,ἐνεχθήσομαι,φέρω,v1sfip---,lemming;morpheus
1,ἐνεχυρᾷς,ἐνεχυράζω,v2sfia---,morpheus
0,ἐνεχυράσων,ἐνεχυράζω,v-sfpa-n-,
0,ἐνεώσατο,νεάω,v3saie---,
1,ἐνηδρεύθην,ἐνεδρεύω,v1saip---,lemming;morpheus
0,ἐνήδρευμαι,ἐνεδρεύω,v1-rie---,
1,ἐνήδρευον,ἐνεδρεύω,v1siia---,lemming;morpheus
1,ἐνήδρευσα,ἐνεδρεύω,v1saia---,lemming;morpheus
1,ἐνήνεγμαι,φέρω,v1srie---,lemming;morpheus
0,ἐνηνειγμένος,φέρω,v-srpe-n-,
1,ἐνήνεκται,φέρω,v3srie---,lemming;morpheus
1,ἐνηνέχθαι,φέρω,v--rne---,lemming;morpheus
1,ἐνήνοχα,φέρω,v1sria---,lemming;morpheus
1,ἐνηνόχειν,φέρω,v1slia---,morpheus
0,ἐνηντίωμαι,φέρω,v1srie---,
0,ἑνήξατο,φέρω,v3saie---,
1,ἐνήργουν,ἐνεργέω,v1siia---,morpheus
0,ἔνησα,ἐνεργέω,v1saia---,
0,ἔνησα,ἐνεργέω,v1saia---,
0,ἐνησάμην,ἐνεργέω,v1saie---,
0,ἐνήσθην,ἐνεργέω,v1saip---,
0,ἐνῆσω,ἐνεργέω,v2saie---,
0,ἔνηφον,ἐνεργέω,v1siia---,
0,ἔνθ,ἐνεργέω,v1saia---,
0,ἔνι,ἔνειμι,v3spia---,
0,κἕνι,ἔνειμι,v3ppia---,
0,βἕνι,ἔνειμι,v3sfie---,
0,κἐνίκαι,φέρω,v--ana---,
1,ἐνίκησεν,νικάω,v3saia---,lemming;morpheus
0,ἐἔνιπτεν,ἐνίπτω,v3siia---,
0,ἐνίσατο,νίσομαι,v3saie---,
1,ἕνισπε,ἐνέπω,v2sama---,lemming
1,ἐνισπεῖν,ἐνέπω,v--ana---,lemming;morpheus
0,ἐνισπής,ἐνέπω,v1sfia---,
1,ἐνίσποι,ἐνέπω,v3saoa---,lemming;morpheus
1,ἔνισπον,ἐνέπω,v1saia---,lemming;morpheus
1,ἐνίσπω,ἐνέπω,v1sasa---,lemming;morpheus
0,ἐνισσέμεν,ἐνίπτω,v--pna---,
1,ἐνίφθην,νίζω,v1saip---,lemming;morpheus
1,ἐνίψαι,ἐνίπτω,v--ana---,morpheus
0,ἐνιψάμην,νίζω,v1saie---,
1,ἐνίψω,ἐνίπτω,v1sfia---,lemming;morpheus
0,ἔννἐον,νέω,v1siia---,
1,ἔννεπον,ἐνέπω,v1siia---,lemming;morpheus
1,ἕννυτο,ἕννυμι,v3siie---,lemming;morpheus
1,ἐνοήθην,νοέω,v1saip---,lemming;morpheus
1,ἐνόμισα,νομίζω,v1saia---,lemming;morpheus
1,ἔξηνα,ξαίνω,v1saia---,lemming;morpheus
0,ἐξηραμένος,ξηραίνω,v-srpe-n-,
1,ἐξήρανα,ξηραίνω,v1saia---,lemming;morpheus
1,ἐξηράνθην,ξηραίνω,v1saip---,lemming;morpheus
0,ἔξομαι,ἔχω,v1sfie---,
0,ἑξόμενος,ἔχω,v-sfpe-n-,
1,ἐξύρημαι,ξυρέω,v1srie---,lemming;morpheus
1,ἐξύρησα,ξυρέω,v1saia---,lemming;morpheus
0,ἐξυρησάμην,ξυρέω,v1saie---,
0,ἐξυσάμην,ξύω,v1saie---,
1,ἐξύσθην,ξύω,v1saip---,lemming;morpheus
1,ἔξυσμαι,ξύω,v1srie---,lemming;morpheus
0,ἔξω,ἔχω,v1sfia---,
0,ἔο,ἴημι,v2same---,
1,ἔοι,εἰμί,v3spoa---,lemming;morpheus
1,ἔοιγμεν,ἔοικα,v1pria---,morpheus
0,ἔο,ἔοικα,v2sria---,
0,ἐο,ἔοικα,v3pria---,
1,ἔοικε,ἔοικα,v3sria---,lemming;morpheus
1,ἐοικέναι,ἔοικα,v--rna---,lemming;morpheus
1,ἐοίκεσαν,ἔοικα,v3plia---,lemming;morpheus
1,ἐοίκοιμι,ἔοικα,v1sroa---,lemming;morpheus
0,ἐοικυῖα,ἔοικα,v-srpa-n-,
0,ἐοίκω,ἔοικα,v1-rsa---,
0,ἐοικώς,ἔοικα,v-srpa-n-,
0,ἔοις,εμὶ,v2spoa---,
0,ἔολπα,ἐλπίζω,,
0,ἔον,εμέ,v1siia---,
0,ἐόν,εμέ,v-sppa-n-,
1,ἑόρακα,ὁράω,v1sria---,lemming;morpheus
0,ἔοργαν,ἕρδω,v3pria---,
0,ἐοργώς,ἔρδω,v-srpa-n-,
1,ἐούρηκα,οὐρέω,v1sria---,lemming
1,ἐούρησα,οὐρέω,v1saia---,lemming;morpheus
1,ἐπάγην,πήγνυμι,v1saip---,lemming;morpheus
1,ἐπαγκρατίασε,παγκρατιάζω,v3saia---,lemming;morpheus
0,ἐπαθηνάμην,παθαίνω,v1saie---,
1,ἔπαθον,πάσχω,v1saia---,lemming;morpheus
1,ἐπαιδαγωγήθην,παιδαγωγέω,v1saip---,lemming;morpheus
1,ἐπαιδεύθην,παιδεύω,v1saip---,lemming;morpheus
1,ἐπαίδευσα,παιδεύω,v1saia---,lemming;morpheus
0,ἐπαιδευσάμην,παιδεύω,v1saie---,
1,ἔπαιξα,παίζω,v1saia---,lemming;morpheus
1,ἐπαιόμην,παίω,v1siie---,lemming;morpheus
1,ἔπαιον,παίω,v1siia---,lemming;morpheus
1,ἔπαισα,παίω,v1saia---,lemming;morpheus
1,ἔπαισα,παίζω,v1saia---,morpheus
0,ἐπαισάμην,παίω,v1saie---,
1,ἐπαίσθην,παίω,v1saip---,lemming;morpheus
1,ἐπαίχθην,παίζω,v1saip---,lemming;morpheus
1,ἐπαλαίσθην,παλαιός,v1saip---,morpheus
0,ἐπαλαίωσα,παλα ιόω,v1saia---,
1,ἐπάλην,πάλλω,v1saip---,lemming
1,ἔπαλλον,πάλλω,v1siia---,lemming;morpheus
1,ἐπανορθωθήσομαι,ἐπανορθόω,v1sfip---,lemming;morpheus
0,ἔπαξα,πήῆγνυι,v1saia---,
1,ἐπάπτηνα,παπταίνω,v1saia---,lemming;morpheus
1,ἔπαρδον,πέρδομαι,v1saia---,morpheus
0,ἐπάρην,πείῤω,v1saip---,
0,ἐπαρ,παρρὴς ιάζω,v1saie---,
0,ἐπαρ,παροινέω,v1saip---,
1,ἐπαρῴνησα,παροινέω,v1saia---,lemming;morpheus
1,ἐπαρῴνουν,παροινέω,v1siia---,morpheus
0,ἔπασα,πάττω,v1saia---,
0,ἐπασάμην,πατέομαι,v1saie---,
0,ἐπασάμην,πάο μαι,v1saie---,
0,ἐπάσθην,πάττω,v1saip---,
0,ἐπασσάλευσαν,πατταλεύω,v3paia---,
1,ἔπασχον,πάσχω,v1siia---,lemming;morpheus
1,ἐπάταξα,πατάσσω,v1saia---,lemming;morpheus
1,ἐπατάχθην,πατάσσω,v1saip---,lemming;morpheus
1,ἐπάτησε,πατέω,v3saia---,lemming;morpheus
1,ἐπαύθην,παύω,v1saip---,lemming;morpheus
0,ἐπαύρασθαι,ἐπαυρέω,v--ane---,
1,ἐπαυρεῖν,ἐπαυρέω,v--ana---,lemming;morpheus
0,ἐπαύρεο,ἐπαυρέω,v2saie---,
0,ἐπαυρέσθαι,ἐπαυρέω,v--ane---,
1,ἐπαύρηαι,ἐπαυρέω,v2sase---,morpheus
0,ἐπαυρήσεσθαι,ἐπαυρέω,v--fne---,
0,ἐπαυρήσομαι,ἐπαυρέω,v1sfie---,
0,ἐπαύροιτο,ἐπαυρέω,v3saoe---,
1,ἔπαυσα,παύω,v1saia---,lemming;morpheus
0,ἐπαυσάμην,παύω,v1saie---,
1,ἐπαύσθην,παύω,v1saip---,lemming;morpheus
0,ἐπαχνώθη,παχνω,v3saip---,
1,ἐπέδησε,πεδάω,v3saia---,lemming;morpheus
1,ἔπειγον,ἐπείγω,v1siia---,morpheus
0,ἔπε,πε ίθω,v1siia---,
1,ἐπείνας,πεινάω,v2siia---,lemming
1,ἐπείνων,πεινάω,v1siia---,lemming;morpheus
0,ἐπείξομαι,ἐπείγω,v1sfie---,
1,ἔπειρα,πείρω,v1saia---,lemming;morpheus
1,ἐπειράθην,πειράω,v1saip---,lemming;morpheus
0,ἐπείραινε,περαίνω,v3-iia---,
1,ἐπείρασα,πειράω,v1saia---,lemming;morpheus
0,ἐπειρασάμην,πειράω,v1saie---,
1,ἐπειρήθην,πειράω,v1saip---,lemming;morpheus
0,ἐπείρηνα,περαίνω,v1-aia---,
0,ἐπείρων,περω,v1siia---,
1,ἔπεισα,πείθω,v1saia---,lemming;morpheus
0,ἐπεισάμην,πείθω,v1saie---,
0,ἐπεισέφρηκε,ἐπεισφρέω,v3sria---,
1,ἐπεισέφρησε,ἐπεισφρέω,v3saia---,lemming;morpheus
1,ἐπείσθην,πείθω,v1saip---,lemming;morpheus
1,ἐπεπόρδει,πέρδομαι,v3slia---,lemming;morpheus
1,ἐπεπόριστο,πορίζω,v3slie---,lemming;morpheus
0,ἐπεπράγεσαν,πράττω,v3plia---,
0,ἐπεπράκειν,πέρνημι, -ιπράσκω,
0,ἐπέπρακτο,πράτωο,v3slie---,
0,ἐπέπρατο,πέρνημι, -ιπράσκω,
0,ἐπεπράχει,πράττο,v3slia---,
1,ἐπέπτατο,πετάννυμι,v3slie---,lemming;morpheus
1,ἐπεπτώκειν,πίπτω,v1slia---,morpheus
0,ἐπεπύσμην,πονθάνομαι,v1slie---,
0,ἐπέραισα,περάω,v1saia---,
0,ἐπεραιῴθην,περαιόω,v1saip---,
1,ἐπέρανα,περαίνω,v1saia---,lemming;morpheus
0,ἐπερανάμην,περαίνω,v1saie---,
1,ἐπεράνθην,περαίνω,v1saip---,lemming;morpheus
1,ἐπέρασα,περάω,v1saia---,lemming;morpheus
0,ἐπέρασσα,πέρνημι, -ιπράσκω,
0,ἐπέρναντο,πέρνημι, -ιπράσκω,
1,ἕπερσα,πέρθω,v1saia---,lemming
1,ἔπεσα,πίπτω,v1saia---,lemming
1,ἑπέσθω,ἕπω,v3spme---,lemming
1,ἔπεσον,πίπτω,v1saia---,lemming;morpheus
1,ἐπέτασα,πετάννυμι,v1saia---,lemming;morpheus
1,ἐπετάσθην,πέτομαι,v1saip---,lemming
1,ἐπετάσθην,πετάννυμι,v1saip---,lemming;morpheus
1,ἐπετήδευον,ἐπιτηδεύω,v1siia---,lemming;morpheus
1,ἐπετήδευσα,ἐπιτηδεύω,v1saia---,lemming;morpheus
1,ἐπετόμην,πέτομαι,v1siie---,lemming;morpheus
1,ἔπετον,πίπτω,v1saia---,lemming;morpheus
1,ἐπέφαντο,φαίνω,v3plie---,lemming;morpheus
0,ἐπέφθην,πέττω,v1saip---,
1,ἐπεφιλοστοργήκει,φιλοστοργέω,v3slia---,lemming;morpheus
0,ἔπεφνον,πεφνεῖν,v1saia---,
1,ἐπεφόβηντο,φοβέω,v3plie---,lemming;morpheus
0,ἐπεφρίκει,φρίττω,v3slia---,
1,ἐπεφροντίκει,φροντίζω,v3slia---,lemming;morpheus
0,ἐπέφυκον,φύω,v3plia---,
1,ἐπέφυρτο,φύρω,v3slie---,lemming;morpheus
1,ἐπεφύσητο,φυσάω,v3slie---,lemming;morpheus
1,ἐπέχθην,πέκω,v1saip---,lemming;morpheus
0,ἔπεψα,πέττω,v1saia---,
0,ἐπεψάμην,πέττω,v1saie---,
0,ἐπήγνυτο,πῆγνυμι,v3siie---,
1,ἐπήδησα,πηδάω,v1saia---,lemming;morpheus
1,ἔπηλα,πάλλω,v1saia---,lemming;morpheus
1,ἐπημάνθην,πημαίνω,v1saip---,lemming;morpheus
0,ἐπῆμηνα,πημαίνω,v1saia---,
1,ἐπηνωρθούμην,ἐπανορθόω,v1siie---,morpheus
1,ἐπηνώρθουν,ἐπανορθόω,v1siia---,morpheus
1,ἐπηνωρθώθην,ἐπανορθόω,v1saip---,lemming;morpheus
1,ἐπηνώρθωμαι,ἐπανορθόω,v1srie---,lemming
1,ἐπηνώρθωσα,ἐπανορθόω,v1saia---,lemming;morpheus
1,ἔπηξα,πήγνυμι,v1saia---,lemming;morpheus
0,ἐπηξάμην,πήγνυμι,v1saie---,
1,ἕπηται,ἕπω,v3spse---,lemming
0,ἐπηυράμην,ἐπαυρέω,v1saie---,
0,ἐπηυρόμην,ἐπαυρέω,v1saie---,
1,ἐπηῦρον,ἐπαυρέω,v1saia---,lemming;morpheus
0,ἐπήχθην,πήγυμ,v1saip---,
1,ἐπιάνθην,πιαίνω,v1saip---,lemming;morpheus
1,ἐπίασα,πιάζω,v1saia---,lemming;morpheus
1,ἐπίεζον,πιέζω,v1siia---,lemming;morpheus
1,ἐπιεζοῦντο,πιέζω,v3piie---,morpheus
1,ἐπίεσα,πιέζω,v1saia---,lemming;morpheus
1,ἐπιέσθην,πιέζω,v1saip---,lemming;morpheus
0,ἐπίηνα,πιαίνω,v1saia---,
0,ἐπίθοντο,πείθω,v3paie---,
1,ἐπίκρανα,πικραίνω,v1saia---,lemming
0,ἐπίμπλασαν,πικοαίνω,v3piia---,
0,ἐπίμπρησαν,πίμπρημι ΝΞ,v3piia---,
1,ἐπινύσθην,πινύσκω,v1saip---,lemming;morpheus
0,ἐἐπίνυσσα,πινύσκω,v1saia---,
0,ἔπιον,πίνω,v1paia---,
0,ἐπισάμην,πιπίσκω,v1saie---,
1,ἐπίσθην,πιπίσκω,v1saip---,lemming;morpheus
1,ἐπίστασαι,ἐπίσταμαι,v2spie---,lemming;morpheus
1,ἐπίστασο,ἐπίσταμαι,v2spme---,lemming;morpheus
1,ἐπίστατο,ἐπίσταμαι,v3siie---,lemming;morpheus
1,ἐπίστεαι,ἐπίσταμαι,v2spie---,lemming;morpheus
1,ἐπιστέατο,ἐπίσταμαι,v3piie---,morpheus
1,ἐπιστέωμαι,ἐπίσταμαι,v1spse---,morpheus
1,ἐπίστῃ,ἐπίσταμαι,v2spie---,lemming;morpheus
0,ἐπιστήσομαι,ἐπίσταμαι,v1sfie---,
1,ἐπίστωμαι,ἐπίσταμαι,v1spse---,lemming;morpheus
0,ἐπιστώσαντο,πιστόω,v3paie---,
0,ἐπιτετή,ἐπιτηδεύω,v1sria---,
0,ἐπιτετηδευμένος,ἐπιτηδεύω,v-srpe-n-,
1,ἐπιτετήδευται,ἐπιτηδεύω,v3srie---,lemming;morpheus
0,ἐπιτηδεύσας,ἐπιτηδεύω,v-sapa-n-,
1,ἐπιτηδεύσω,ἐπιτηδεύω,v1sfia---,lemming;morpheus
0,ἐπίτναντο,πετάννυμι,,
0,ἐπλάγην,πλήττω,v1saip---,
1,ἔπλαγξα,πλάζω,v1saia---,lemming;morpheus
1,ἐπλάγχθην,πλάζω,v1saip---,lemming;morpheus
1,ἐπλάθην,πελάζω,v1saip---,morpheus
0,ἐπλάκην,πελάζω,v1saip---,
1,ἐπλανήθην,πλανάω,v1saip---,lemming;morpheus
0,ἔπλασα,πλάττω,v1saia---,
0,ἐπλάσθην,πλάττω,v1saip---,
1,ἐπλατύνθη,πλατύνω,v3saip---,lemming;morpheus
1,ἔπλε,πέλω,v3siia---,lemming;morpheus
1,ἔπλειον,πλέω,v1siia---,morpheus
1,ἔπλεξα,πλέκω,v1saia---,lemming;morpheus
0,ἐπλεξάμην,πλέκω,v1saie---,
1,ἔπλεο,πέλω,v2siie---,lemming;morpheus
0,ἔπλετο,πέλω,v3-iie---,
1,ἔπλευ,πέλω,v2siie---,morpheus
1,ἔπλευσα,πλέω,v1saia---,lemming;morpheus
1,ἐπλεύσθην,πλέω,v1saip---,lemming;morpheus
1,ἐπλέχθην,πλέκω,v1saip---,lemming;morpheus
0,ἐπλήμην,πίμπλημι,v1saie---,
0,ἔπληντο,πελάζω,v3-aie---,
0,ἔπληξα,πλήττω,v1saia---,
0,ἐπληξάμην,πλήττω,v1saie---,
0,πληροῦσαν,πληρόω,v3piia---,
0,ἐπληρωσάμην,πληρόω,v1saie---,
1,ἔπλησα,πίμπλημι,v1saia---,lemming;morpheus
0,ἐπλησάμην,πίμπλημι,v1saie---,
1,ἐπλήσθην,πίμπλημι,v1saip---,lemming;morpheus
0,ἔπλητο,πίμπλημι,v3saie---,
0,ἔπλητο,πελάζω,v3saie---,
0,ἐπλήχθην,πλήττω,v1saip---,
1,ἐπλίξατο,πλίσσομαι,v3saie---,morpheus
1,ἐπλούτησε,πλουτέω,v3saia---,lemming;morpheus
1,ἐπλύθην,πλύνω,v1saip---,lemming;morpheus
0,ἔπλω,πλέω,,
0,ἔπλωον,πλέω,,
0,ἔπλως,πλέω,,
0,ἔπλωσα,πλέω,,
1,ἔπνευσα,πνέω,v1saia---,lemming;morpheus
1,ἐπνεύσθην,πνέω,v1saip---,lemming
1,ἐπνίγην,πνίγω,v1saip---,lemming;morpheus
1,ἔπνιξα,πνίγω,v1saia---,lemming;morpheus
1,ἐπνίχθην,πνίγω,v1saip---,lemming;morpheus
0,ἐπόθεσα,πνίγω,v1saia---,
0,ἐπόθην,πνίγω,v1saip---,
0,ἐποκίξατο,πνίγω,v3saie---,
0,ἐπολεμήθην,πνίγω,v1saip---,
0,ἐπολεμησάμην,πνίγω,v1saie---,
0,ἐπολιορκήθην,πνίγω,v1saip---,
1,ἐπόλισσα,πολίζω,v1saia---,lemming;morpheus
1,ἐπολιτεύθην,πολιτεύω,v1saip---,lemming;morpheus
0,ἐπολιτευσάμην,πολιτεύω,v1saie---,
1,ἐπονεῖτο,πονέω,v3siie---,lemming;morpheus
1,ἐπόνεσα,πονέω,v1saia---,morpheus
0,ἐπονήθην,πονέω,v1saip---,
1,ἐπονησάμην,πονέω,v1saie---,morpheus
1,ἐπορεύθην,πορεύω,v1saip---,lemming;morpheus
1,ἐπόρευσα,πορεύω,v1saia---,lemming;morpheus
0,ἐπορευσάμην,πορεύω,v1saie---,
1,ἐπορθέετο,πορθέω,v3siie---,lemming;morpheus
1,ἐπόρισα,πορίζω,v1saia---,lemming;morpheus
0,ἐπορισάμην,πορίζω,v1saie---,
1,ἐπορίσθην,πορίζω,v1saip---,lemming;morpheus
0,ἔπορον,πορεῖν,v1saia---,
0,ἐπόρσυα,πορσύνω,v1saia---,
0,ἐποτήθην,πέτομαι, -οτάομαι,
1,ἐπραγματεύθην,πραγματεύομαι,v1saip---,lemming
1,ἐπραγματευσάμην,πραγματεύομαι,v1saie---,morpheus
0,ἔπραθον,πέθθω,v1saia---,
0,ἔπραξα,πράττω,v1saia---,
0,ἐπραξάμην,πράττω,v1saie---,
0,ἐπράυνα,πραΐύνω,v1saia---,
0,ἐπραύνθην,πραΐύνω,v1saip---,
0,ἐπράχθην,πράττω,v1saip---,
1,ἔπρεπον,πρέπω,v1siia---,lemming;morpheus
0,ἐπρεσβευσάμην,πρεσβεύω,v1saie---,
1,ἐπρηγματευσάμην,πραγματεύομαι,v1saie---,morpheus
0,ἔπρηθον,πραγματεύομαι,v1siia---,
0,ἔπρηξα,πραγματεύομαι,v1saia---,
0,ἔπρησα,πραγματεύομαι,v1saia---,
0,ἔπρησα,πραγματεύομαι,v1saia---,
0,ἔπρησα,πραγματεύομαι,v1saia---,
0,ἐπρησάμην,πραγματεύομαι,v1saie---,
0,ἐπρήσθην,πραγματεύομαι,v1saip---,
1,ἐπρήσθην,πίμπρημι,v1saip---,lemming;morpheus
0,ἐπριάμην,πρίαμαι,v1saie---,
1,ἔπριον,πρίω,v1siia---,lemming;morpheus
1,ἔπρισα,πρίω,v1saia---,lemming;morpheus
1,ἐπρίσθην,πρίω,v1saip---,lemming;morpheus
0,ἐπρίω,πρίαμαι,v2saie---,
1,ἐπροφήτευον,προφητεύω,v1siia---,lemming;morpheus
0,ἐπροφήτευσα,προφητεύω,v1-aia---,
1,ἔπταικα,πταίω,v1sria---,lemming;morpheus
1,ἐπταίσθη,πταίω,v3saip---,morpheus
1,ἔπτακον,πτήσσω,v1saia---,lemming;morpheus
0,ἐπτάμην,πέτομαι,v1saie---,
0,ἔπταξα,πτήσω,v1saia---,
0,ἐπταρνύμην,πταίρω,,
0,ἔπταρον,πταίρω,,
1,ἐπτέρνικα,πτερνίζω,v1sria---,lemming;morpheus
0,ἐπτερύσσετο,πτερύσσω,v3siie---,
0,ἔπτηκχα,πτήσσω,v1sria---,
1,ἔπτηξα,πτήσσω,v1saia---,lemming;morpheus
1,ἔπτισα,πτίσσω,v1saia---,lemming;morpheus
1,ἐπτίσθην,πτίσσω,v1saip---,lemming;morpheus
1,ἔπτισμαι,πτίσσω,v1srie---,morpheus
0,ἐπτόαισα,πτοέω,v1saia---,
1,ἐπτόημαι,πτοέω,v1srie---,lemming;morpheus
1,ἐπτοίημαι,πτοέω,v1srie---,lemming;morpheus
1,ἐπτοίησα,πτοέω,v1saia---,lemming;morpheus
0,ἐπτόμην,πέτομαι,v1saie---,
0,ἐπτύγην,πέτομαι,v1saip---,
0,ἔπτυγμαι,πέτομαι,v1srie---,
0,ἔπτυκα,πέτομαι,v1spia---,
0,ἔπτυξα,πέτομαι,v1saia---,
0,ἐπτυξάμην,πέτομαι,v1saie---,
0,ἐπτύρην,πέτομαι,v1saip---,
0,ἔπτυσα,πέτομαι,v1saia---,
0,ἐπτύσθην,πέτομαι,v1saip---,
0,ἐπτύχθην,πέτομαι,v1saip---,
0,ἐπύθετο,πέτομαι,v3saie---,
0,ἐπύθετο,πέτομαι,v3siie---,
0,ἐπυθόμην,πέτομαι,v1saie---,
0,ἐπύκαζον,πέτομαι,v1siia---,
0,ἐπυκάσθην,πέτομαι,v1saip---,
0,ἐπύκασσα,πέτομαι,v1saia---,
0,ἐπύργωσε,πέτομαι,v3saia---,
0,ἐπύρεξα,πέτομαι,v1saia---,
0,ἐπυριησάμην,πέτομαι,v1saie---,
0,ἔπυσα,πέτομαι,v1saia---,
0,ἐπωλήθην,πέτομαι,v1saip---,
0,ἐπώλησα,πέτομαι,v1saia---,
1,ἐράασθε,ἔραμαι,v2ppie---,morpheus
0,ἐραθείς,ἐράω,v-sapp-n-,
1,ἐραίμαν,ἔραμαι,v1spoe---,morpheus
0,ἔρασαι,ῥαπτω,v2spie---,
1,ἐρᾶσθαι,ἐράω,v--pne---,lemming;morpheus
1,ἐράσθην,ἔραμαι,v1saip---,lemming;morpheus
1,ἐρασθήσομαι,ἔραμαι,v1sfip---,lemming;morpheus
1,ἔραται,ἔραμαι,v3spie---,lemming;morpheus
1,ἐρᾶται,ἐράω,v3spie---,lemming;morpheus
1,ἐργαξοῦμαι,ἐργάζομαι,v1sfie---,morpheus
1,ἐργασαίατο,ἐργάζομαι,v3paoe---,morpheus
1,ἐργασθῆναι,ἐργάζομαι,v--anp---,lemming
1,ἐργασθήσομαι,ἐργάζομαι,v1sfip---,lemming
1,ἐργάσομαι,ἐργάζομαι,v1sfie---,morpheus
0,ἐργμένος,ἔρδω,v-srpe-n-,
1,ἐργῶμαι,ἐργάζομαι,v1sfie---,morpheus
1,ἔρδον,ἔρδω,v1siia---,lemming;morpheus
1,ἐρέεσθαι,εἴρω,v--pne---,morpheus
1,ἔρεζον,ῥέζω,v1siia---,lemming;morpheus
1,ἐρεθιζέμεν,ἐρεθίζω,v--pna---,lemming;morpheus
1,ἐρέθιζον,ἐρεθίζω,v1siia---,lemming;morpheus
1,ἐρεθίξαι,ἐρεθίζω,v--ana---,morpheus
1,ἐρέθισα,ἐρεθίζω,v1saia---,lemming;morpheus
0,ἐρεθισθείς,ἐρεθίζω,v-sapp-n-,
1,ἐρεθίσω,ἐρεθίζω,v1sfia---,lemming;morpheus
1,ἔρειδον,ἐρείδω,v1siia---,lemming;morpheus
0,ἐρειξάμην,ἐρέικω,v1saie---,
0,ἐρείξας,ἐρέικω,v-sapa-n-,
1,ἔρειξον,ἐρέικω,v2sama---,lemming;morpheus
0,ἔρειο,ἔὡρομαι,v2same---,
1,ἔρειπον,ἐρείπω,v1siia---,lemming;morpheus
1,ἔρεισα,ἐρείδω,v1saia---,lemming;morpheus
1,ἐρείσατε,ἐρείδω,v2pama---,lemming;morpheus
1,ἐρείσθην,ἐρείδω,v1saip---,lemming;morpheus
0,ἐρείσομαι,ἐρείδω,v1sfie---,
1,ἐρείσω,ἐρείδω,v1sfia---,lemming;morpheus
0,ἐρειφθείς,ἐρείπω,v-sapp-n-,
1,ἐρεῖψαι,ἐρείπω,v--ana---,lemming;morpheus
1,ἐρείψω,ἐρείπω,v1sfia---,lemming;morpheus
1,ἔρεξα,ῥέζω,v1saia---,lemming;morpheus
0,ἐρέοντο,εἴρω,v3-iie---,
1,ἐρέουσι,εἴρω,v3pfia---,lemming
1,ἐρέουσι,εἴρω,v3ppia---,lemming;morpheus
1,ἐρέριπτο,ἐρείπω,v3slie---,lemming;morpheus
0,ἐρέσθαι,ἔὡρομαι,v--ane---,
1,ἔρεσσον,ἐρέσσω,v3piia---,lemming;morpheus
0,ἐρεύξομαι,ἐρεύγομαι,v1sfie---,
0,ἐρεῦσαι,ἐρεύόθω,v--ana---,
1,ἔρεψαν,ἐρέφω,v3paia---,lemming;morpheus
0,ἐρέψομαι,ἐρέφω,v1sfie---,
1,ἐρέψω,ἐρέφω,v1sfia---,lemming;morpheus
1,ἐρέω,εἴρω,v1sfia---,lemming
1,ἐρέωμαι,εἴρω,v1spse---,lemming;morpheus
1,ἔρηνα,ῥαίνω,v1saia---,lemming;morpheus
1,ἐρηρέδαται,ἐρείδω,v3prie---,lemming;morpheus
1,ἐρηρέδατο,ἐρείδω,v3plie---,lemming;morpheus
0,ἐρήρεινται,ἐρείδω,v3-rie---,
0,ἐρήρειπται,ἐρείπω,v3srie---,
1,ἐρήρεισμαι,ἐρείδω,v1srie---,lemming;morpheus
1,ἐρήριγμαι,ἐρέικω,v1srie---,lemming
1,ἐρήριμμαι,ἐρείπω,v1srie---,lemming;morpheus
1,ἐρήριπε,ἐρείπω,v3sria---,lemming;morpheus
1,ἐρήρισμαι,ἐρίζω,v1srie---,lemming;morpheus
0,ἐρήσομαι,ἔὡρομαι,v1sfie---,
1,ἐρήτυθεν,ἐρητύω,v3paip---,lemming;morpheus
1,ἐρήτυον,ἐρητύω,v1siia---,lemming;morpheus
1,ἐρήτυσε,ἐρητύω,v3saia---,lemming;morpheus
1,ἐρητύσειε,ἐρητύω,v3saoa---,lemming;morpheus
1,ἐρήτυσον,ἐρητύω,v2sama---,lemming;morpheus
1,ἐρητύσω,ἐρητύω,v1sfia---,lemming;morpheus
1,ἐρίδηνα,ἐριδαίνω,v1saia---,lemming;morpheus
0,ἐριδήσασθαι,ἐριδαίνω,v--ane---,
0,ἐριζέμενἁ,ἐρίζω,v--pna---,
1,ἐρίζεσκεν,ἐρίζω,v3siia---,lemming;morpheus
1,ἐρίζετο,ἐρίζω,v3siie---,lemming;morpheus
1,ἐρίζοντι,ἐρίζω,v3ppia---,morpheus
1,ἐρινάξαι,ἐρινάζω,v--ana---,lemming;morpheus
0,ἐρινασμένον,ἐρινάζω,v-srpe-n-,
1,ἔριξα,ἐρίζω,v1saia---,morpheus
1,ἐρίξω,ἐρίζω,v1sfia---,morpheus
0,ἐριπείς,ἐρείπω,v-sapp-n-,
1,ἔριπον,ἐρείπω,v1saia---,lemming;morpheus
0,ἐριπών,ἐρείπω,v-sapa-n-,
1,ἔρισα,ἐρίζω,v1saia---,lemming;morpheus
1,ἔρισδον,ἐρίζω,v1siia---,morpheus
0,ἐρίσσεια,ἐρίζω,v3saoa---,
0,ἐρίσσεται,ἐρίζω,v3sase---,
0,ἐρίσω,ἐρίζω,v2-fia---,
1,ἐρίφην,ῥίπτω,v1saip---,morpheus
0,ἐρμένος,εἴρω,v-srpe-n-,
0,ἐροίην,εἴρω,v1sfoa---,
0,ἐροίμην,ἔὡρομαι,v1saoe---,
0,ἐρόμενος,ἔγρομαι,v-sape-n-,
0,ἐροῦμαι,εἴρω,v1sfie---,
1,ἑρπέτω,ἕρπω,v3spma---,lemming;morpheus
0,ἑρπύσω,ἕρπω,v1sfia---,
1,ἐρράγησαν,ῥήγνυμι,v3paip---,lemming;morpheus
0,ἔρραγκα,ῥαίνω,v1sria---,
0,ἔρραγμαι,ῥάττω,v1srie---,
0,κἐρράδατο,ῥαίνω,v3-lie---,
0,ἐρραθυμημένη,ῥαθυμέω,v-srpe-n-,
1,ἔρραισα,ῥαίω,v1saia---,lemming;morpheus
1,κἔρραμμαι,ῥαίνω,v1srie---,lemming
1,ἔρραμμαι,ῥάπτω,v1srie---,lemming;morpheus
1,ἔρρανα,ῥαίνω,v1saia---,lemming;morpheus
0,ἐρρανάμην,ῥαίνω,v1saie---,
1,ἐρράνθην,ῥαίνω,v1saip---,lemming;morpheus
0,ἔρραξα,ῥάττω,v1saia---,
0,ἐρραπίσθη,ῥαπ ίζω,v3saip---,
1,ἔρραπται,ῥάπτω,v3srie---,lemming;morpheus
1,ἔρρασμαι,ῥαίνω,v1srie---,lemming;morpheus
1,ἔρραφα,ῥάπτω,v1sria---,morpheus
1,ἐρραφήκει,ῥάπτω,v3slia---,lemming
1,ἐρράφην,ῥάπτω,v1saip---,lemming;morpheus
1,ἐρράφθαι,ῥάπτω,v--rne---,lemming;morpheus
1,ἔρραφον,ῥάπτω,v1saia---,lemming
0,ἐρράχθην,ῥάττω,v1saip---,
0,ἔρραψα,ῥάττω,v1saia---,
1,ἐρρέθην,εἴρω,v1saip---,lemming
1,ἐρρεῖτο,ῥέω,v3siie---,lemming;morpheus
1,ἔρρεξα,ῥέζω,v1saia---,lemming;morpheus
1,ἐρρέτω,ἔρρω,v3spma---,lemming;morpheus
0,ἔρρευσα,ῥέξω,v1saia---,
1,ἔρρεψα,ῥέπω,v1saia---,lemming;morpheus
1,ἔρρηχα,ῥήγνυμι,v1sria---,lemming;morpheus
1,ἔρρηγμαι,ῥήγνυμι,v1srie---,lemming;morpheus
1,ἐρρήγνυον,ῥήγνυμι,v1siia---,morpheus
0,ἐρρήθην,ῥήγνυμι,v1saip---,
0,ἔρρηνα,ῥήγνυμι,v1saia---,
0,ἔρρωσο,ἑώννυμι,v2srme---,
0,ἔρσαἩ,εἴρω,v1saia---,
0,ἐρυγεῖν,ἐρυγγάνω,v--ana---,
0,ἐρύεσθαι,ἐὡρύω,v--fne---,
0,ἐρύεσκον,ἐὡρύω,v1siia---,
1,ἐρύετο,ἐρύομαι,v3siie---,lemming
1,ἐρύθηνα,ἐρυθαίνομαι,v1saia---,lemming
0,κἐρυθριόων,ἐρυθριάω,v-sppa-n-,
1,κἐρυκακέειν,ἐρύκω,v--ana---,lemming
1,ἐρύκακον,ἐρύκω,v1saia---,lemming;morpheus
1,ἔρυκε,ἐρύκω,v3siia---,lemming;morpheus
0,ἐρυκέμεν,ἐρύκω,v--pne---,
1,ἔρυξα,ἐρύκω,v1saia---,lemming;morpheus
1,ἐρύξω,ἐρύκω,v1sfia---,lemming;morpheus
1,ἔρυον,ἐρύω,v1siia---,lemming;morpheus
1,ἔρυσα,ἐρύω,v1saia---,lemming;morpheus
1,ἐρύσαι,ἐρύω,v--ana---,lemming;morpheus
0,ἐρυσαίατο,ἐρύω,v3paoe---,
1,ἐρύσαιμι,ἐρύω,v1saoa---,lemming;morpheus
0,ἐρύσαιο,ἐρύω,v2saoe---,
0,ἐρύσαιτο,ἐρύομαι,v3saoe---,
0,ἐρύσας,ἐὡρύω,v-sapa-n-,
0,ἐρύσασε,ἐὡρύω,v3saia---,
0,ἐρύσατο,ἐρύομαι,v3saie---,
0,ἐρύσθην,ἐρύωοττω,v1saip---,
0,ἔρυσο,ἐρύωοττω,v2siie---,
0,ἐρύσσαι,ἐρύωοττω,v--ana---,
0,ἐρύσσας,ἐρύωοττω,v-sapa-n-,
0,ἐρύσσεσθαι,ἐρύωοττω,v--fne---,
0,ἐρύσσεται,ἐρύομαι,v3sfie---,
1,ἐρύσσῃς,ἐρύω,v2sasa---,lemming;morpheus
1,ἐρύσσομεν,ἐρύω,v1pasa---,morpheus
1,ἐρύσω,ἐρύω,v1sfia---,lemming
1,ἐρύσω,ἐρύω,v1sasa---,lemming;morpheus
0,ἐρύσωμαι,ἐρύω,v1sase---,
0,ἔρυτο,ἐρύομαι,v3saie---,
1,ἐρύω,ἐρύω,v1sfia---,lemming;morpheus
0,ἔρχαται,εἴργω,v3prie---,
0,ἐἔρχατο,εἴργω,v3plie---,
0,κἐρχθέντα,εἴργω,v-sapp-a-,
0,ἐρχθέντος,ἔρδω,v-sapp-g-,
0,κἔρχθην,εἴργω,v1saip---,
1,ἕρψω,ἕρπω,v1sfia---,lemming;morpheus
0,ἐῶ,ἐράω,v1spia---,
1,ἐρῶ,εἴρω,v1sfia---,lemming
0,ἔρωμαι,ἔἠρομαι,v1sase---,
0,ἐρώμενος,ἐράω,v-sppe-n-,
1,ἐρῷο,ἐράω,v2spoe---,lemming;morpheus
0,ἐρωτηθέν,ἐρωτάω,v-sapp-n-,
1,ἐρωτήσω,ἐρωτάω,v1sfia---,lemming;morpheus
0,ἐς,ἴηι,v2sama---,
0,ἔσαιμι,ἕννυμι,v1saoa---,
0,ἔσαιμι,ἴζω,v1saoa---,
1,ἐσαλεύθην,σαλεύω,v1saip---,lemming;morpheus
1,ἐσάλευσα,σαλεύω,v1saia---,lemming;morpheus
1,ἐσάλπιγξα,σαλπίζω,v1saia---,lemming;morpheus
0,ἐσάμενος,ἴζω,v-sape-n-,
1,ἔσαν,εἰμί,v3piia---,lemming;morpheus
1,ἔσανα,σαίνω,v1saia---,morpheus
0,ἕσαντο,ἕννυμι,v3paie---,
1,ἔσαξα,σάττω,v1saia---,lemming;morpheus
1,ἐσάπην,σήπω,v1saip---,lemming;morpheus
0,ἔσας,ἵζω,v-sapa-n-,
0,ἔσατο,ἕννυμι,v3saie---,
1,ἔσαττον,σάττω,v1siia---,lemming;morpheus
1,ἐσάχθην,σάττω,v1saip---,lemming;morpheus
1,ἐσάωθεν,σαόω,v3paip---,lemming;morpheus
1,ἐσαώθην,σαόω,v1saip---,lemming;morpheus
1,ἐσάωσα,σαόω,v1saia---,lemming;morpheus
0,ἐσβέννυον,σβέννυμι,,
1,ἐσεβάσθην,σεβάζομαι,v1saip---,lemming
0,ἐσέβισα,σεβ ίζω,v1saia---,
1,ἔσεισα,σείω,v1saia---,lemming;morpheus
0,ἐσεισάμην,σείω,v1saie---,
1,ἐσείσθην,σείω,v1saip---,lemming;morpheus
1,ἐσεσήρειν,σαίρω,v1slia---,morpheus
1,ἐσέφθην,σέβομαι,v1saip---,lemming;morpheus
1,ἔσῃ,εἰμί,v2sfie---,lemming
0,ἐσήθην,σήθω,v1saip---,
1,ἐσηκάσθην,σηκάζω,v1saip---,lemming;morpheus
1,ἐσήμανα,σημαίνω,v1saia---,lemming;morpheus
1,ἐσημάνθην,σημαίνω,v1saip---,lemming;morpheus
0,ἐσημηνάμην,σημαίνω,v1saie---,
1,ἔσηρα,σαίρω,v1saia---,lemming;morpheus
1,ἐσήσθην,σήθω,v1saip---,lemming
0,ἐσήφθην,σήπω,v1saip---,
1,ἔσηψα,σήπω,v1saia---,lemming
0,ἔσθαι,ἕννυμι,v--rne---,
0,ἔσθαι,ἴημι,v--ane---,
0,ἔσθε,ἴημι,v2pame---,
0,ἔσθην,ἕζομαι,v1saip---,
0,ἔσθην,ἕννυμι,v3dlie---,
0,ἐσθῶ,ἕζομαι,v1sasp---,
0,ἔσθων,ἴημι,v3pame---,
1,ἐσιάνθην,σιαίνω,v1saip---,lemming
1,ἐσιγήθην,σιγάω,v1saip---,lemming;morpheus
1,ἐσίναντο,σίνομαι,v3paie---,morpheus
1,ἐσιτήθην,σιτέω,v1saip---,lemming;morpheus
1,ἐσίτισα,σιτίζω,v1saia---,lemming;morpheus
0,ἐσιτισάμην,σιτίζω,v1saie---,
1,ἐσιώπησα,σιωπάω,v1saia---,lemming;morpheus
1,ἔσκαμμαι,σκάπτω,v1srie---,lemming;morpheus
1,ἔσκαφα,σκάπτω,v1sria---,lemming;morpheus
0,ἐσκάφθγην,σκάπτω,v1saip---,
0,ἐσκεδάννυν,σχεδάννυμι,v1siia---,
0,ἐσκεδασάμην,σχεδάννυμι,v1saie---,
0,ἐσκεδάσθην,σχεδάννυμι,v1saip---,
0,ἐσκέδασμαι,σχεδάννυμι,v1srie---,
0,ἔσκεμμαι,σχεδάννυμι,v1srie---,
0,ἐσκέπασται,σχεδάννυμι,v3srie---,
1,ἐσκέπην,σκέπτομαι,v1saip---,lemming
1,ἔσκεπτο,σκέπτομαι,v3slie---,lemming;morpheus
1,ἐσκεύακα,σκευάζω,v1sria---,lemming;morpheus
1,ἐσκεύασα,σκευάζω,v1saia---,lemming;morpheus
0,ἐσκευασάμην,σκευάζω,v1saie---,
1,ἐσκευάσθην,σκευάζω,v1saip---,lemming;morpheus
1,ἐσκεύασμαι,σκευάζω,v1srie---,lemming;morpheus
1,ἐσκεύαστο,σκευάζω,v3slie---,lemming;morpheus
1,ἐσκευώρημαι,σκευωρέομαι,v1srie---,lemming;morpheus
1,ἐσκέφθην,σκέπτομαι,v1saip---,lemming
1,ἐσκεψάμην,σκέπτομαι,v1saie---,morpheus
1,ἐσκέψεται,σκέπτομαι,v3stie---,morpheus
1,ἔσκηλα,σκάλλω,v1saia---,lemming;morpheus
1,ἔσκημμαι,σκήπτω,v1srie---,lemming;morpheus
0,ἐσκηνημένοι,σκηνάω,v-prpe-n-,
1,ἐσκήνηντο,σκηνάω,v3plie---,lemming;morpheus
1,ἐσκήνησαν,σκηνάω,v3paia---,lemming;morpheus
0,ἐσκήνωσαν,σχηνόω,v3paia---,
1,ἔσκηφα,σκήπτω,v1sria---,lemming;morpheus
1,ἐσκήφθην,σκήπτω,v1saip---,lemming;morpheus
1,ἔσκηψα,σκήπτω,v1saia---,lemming;morpheus
0,ἐσκηψάμην,σκήπτω,v1saie---,
0,ἐσκίασα,σχιάζω,v1saia---,
0,ἐσκιάσθην,σχιάζω,v1saip---,
0,ἐσκίασμαι,σχιάζω,v1srie---,
0,ἐσκιατραφημένη,σκιατροφέω,v-srpe-n-,
0,ἐσκιατροφηκὼς,σκιατροφέω,v-srpa-n-,
0,ἐσκίδναντο,σκεδάννυμι,,
0,ἐσκιδνάσθην,σκεδάννυμι,,
1,ἔσκληκα,σκάλλω,v1sria---,lemming
0,ἐσκλήκειν,σκάλλω,v1slia---,
1,ἔσκλην,σκάλλω,v1saip---,lemming
1,ἐσκλήρυσμαι,σκληρύνω,v1srie---,lemming;morpheus
1,ἔσπακα,σπάω,v1sria---,lemming;morpheus
1,ἐσπανίσθη,σπανίζω,v3saip---,lemming;morpheus
0,ἐσπάραξα,σπαράττω,v1saia---,
0,ἐσπαράχθην,σπαράττω,v1saip---,
0,ἐσπαργανωμένον,σπαργανόω,v-srpe-n-,
1,ἐσπαργάνωσα,σπαργανόω,v1saia---,lemming;morpheus
1,ἐσπάρην,σπείρω,v1saip---,lemming;morpheus
1,ἔσπαρκα,σπείρω,v1sria---,lemming;morpheus
1,ἔσπαρμαι,σπείρω,v1srie---,lemming;morpheus
1,ἔσπασα,σπάω,v1saia---,lemming;morpheus
0,ἐσπασάμην,σπάω,v1saie---,
1,ἐσπάσθην,σπάω,v1saip---,lemming;morpheus
1,ἔσπασμαι,σπάω,v1srie---,lemming;morpheus
1,ἔσπεικα,σπένδω,v1sria---,lemming;morpheus
1,ἔσπειρα,σπείρω,v1saia---,lemming;morpheus
0,ἐσπειραμένον,σπειράομαι,v-srpe-n-,
1,ἐσπείρηντο,σπειράομαι,v3plie---,morpheus
1,ἔσπεισα,σπένδω,v1saia---,lemming;morpheus
0,ἐσπεισάμην,σπένδω,v1saie---,
1,ἐσπείσθην,σπένδω,v1saip---,lemming;morpheus
1,ἔσπεισμαι,σπένδω,v1srie---,lemming;morpheus
0,ἔσπε,σπένδω,v3slie---,
0,ἐσπερξάμην,σπέρχω,v1saie---,
0,ἐσπέσθαι,ἕπω,v--ane---,
0,ἐσπέσθην,ἕπω,v3daie---,
0,ἐσπέσθω,ἕπω,v3same---,
1,ἔσπετε,εἶπον,v2pama---,lemming;morpheus
1,ἔσπευκα,σπεύδω,v1sria---,lemming;morpheus
1,ἔσπευσα,σπεύδω,v1saia---,lemming;morpheus
1,ἔσπευσμαι,σπεύδω,v1srie---,lemming;morpheus
0,ἑσπόμην,ἔπω,v1saie---,
0,ἔσπον,εἶπον,v1saia---,
0,ἕσπου,ἕπω,v2saie---,
1,ἐσπούδακα,σπουδάζω,v1sria---,lemming;morpheus
0,ἐσπουδάκειν,σπουδάζω,v2slia---,
1,ἐσπούδασα,σπουδάζω,v1saia---,lemming;morpheus
1,ἐσπουδάσθην,σπουδάζω,v1saip---,lemming;morpheus
1,ἐσπούδασμαι,σπουδάζω,v1srie---,lemming;morpheus
0,ἔσσα,εἰμί,v-sppa-n-,
1,ἔσσα,ἕννυμι,v1saia---,lemming
1,ἕσσαι,ἕννυμι,v2srie---,lemming;morpheus
1,κἔσσαι,ἕννυμι,v--ana---,lemming
1,ἕσσαι,ἵζω,v--ana---,lemming;morpheus
0,ἐσσάμενος,ἵζω,v-sape-n-,
0,ἑσσάμενος,ἕννυμι,v-sape-n-,
0,ἔσσαντο,ἴζω,v3-aie---,
0,ἕσσαντο,ἕγνυμι,v3paie---,
0,ἔσσας,ἕγνυμι,v-sapa-n-,
0,ἐσσεῖται,εἰμὶ,v3sfie---,
1,ἔσσευα,σεύω,v1saia---,lemming;morpheus
0,ἐσσεύαντο,σεύω,v3paie---,
1,ἐσσεύοντο,σεύω,v3piie---,lemming
0,ἐσσῇ,εἰμί,v2sfie---,
1,ἐσσί,εἰμί,v2spia---,lemming;morpheus
1,ἔσσο,εἰμί,v2spme---,morpheus
1,ἕσσο,ἕννυμι,v2slie---,lemming
0,ἐσσοῃμένον,σεύω,,
1,ἔσομαι,εἰμί,v1sfie---,lemming
0,ἑσσούμενος,ἡττάομαι, -σσόομαι,
0,ἐσσοῦνται,εἴς ὁ,v3pfie---,
0,ἑσσοῦτο,ἡττάομαι, -σσόομαι,
0,ἐσσύθην,σε,v1saip---,
0,ἔσσυμαι,σε,v1srie---,
0,ἐἐσσύμενος,σε,v-srpe-n-,
0,ἐσσύμην,σε,v1saie---,
0,ἔσσυο,σε,v2saie---,
0,ἑσσώθην,ἡττάομαι, -σσόομαι,
1,ἐστάγην,στάζω,v1saip---,lemming
0,ἐστάθην,ἵστῃι,v1saip---,
1,ἐστάθμησα,σταθμάω,v1saia---,lemming;morpheus
1,ἐστάθμηται,σταθμάω,v3srie---,lemming;morpheus
1,ἔσται,εἰμί,v3sfie---,lemming
0,ἔσται,ἕννυμι,v3srie---,
1,ἑσταίην,ἵστημι,v1sroa---,lemming
1,ἕστακα,ἵστημι,v1sria---,lemming;morpheus
1,ἑστάκει,ἵστημι,v3slia---,lemming;morpheus
1,ἔστακται,στάζω,v3srie---,morpheus
1,ἔστακτο,στάζω,v3slie---,morpheus
1,ἐστάλθην,στέλλω,v1saip---,lemming
1,ἔσταλκα,στέλλω,v1sria---,lemming;morpheus
1,ἐστάλκει,στέλλω,v3slia---,lemming;morpheus
1,ἐστάλμην,στέλλω,v1slie---,lemming;morpheus
0,ἕσταμαι,ἴστημι,v1srie---,
0,ἕσταμεν,ἴστημι,v1pria---,
0,ἑστάναι,ἴστημι,v--rna---,
1,ἔσταξα,στάζω,v1saia---,lemming;morpheus
0,ἑσταότα,ἴστημι,v-srpa-a-,
0,ἑσταότες,ἴστημι,v-prpa-n-,
0,ἔστασαν,ἴστημι,v3plia---,
0,ἔστασαν,ἴστημι,v3paia---,
0,ἔστασας,ἴστημι,v2saia---,
0,ἔστασε,ἴστημι,v3saia---,
0,ἑστάσθαι,ἴστημι,v--rne---,
0,ἑστᾶσι,ἴστημι,v3pria---,
0,ἔστατε,ἴστημι,v2prie---,
0,ἕστατον,ἴστημι,v2drie---,
1,ἐστάχθην,στάζω,v1saip---,lemming;morpheus
0,ἑσταώς,ἵἴστημι,v-srpa-n-,
0,ἐστέ,εἰμ,v2ppia---,
0,ἐστεγασμένον,στεγάζω,v-srpe-n-,
1,ἔστειλα,στέλλω,v1saia---,lemming;morpheus
0,ἐστειλάμην,στέλλω,v1saie---,
0,ἐἔστειξε,στείχω,v3saia---,
1,ἔστειψα,στείβω,v1saia---,lemming;morpheus
1,ἔστεμμαι,στέφω,v1srie---,lemming;morpheus
1,ἐστέναγμαι,στενάζω,v1srie---,lemming;morpheus
1,ἐστέναξα,στενάζω,v1saia---,lemming;morpheus
1,ἔστεξα,στέγω,v1saia---,lemming;morpheus
0,ἑστεός,ἴστημι,v-srpa-n-,
1,ἔστεργμαι,στέργω,v1srie---,lemming;morpheus
1,ἔστεργον,στέργω,v1siia---,lemming;morpheus
1,ἐστέρεσεν,στερέω,v3saia---,lemming
0,ἐστέρεσμαι,στερέω,v1srie---,
1,ἐστερήθην,στερέω,v1saip---,lemming;morpheus
1,ἐστέρηκα,στερέω,v1sria---,lemming;morpheus
1,ἐστέρημαι,στερέω,v1srie---,lemming;morpheus
1,ἐστέρησα,στερέω,v1saia---,lemming;morpheus
0,ἐστερῆσομαι,στερέω,v1stie---,
1,ἐστέρητο,στερέω,v3slie---,lemming;morpheus
1,ἔστερξα,στέργω,v1saia---,lemming;morpheus
1,ἐστέρχθην,στέργω,v1saip---,lemming;morpheus
1,ἐστεφάνιξα,στεφανίζω,v1saia---,morpheus
1,ἐστεφανώθη,στεφανόω,v3saip---,lemming;morpheus
0,ἐστεφανωκότος,στεφανόω,v-srpa-g-,
0,ἐστεφανωμένος,στεφανόω,v-srpe-n-,
1,ἐστεφάνωσαν,στεφανόω,v3paia---,lemming;morpheus
1,ἐστέφθην,στέφω,v1saip---,lemming;morpheus
1,ἔστεφον,στέφω,v1siia---,lemming;morpheus
1,ἐστέχθην,στέγω,v1saip---,lemming
1,ἔστεψα,στέφω,v1saia---,lemming;morpheus
0,ἐστεψάμην,στέφω,v1saie---,
0,ἐστεώς,ἴστημι,v-srpa-n-,
0,ἔστηκα,ἴστημι,v1sria---,
0,ἐστήκειν,ἴστημι,v1slia---,
0,ἑστηκέναι,ἴστημι,v--rna---,
0,ἐστήκοιμι,ἴστημι,v1sroa---,
0,ἑστήκω,ἴστημι,v1srsa---,
0,ἐστηκώς,ἴστημι,v-srpa-n-,
0,ἔστην,ἴστημι,v1saia---,
0,ἑστήξομαι,ἴστημι,v1stie---,
0,ἐστήξω,ἴστημι,v1stia---,
1,ἐστήριγμαι,στηρίζω,v1srie---,lemming;morpheus
1,ἐστήρικτο,στηρίζω,v3slie---,lemming;morpheus
1,ἐστήριξα,στηρίζω,v1saia---,lemming;morpheus
0,ἐστηριξάμην,στηρίζω,v1saie---,
1,ἐστηρίσθαι,στηρίζω,v--rne---,morpheus
1,ἐστηρίχθην,στηρίζω,v1saip---,lemming;morpheus
0,ἔστησα,ἴστημι,v1saia---,
0,ἐστησάμην,ἴστημι,v1saie---,
0,ἔστησαν,ἴστημι,v3paia---,
0,ἔστητε,ἴστημι,v2pria---,
0,ἔστητε,ἴστημι,v2paia---,
0,ἐστηῶσι,ἴστημι,v-prpa-d-,
0,ἐστιᾶσαι,ἑστιάω,v--ana---,
0,ἐστιάσομαι,ἑστιάω,v1sfie---,
0,ἐστιάσω,ἑστιάω,v1sfia---,
1,ἐστίβηται,στιβέω,v3srie---,lemming;morpheus
1,ἔστιγμαι,στίζω,v1srie---,lemming;morpheus
1,ἔστιλψα,στίλβω,v1saia---,lemming
1,ἐστίχθην,στίζω,v1saip---,lemming;morpheus
1,ἔστιχον,στείχω,v1saia---,lemming;morpheus
1,ἕστο,ἕννυμι,v3slie---,lemming;morpheus
0,ἐστόν,εμέ,v2dpia---,
1,ἐστονάχησα,στένω,v1saia---,lemming;morpheus
1,ἔστοργα,στέργω,v1sria---,lemming;morpheus
0,ἐστόρεσα,στόρνυμι,,
0,ἐστορεσάμην,στόρνυμι,,
0,ἐστορέσθην,στόρνυμι,,
0,ἐστόρεσμαι,στόρνυμι,,
0,ἐστόρεστο,στόρνυμι,,
0,ἐστορήθην,στόρνυμι,,
0,ἐστός,ἴστημι,v-srpa-n-,
1,ἐστοχαζόμην,στοχάζομαι,v1siie---,lemming;morpheus
1,ἐστοχασάμην,στοχάζομαι,v1saie---,morpheus
1,ἐστοχάσθην,στοχάζομαι,v1saip---,lemming
1,ἐστόχασμαι,στοχάζομαι,v1srie---,lemming;morpheus
1,ἔστραμμαι,στρέφω,v1srie---,lemming;morpheus
1,ἐστράμμην,στρέφω,v1slie---,lemming;morpheus
1,ἔστραπται,στρέφω,v3srie---,lemming;morpheus
1,ἔστραπτο,στρέφω,v3slie---,lemming;morpheus
1,ἐστρατεύθην,στρατεύω,v1saip---,lemming;morpheus
1,ἐστράτευμαι,στρατεύω,v1srie---,lemming;morpheus
0,ἐστρατευσάμην,στρατεύω,v1saie---,
1,ἐστράτευσαν,στρατεύω,v3paia---,lemming;morpheus
0,ἐστρατηγηκότων,στρατηγέω,v-prpa-g-,
1,ἐστρατήγησε,στρατηγέω,v3saia---,lemming;morpheus
1,ἐστράφην,στρέφω,v1saip---,lemming;morpheus
1,ἐστρέβλωσα,στρεβλόω,v1saia---,lemming;morpheus
0,ἔστρεμμαι,στρέφω,v1srie---,
1,ἐστρέφθην,στρέφω,v1saip---,morpheus
1,ἔστρεψα,στρέφω,v1saia---,lemming;morpheus
0,ἐστρεψάμην,στρέφω,v1saie---,
1,ἐστρόβημαι,στροβέω,v1srie---,lemming;morpheus
1,ἐστρόβησα,στροβέω,v1saia---,lemming;morpheus
1,ἔστροφα,στρέφω,v1sria---,lemming;morpheus
0,ἐστρώθην,στόρνυμι,,
0,ἔστρωκα,στόρνυμι,,
0,ἐστρώκειν,στόρνυμι,,
0,ἔστρωμαι,στόρνυμι,,
0,ἔστρωσα,στόρνυμι,,
0,ἐστρωσάμην,στόρνυμι,,
0,ἔστρωτο,στόρνυμι,,
1,ἐστύγει,στυγέω,v3siia---,lemming;morpheus
0,ἐστυγή,στυγέω,v1saip---,
1,ἐστύγηκα,στυγέω,v1sria---,lemming;morpheus
1,ἐστύγημαι,στυγέω,v1srie---,lemming;morpheus
1,ἐστύγησα,στυγέω,v1saia---,lemming;morpheus
1,ἔστυγον,στυγέω,v1saia---,lemming;morpheus
0,ἐστυμμένον,στύφω,v-srpe-n-,
1,ἔστυξα,στυγέω,v1saia---,lemming;morpheus
1,ἐστυφέλιξα,στυφελίζω,v1saia---,lemming;morpheus
1,ἐστυφελίχθην,στυφελίζω,v1saip---,morpheus
1,ἔστω,εἰμί,v3spma---,lemming;morpheus
0,ἐστωμυλάμην,στωμύλλω,v1saie---,
1,ἔστων,εἰμί,v3ppma---,lemming;morpheus
0,ἑστώς,ἴστημι,v-srpa-n-,
0,ἐστῶσα,ἴστημι,v-srpa-n-,
1,ἔστωσαν,εἰμί,v3ppma---,lemming;morpheus
0,ἐσυκοφάντησα,συχοφαντέω,v1saia---,
1,ἐσυλήθην,συλάω,v1saip---,lemming;morpheus
1,ἔσυρα,σύρω,v1saia---,lemming;morpheus
0,ἐσυράμην,σύρω,v1saie---,
0,ἐσύρν,σύρω,v1saip---,
1,ἐσύρισα,συρίζω,v1saia---,lemming;morpheus
0,ἐἔσυτο,σεω,v3saie---,
1,ἐσφάγην,σφάζω,v1saip---,lemming;morpheus
1,ἐσφαγίασα,σφαγιάζω,v1saia---,morpheus
1,ἐσφαγιάσθην,σφαγιάζω,v1saip---,morpheus
1,ἔσφαγμαι,σφάζω,v1srie---,lemming;morpheus
1,ἔσφακα,σφάζω,v1sria---,lemming;morpheus
0,ἐτεθελήκεσαν,ἐγθέλω,v3plia---,
1,ἐτεθήλειν,θάλλω,v1slia---,morpheus
0,ἐτέθην,θάλλω,v1saip---,
1,ἐτεθήπεσαν,θήπω,v3plia---,lemming
0,ἐτέθνασαν,θνήσκω,v3-lia---,
1,ἐτεθνήκειν,θνήσκω,v1slia---,morpheus
0,ἐτεθνήχκεσαν,θνήσκω,v3plia---,
0,ἐτέθραπτο,θνήσκω,v3-lie---,
1,ἐτέθυτο,θύω,v3slie---,lemming;morpheus
0,ἔτειλα,θύω,v1saia---,
0,ἔτεινα,θύω,v1saia---,
0,ἔτεισα,θύω,v1saia---,
0,ἐτεισάμην,θύω,v1saie---,
0,ἐτείσθην,θύω,v1saip---,
0,ἐτείχισα,θύω,v1saia---,
0,ἐτειχίσσαντο,θύω,v3paie---,
0,ἐτέκμηρα,θύω,v1saia---,
0,ἐτεκμηράμην,θύω,v1saie---,
0,ἐτεκνώθη,τεχνόω,v3saip---,
0,ἐτεκνώσατο,τεχνόω,v3saie---,
0,ἐτέκνωσε,τεχνόω,v3saia---,
0,ἐτεκόμην,τίχκτω,v1-aie---,
0,ἔτεκον,τίχκτω,v1saia---,
0,ἐτεκτηνάμην,τεχκταίνομαι,v1saie---,
1,ἐτελείετο,τελέω,v3siie---,lemming;morpheus
1,ἐτέλειον,τελέω,v1siia---,lemming;morpheus
1,ἐτέλεσα,τελέω,v1saia---,lemming;morpheus
0,ἐτελεσάμην,τελέω,v1saie---,
1,ἐτελέσθην,τελέω,v1saip---,lemming;morpheus
1,ἐτελευτήθην,τελευτάω,v1saip---,lemming;morpheus
0,ἐτελεώθη,τελεόω,v3saip---,
0,ἐτελέωσε,τελεόω,v3saia---,
0,ἐτελωνήσατο,τελωνέω,v3saie---,
1,ἐτεμενίσθη,τεμενίζω,v3saip---,lemming;morpheus
0,ἐτεμόμην,τέμνω,v1saie---,
1,ἕτεμον,τέμνω,v1saia---,lemming
0,ἔτεξα,τίκτω,v1saia---,
1,ἐτέρσηνα,τερσαίνω,v1saia---,lemming;morpheus
1,ἐτέρφθην,τέρπω,v1saip---,lemming;morpheus
0,ἐτηξάμην,τέρπω,v1saie---,
0,ἐτηρήθη,τέρπω,v3saip---,
0,ἐτίθει,τέρπω,v3siia---,
0,ἐτίθεις,τέρπω,v2siia---,
0,ἐτίθεσαν,τέρπω,v3piia---,
0,ἐτίθετο,τέρπω,v3siie---,
0,ἐτίθην,τέρπω,v1siia---,
0,ἐτίθης,τέρπω,v2siia---,
0,ἐτίθησα,τέρπω,v1saia---,
0,ἐτίθουν,τέρπω,v3piia---,
0,ἔτιλα,τέρπω,v1saia---,
0,ἐτίλίθγην,τέρπω,v1saip---,
0,ἐτιμήθην,τέρπω,v1saip---,
0,ἐτίμησα,τέρπω,v1saia---,
0,ἐτιμησάμην,τέρπω,v1saie---,
0,ἐτιμωρήθην,τέρπω,v1saip---,
0,ἐτιμωρησάμην,τέρπω,v1saie---,
0,ἐτινάξατο,τέρπω,v3saie---,
0,ἐτινάχθην,τέρπω,v1saip---,
0,ἐτίσθην,τέρπω,v1saip---,
0,ἐτίτηνα,τέρπω,v1saia---,
0,ἔτλαν,τέρπω,v3paia---,
0,ἔτλην,τέρπω,v1saia---,
0,ἔτλησαν,τέρπω,v3paia---,
0,ἔτλων,τέρπω,v1siia---,
0,ἐτμάγην,τμῆγω,v1saip---,
0,ἔτμαγον,τμῆγω,v1saia---,
1,ἐτμάθην,τέμνω,v1saip---,morpheus
0,ἐτμγν,τμήγω,v1saip---,
1,ἔτμηξα,τμήγω,v1saia---,lemming;morpheus
0,ἐτμηξάμηη,τμήγω,v1saie---,
0,ἔτο,ἴημι,v3saie---,
0,ἑτοιμάσατο,ἑτοιμάζω,v3saie---,
0,ἑτοιμασσαίατο,ἑτοιμάζω,v3paoe---,
1,ἐτολμήθη,τολμάω,v3saip---,lemming;morpheus
1,ἐτόλμησα,τολμάω,v1saia---,lemming;morpheus
0,ἕτον,ἴημι,v2daie---,
1,ἐτόνωσεν,τονόω,v3saia---,lemming;morpheus
1,ἔτραγον,τρώγω,v1saia---,lemming;morpheus
1,ἑτράπην,τρέπω,v1saip---,lemming
0,ἐτραπόμην,τρέπω,v1saie---,
1,ἔτραπον,τρέπω,v1saia---,lemming;morpheus
1,ἐτραυματίσθην,τραυματίζω,v1saip---,lemming;morpheus
1,ἐτράφην,τρέφω,v1saip---,lemming;morpheus
1,ἔτραφον,τρέφω,v1saia---,lemming;morpheus
1,ἔτραφον,τρέφω,v1siia---,lemming;morpheus
1,ἐτραχύνθην,τραχύνω,v1saip---,lemming;morpheus
0,ἔτραψα,τρέπω,v1saia---,
0,ἐτρέπην,τρέπω,v1saip---,
1,ἐτρήθην,τετραίνω,v1saip---,lemming
1,ἔτρησα,τετραίνω,v1saia---,lemming;morpheus
0,ἐτρησάμην,τετραίνω,v1saie---,
0,ἐτρ,τριάζω,v1saia---,
1,ἔτριξα,τρίζω,v1saia---,morpheus
0,ἐτρίσσευσαν,τρ ισσεύω,v3paia---,
0,ἐτρ,τρισσόω,v3paia---,
0,ἐτρ,τρίβω,v1saip---,
1,ἔτριψα,τρίβω,v1saia---,lemming;morpheus
0,ἐτριψάμην,τρίβω,v1saie---,
1,ἐτρόμασαν,τρομάζω,v3paia---,lemming
1,ἐτρόμησα,τρομέω,v1saia---,lemming;morpheus
1,ἔτροπον,τρέπω,v1saia---,lemming
1,ἔτρυξα,τρύζω,v1saia---,lemming;morpheus
1,ἐτρύπησεν,τρυπάω,v3saia---,lemming;morpheus
1,ἐτρύφην,θρύπτω,v1saip---,lemming;morpheus
1,ἐτρώθην,τιτρώσκω,v1saip---,lemming;morpheus
1,ἔτρωξα,τρώγω,v1saia---,morpheus
1,ἔτρωσα,τιτρώσκω,v1saia---,lemming;morpheus
1,ἐτυγχάνετο,τυγχάνω,v3siie---,lemming;morpheus
1,ἐτύθην,θύω,v1saip---,lemming;morpheus
1,ἐτυμβεύθη,τυμβεύω,v3saip---,lemming;morpheus
1,ἐτύπην,τύπτω,v1saip---,lemming;morpheus
1,ἔτυπον,τύπτω,v1saia---,lemming
1,ἐτύπτησα,τύπτω,v1saia---,lemming;morpheus
1,ἐτύπωσαν,τυπόω,v3paia---,lemming;morpheus
0,ἐτυπώσατο,τυπόω,v3saie---,
0,ἐτυραννεύθην,τυραννέω,v1saip---,
0,ἐτυράννευσα,τυραννέω,v1saia---,
0,ἐτύρησαςὨ,τυρέω,v2saia---,
0,ἐτυρώθη,τυορόὼ,v3saip---,
0,ἐτύρωσας,τυορόὼ,v2saia---,
1,ἐτύφην,τύφω,v1saip---,morpheus
1,ἐτύφθην,τύπτω,v1saip---,lemming;morpheus
1,ἐτύφωσε,τυφόω,v3saia---,lemming;morpheus
1,ἐτύχησα,τυγχάνω,v1saia---,lemming;morpheus
1,ἐτύχθην,τεύχω,v1saip---,lemming;morpheus
1,ἔτυχον,τυγχάνω,v1saia---,lemming;morpheus
1,ἔτυψα,τύπτω,v1saia---,lemming;morpheus
0,ἐτυψάμην,τύπτω,v1saie---,
1,ἐτώθασα,τωθάζω,v1saia---,lemming;morpheus
0,εὐαγγελιούμενος,εὐαγγελίζομαι,v-sfpe-n-,
1,εὔαδον,ἁνδάνω,v1saia---,lemming;morpheus
0,εὐδαιμόνηκα,εὐδχιμονέω,v1sria---,
1,εὐδαιμονιεῖ,εὐδαιμονίζω,v3sfia---,lemming;morpheus
0,εὐδέμεναι,εὔδω,v--pne---,
0,εὔδεσκε,εὔδω,v3siia---,
0,εὔδησα,εὔδω,v1saia---,
0,εὔδῃσθα,εὔδω,v2spsa---,
0,εὐδήσω,εὔδω,v1sfia---,
0,εὖδον,εὔδω,v1siia---,
0,εὐεργετήθην,εὐεργετέω,v1-aip---,
1,εὐεργέτηκα,εὐεργετέω,v1sria---,morpheus
1,εὐεργέτημαι,εὐεργετέω,v1srie---,morpheus
0,εὐηγγελίκειν,εὐαγγελίζομαι,v1slia---,
1,εὐημερήκει,εὐημερέω,v3slia---,morpheus
1,εὐηργέτηκα,εὐεργετέω,v1sria---,lemming;morpheus
1,εὐηργέτηντο,εὐεργετέω,v3plie---,lemming;morpheus
1,εὐηργέτουν,εὐεργετέω,v1siia---,morpheus
1,εὐθενήθησαν,εὐθενέω,v3paip---,lemming;morpheus
0,εὐθετισάμενος,εὐθετίζω,v-sape-n-,
0,εὔιϊδν,ὁράω,,
0,εὐκλέϊξα,εὐκλεΐζω,v1saia---,
0,εὔκται,εὔχομαι,v3srie---,
1,εὐλαβηθήσομαι,εὐλαβέομαι,v1sfip---,lemming;morpheus
1,εὐλαβήσομαι,εὐλαβέομαι,v1sfie---,morpheus
1,εὐλογήθην,εὐλογέω,v1saip---,lemming;morpheus
1,εὐλογηθήσομαι,εὐλογέω,v1sfip---,lemming;morpheus
1,εὐλόγηκα,εὐλογέω,v1sria---,lemming
1,εὐλόγημαι,εὐλογέω,v1srie---,lemming
0,εὐλόγησα,εὐλογέω,v1saie---,
0,εὐλογήσομαι,εὐλογέω,v1sfie---,
1,εὐλογήσω,εὐλογέω,v1sfia---,lemming;morpheus
1,εὐλόγουν,εὐλογέω,v1siia---,lemming;morpheus
0,εὗμαι,εῦω,v1srie---,
1,εὔνασα,εὐνάζω,v1saia---,lemming;morpheus
1,εὐνάσθην,εὐνάζω,v1saip---,lemming;morpheus
1,εὐνήθην,εὐνάω,v1saip---,lemming;morpheus
1,εὔνημαι,εὐνάω,v1srie---,lemming
1,εὔνησα,εὐνάω,v1saia---,lemming;morpheus
1,εὐνήσω,εὐνάω,v1sfia---,lemming;morpheus
1,εὐνομήθην,εὐνομέομαι,v1saip---,lemming;morpheus
1,εὐνόμημαι,εὐνομέομαι,v1srie---,lemming
0,εὐνομήσομαι,εὐνομέομαι,v1sfie---,
0,εῦνταὟ,εἰμί,v-sppa-a-,
0,εὐξάμην,εὔχομαι,v1saia---,
0,κεὔξεαι,εὔχομαι,v2sfie---,
0,εὐξομαι,εὔχομαι,v1sfie---,
0,εὐπόρηκα,εὔχομαι,v1sria---,
0,εὐπόρησα,εὔχομαι,v1saia---,
0,εὐπορήσω,εὔχομαι,v1sfia---,
0,εὖρα,εὔχομαι,v1saia---,
0,εὑράμην,εὔχομαι,v1saie---,
0,εὑρέ,εὔχομαι,v2sama---,
0,εὑρέθην,εὔχομαι,v1saip---,
0,εὑρεθήσομαι,εὔχομαι,v1sfip---,
0,εὑρεῖν,εὔχομαι,v--ana---,
0,εὐρέσθι,εὔχομαι,v--ane---,
0,εὕρηκα,εὔχομαι,v1sria---,
1,εὕρηκε,εὑρίσκω,v2srma---,morpheus
1,εὕρημαι,εὑρίσκω,v1srie---,lemming;morpheus
0,εὕρησα,εὑρίσκω,v1saia---,
0,εὑρήσομαι,εὑρίσκω,v1sfie---,
1,εὑρήσω,εὑρίσκω,v1sfia---,lemming;morpheus
1,εὑρισκέτην,εὑρίσκω,v3diia---,lemming;morpheus
0,εὑροίμην,εὑρίσκω,v1saoe---,
0,εὑρόμην,εὑρίσκω,v1saie---,
1,εὗρον,εὑρίσκω,v1saia---,lemming;morpheus
0,εὕροσαν,εὑρίσκω,v3paia---,
0,εὐρῶ,εὑρίσκω,v1sfia---,
0,εὑρών,εὑρίσκω,v-sapa-n-,
0,εὖσα,εὔω,v1saia---,
0,εὐσεβήσασαν,εὐσεβέω,v-sapa-a-,
0,εὐστοχηθεῖσα,εὐστοχέω,v-sapp-n-,
0,εὐστοχηκέναι,εὐστοχέω,v--rna---,
0,εὔσω,εὕὔω,v1sfia---,
1,εὐτρέπικα,εὐτρεπίζω,v1sria---,lemming
1,εὐτρέπισται,εὐτρεπίζω,v3srie---,morpheus
1,εὐτρεπιῶ,εὐτρεπίζω,v1sfia---,lemming;morpheus
1,εὐτυχήθην,εὐτυχέω,v1saip---,lemming;morpheus
1,εὐτύχηκα,εὐτυχέω,v1sria---,lemming;morpheus
1,εὐτύχημαι,εὐτυχέω,v1srie---,lemming
1,εὐτύχησα,εὐτυχέω,v1saia---,lemming;morpheus
0,εὐτυχήσω,εὐτυχέω,v2-fia---,
1,εὐτύχουν,εὐτυχέω,v1siia---,lemming;morpheus
0,εὐφημηθείς,εὐφημέω,v-sapp-n-,
1,εὐφημῆσαι,εὐφημέω,v--ana---,lemming;morpheus
0,εὔφρα,εὐφοαίνω,v1saia---,
0,εὐφρανέαι,εὐφοαίνω,v2sfie---,
0,εὐφρανέω,εὐφοαίνω,v1sfia---,
0,εὐφράνθην,εὐφοαίνω,v1saip---,
0,εὐφρανθήσομαι,εὐφοαίνω,v1sfip---,
0,εὐφρανοῦμαι,εὐφοαίνω,v1sfie---,
0,εὔφρηνα,εὐφοαίνω,v1saia---,
0,εὐφρήνῃς,εὐφοαίνω,v2sasa---,
0,εὐχόμην,εὐχομαι,v1siie---,
0,εὐὼ,εὐωχέω,v1saip---,
1,εὐωχηθήσομαι,εὐωχέω,v1sfip---,lemming;morpheus
1,ἔφθακα,φθάνω,v1sria---,lemming;morpheus
1,ἐφθάκει,φθάνω,v3slia---,lemming;morpheus
0,ἔφθανετο,φθάνω,v3siie---,
1,ἔφθανον,φθάνω,v1siia---,lemming;morpheus
1,ἐφθάρατο,φθείρω,v3plie---,lemming;morpheus
1,ἔφθαρεν,φθείρω,v3paip---,lemming;morpheus
1,ἐφθάρην,φθείρω,v1saip---,lemming;morpheus
1,ἐφθάρθαι,φθείρω,v--rne---,lemming;morpheus
1,ἐφθάρκειν,φθείρω,v1slia---,morpheus
1,ἔφθαρμαι,φθείρω,v1srie---,lemming;morpheus
1,ἔφθασα,φθάνω,v1saia---,lemming;morpheus
1,ἐφθάσθην,φθάνω,v1saip---,lemming
1,ἔφθεγκται,φθέγγομαι,v3srie---,morpheus
1,ἔφθεγμαι,φθέγγομαι,v1srie---,lemming;morpheus
1,ἔφθεγξαι,φθέγγομαι,v2srie---,lemming;morpheus
1,ἔφθειρα,φθείρω,v1saia---,lemming;morpheus
0,ἔφθεισα,φθίνω,v1saia---,
0,ἔφθερσα,φθείρω,v1saia---,
1,ἔφθημεν,φθάνω,v1paia---,lemming;morpheus
1,ἔφθην,φθάνω,v1saia---,lemming;morpheus
1,ἔφθησαν,φθάνω,v3paia---,lemming;morpheus
1,ἔφθητε,φθάνω,v2paia---,lemming;morpheus
0,ἔφθιθεν,φθίνω,v3paip---,
0,ἔφθικα,φθίνω,v1sria---,
0,ἐφθιμαι,φθίνω,v1srie---,
0,ἔφθίμην,φθίνω,v1saie---,
0,ἔφθινα,φθίνω,v1saia---,
0,ἐφθίνηκα,φθίνω,v1sria---,
0,ἐφθίνησα,φθίνω,v1saia---,
0,ἔφθινὀν,φθίνω,v1siia---,
0,ἔφθισα,φθίνω,v1saia---,
0,ἔφθισο,φθίνω,v2saie---,
0,ἔφθιτο,φθίνω,v3-aie---,
1,ἐφθονήθην,φθονέω,v1saip---,lemming;morpheus
1,ἐφθόνησα,φθονέω,v1saia---,lemming;morpheus
1,ἔφθορα,φθείρω,v1sria---,lemming;morpheus
0,ἐφθόρθαι,φθείρω,v--rne---,
0,ἐφιλάμην,φιλέω,v1saie---,
0,ἐφίλατο,φιλέω,v3-aie---,
1,ἐφιλήθην,φιλέω,v1saip---,lemming;morpheus
1,ἐφίλησα,φιλέω,v1saia---,lemming;morpheus
1,ἐφιλονίκησαν,φιλονικέω,v3paia---,lemming;morpheus
1,ἐφιλοτιμήθην,φιλοτιμέομαι,v1saip---,lemming
1,ἐφιλοτιμησάμην,φιλοτιμέομαι,v1saie---,morpheus
1,ἐφιλοφρονήθην,φιλοφρονέομαι,v1saip---,lemming
1,ἐφιλοφρονησάμην,φιλοφρονέομαι,v1saie---,morpheus
0,ἔφλαδον,φλάζω,,
0,ἔφλασα,φάω,v1saia---,
0,ἐφλάσθην,φάω,v1saip---,
1,ἐφλέγην,φλέγω,v1saip---,lemming;morpheus
1,ἐφλέγμανα,φλεγμαίνω,v1saia---,morpheus
0,ἔφλξα,φλέω,v1saia---,
1,ἔφλυσα,φλύω,v1saia---,lemming;morpheus
1,ἐφόβηθεν,φοβέω,v3paip---,lemming;morpheus
1,ἐφοβήθην,φοβέω,v1saip---,lemming;morpheus
1,ἐφόβησα,φοβέω,v1saia---,lemming;morpheus
0,ἐφοβησάμην,φοβέω,v1saie---,
1,ἐφοδιάσω,ἐφοδιάζω,v1sfia---,lemming;morpheus
1,ἐφοινίσσετο,φοινίσσω,v3siie---,lemming;morpheus
1,ἐφοινίχθη,φοινίσσω,v3saip---,morpheus
0,ἐφοίτηη,φοιτάω,v3siia---,
1,ἐφόρει,φορέω,v3siia---,lemming;morpheus
0,ἐφόρεον,ιν,v1siia---,
0,ἐφόρεσα,ιν,v1saia---,
0,ἐφορήθην,ιν,v1saip---,
0,ἐφορησάμην,ιν,v1saie---,
0,ἐφορύξατο,φορύσσω,v3saie---,
0,ἐφράγην,φράττω,v1saip---,
0,ἔφραξα,φράττω,v1saia---,
0,ἐφραξάμην,φράττω,v1saie---,
1,ἔφρασα,φράζω,v1saia---,lemming;morpheus
0,ἐφρασάμην,φράζω,v1saie---,
1,ἐφράσθην,φράζω,v1saip---,lemming;morpheus
0,ἐφράσσατο,φράζω,v3saie---,
0,ἐφράχθην,φράττω,v1saip---,
0,ἔφριξα,φρίττω,v1saia---,
0,ἐφριξάμην,φρίττω,v1saie---,
0,ἐφροιμιασάμην,φροιμιάζομχιτεπροοι,v1saie---,
1,ἐφρόντισα,φροντίζω,v1saia---,lemming;morpheus
1,ἐφρούρησα,φρουρέω,v1saia---,lemming;morpheus
1,ἐφρύγην,φρύγω,v1saip---,morpheus
1,ἐφυγάδευσαν,φυγαδεύω,v3paia---,lemming;morpheus
1,ἔφυγον,φεύγω,v1saia---,lemming;morpheus
1,ἐφύην,φύω,v1saip---,lemming;morpheus
0,ἐφύλαξα,φυλάττω,v1saia---,
0,ἐφυλαξάμην,φυλάττω,v1saie---,
0,ἐφυλάχθην,φυλάττω,v1saip---,
1,ἔφυν,φύω,v1saia---,lemming;morpheus
1,ἔφυν,φύω,v3paia---,morpheus
1,ἔφυον,φύω,v1siia---,lemming;morpheus
1,ἐφυράθην,φυράω,v1saip---,lemming;morpheus
1,ἐφύρασα,φυράω,v1saia---,lemming;morpheus
0,ἐφυρασάμην,φυράω,v1saie---,
0,ἐφύρθἠν,φύρω,v1saip---,
1,ἔφυρον,φύρω,v1siia---,lemming;morpheus
1,ἔφυρσα,φύρω,v1saia---,lemming;morpheus
1,ἐφύσα,φυσάω,v3siia---,lemming;morpheus
1,ἔφυσα,φύω,v1saia---,lemming;morpheus
1,ἐφυτεύθην,φυτεύω,v1saip---,lemming;morpheus
1,ἐφύτευσα,φυτεύω,v1saia---,lemming;morpheus
0,ἐφυτευσάμην,φυτεύω,v1saie---,
1,ἐφωδίαζον,ἐφοδιάζω,v1siia---,lemming;morpheus
1,ἐφώνησε,φωνέω,v3saia---,lemming;morpheus
1,ἔφωξα,φώγω,v1saia---,lemming
1,ἐφώχθην,φώγω,v1saip---,lemming
1,ἔχαδον,χανδάνω,v1saia---,lemming;morpheus
0,ἐχαίρηα,χαίρω,v1saia---,
1,ἐχάλασα,χαλάω,v1saia---,lemming;morpheus
0,ἐχαλάσθην,τ κ,v1saip---,
1,ἐχαλέπηνα,χαλεπαίνω,v1saia---,lemming;morpheus
0,ἔχανα,χάσκω,,
0,ἔχανον,γχγάσκω,,
0,ἐχάραξε,χαράττω,v3saia---,
1,ἐχάρην,χαίρω,v1saip---,lemming;morpheus
1,ἐχαρισάμην,χαρίζομαι,v1saie---,morpheus
0,ἐχασάμην,χόάζω,v1saie---,
0,ἐχαυνῴθη,χαυνόω,v3saip---,
0,ἔχε,ἔχω,v3-iia---,
1,ἔχεα,χέω,v1saia---,lemming;morpheus
0,ἐχεάμην,χέω,v1saie---,
1,ἔχεε,χέω,v3siia---,lemming;morpheus
1,ἐχέθην,χέω,v1saip---,lemming
0,ἔχει,ἔχω,v3-pia---,
1,ἔχει,χέω,v3siia---,lemming;morpheus
1,ἐχειμάσθην,χειμάζω,v1saip---,lemming;morpheus
0,ἐχείμηνα,χειμαίνω,v1saia---,
1,ἐχείρισα,χειρίζω,v1saia---,lemming
0,ἐχειρίσθην,ἦν ΜΝ,v1saip---,
1,ἐχειρώθην,χειρόω,v1saip---,lemming;morpheus
1,ἔχεις,ἔχω,v2spia---,lemming;morpheus
1,ἔχεις,χέω,v2siia---,lemming;morpheus
1,ἐχέμεν,ἔχω,v--pna---,lemming;morpheus
1,ἔχεον,χέω,v1siia---,lemming;morpheus
1,ἐχέοντο,χέω,v3piie---,lemming;morpheus
1,ἐχερνίψατο,χερνίπτομαι,v3saie---,morpheus
1,ἔχεσα,χέζω,v1saia---,lemming;morpheus
1,ἔχεσκον,ἔχω,v1siia---,lemming;morpheus
1,ἔχετο,ἔχω,v3siie---,lemming;morpheus
1,ἔχευ,ἔχω,v2spme---,lemming;morpheus
1,ἔχευα,χέω,v1saia---,lemming;morpheus
0,ἐχηρώθη,χηρόω,v3-aip---,
0,ἐχηρώσαντο,ἦν,v3-aie---,
0,ἔχῃσθα,ἔχω,v2spia---,
1,ἐχθαίροντι,ἐχθαίρω,v3ppia---,morpheus
0,ἐχθαροῦμαι,ἐχθαίρω,v1sfie---,
0,ἐχωσάμην,ἐχθαίρω,v1saie---,
0,ἐχώσθην,ἐχθαίρω,v1saip---,
0,ἔψαλα,ἐχθαίρω,v1saia---,
0,ἕψαυκα,ψαλίζω,v1sria---,
0,ἔψαυσα,ψαλίζω,v1saia---,
0,ἐψαύσθην,ψαλίζω,v1saip---,
0,ἔψαυσμαι,ψαλίζω,v1srie---,
0,ἔἕψε,ἕψω,v2spma---,
0,κέψεαι,ἔπω,v2sfie---,
0,ἐψέγην,ψέγω,v1saip---,
1,ἔψεγμαι,ψέγω,v1srie---,lemming
1,ἕψειν,ἕψω,v--pna---,lemming;morpheus
1,ἔψεκται,ψέγω,v3srie---,lemming
1,ἔψεξα,ψέγω,v1saia---,lemming;morpheus
0,ἕψεται,ἔπω,v3sfie---,
1,ἔψη,ψάω,v3siia---,lemming;morpheus
0,ἑψηθείς,ἔψω,v-sapp-n-,
1,ἐψήθην,ψάω,v1saip---,lemming
0,ἕψη,ἕψω,v1sfip---,
1,ἔψηλα,ψάλλω,v1saia---,lemming;morpheus
1,ἐψηλαφήθην,ψηλαφάω,v1saip---,lemming;morpheus
1,ἐψηλάφησα,ψηλαφάω,v1saia---,lemming;morpheus
0,ἕψησα,ἔψω,v1saia---,
1,ἔψησα,ψάω,v1saia---,lemming;morpheus
0,ἑψήσθην,ψάω,v1saip---,
1,ἔψησμαι,ψάω,v1srie---,lemming
0,ἑψήσομαι,ἕψω,v1sfie---,
1,ἑψήσω,ἕψω,v1sfia---,lemming;morpheus
1,ἐψήφικα,ψηφίζω,v1sria---,lemming;morpheus
0,ἕψομαι,ἕπω,v1sfie---,
1,ἕψου,ἕψω,v2spme---,lemming;morpheus
1,ἐψύγην,ψύχω,v1saip---,lemming;morpheus
1,ἔψυγμαι,ψύχω,v1srie---,lemming;morpheus
1,ἔψυξα,ψύχω,v1saia---,lemming;morpheus
1,ἔψυχα,ψύχω,v1sria---,lemming
0,ἐψύχθἠν,ψύχω,v1saip---,
0,ἔψω,ἕπω,v1sfia---,
0,ἔξω,εἰμί,v1spsa---,
0,ἐῷ,ἑάω,v3spoa---,
0,ἔῳγμαι,οἴγω,,
0,ἐῴγοντο,οἴγω,,
0,ἐῴην,ἐάζω,v1spoa---,
1,ἔωθα,ἔθω,v1sria---,morpheus
1,ἐώθεα,ἔθω,v1slia---,morpheus
1,ἐώθουν,ὠθέω,v1siia---,lemming;morpheus
0,ἐωθώς,ἔθω,v-srpa-n-,
1,ἔωκα,ὠθέω,v1sria---,lemming;morpheus
0,ἕωκα,ἴημι,v1sria---,
1,ἐώκει,ὠθέω,v3slia---,lemming;morpheus
1,ἐῴκειν,ἔοικα,v1slia---,morpheus
0,ἐῴκεσαν,ἔοικα,v3-lia---,
0,ἐώλπειν,ἐλπίζω,,
0,ἕωμαι,ἴηι,v1srie---,
1,ἕωμεν,ἄω,v1pasa---,lemming;morpheus
1,ἐῶμεν,ἐάω,v1ppsa---,lemming;morpheus
0,ἐών,εἰμί,v-sppa-n-,
0,ἕων,ἐάω,v1siia---,
1,ἐωνήθην,ὠνέομαι,v1saip---,lemming;morpheus
1,ἐώνημαι,ὠνέομαι,v1srie---,lemming;morpheus
0,ἐωνησάμην,ὠνέομαι,v1saie---,
0,θύσω,θάω,v1sfia---,
0,αναννδι,ἄνω,v1saie---,
0,γαλλίασα,ἀναλλιάω,v1saia---,
1,ἡγαλλόμην,ἀγάλλω,v1siie---,lemming
0,φνάπηκα,ἀγαπάω,v1sria---,
0,ἤμγαπῆσθαι,οῳΩἿκῚ ΜΝ,v--rne---,
0,ἡγασέμην,ἄγαμαι,v1saie---,
1,ἤγγειλα,ἀγγέλλω,v1saia---,lemming;morpheus
0,ἡγγυΐθην,ἐγγυάω,v1saip---,
0,ἡγγύυμκα,ἐγγυάω,v1sria---,
0,ἠγγύημαι,ἐγγυάω,v1spie---,
1,ἠγγύησα,ἐγγυάω,v1saia---,lemming;morpheus
0,ἠγγυησάμην,ἐγγυάω,v1saie---,
0,ἤγειρα,ἀγείοω,v1saia---,
1,ἤγειρα,ἐγείρω,v1saia---,lemming;morpheus
0,ἠγειράμην,ἀγείοω,v1saie---,
1,ἡγεῖτο,ἡγέομαι,v3siie---,lemming;morpheus
0,ὐγεμόνευεν,ἡγεμονεύω,v3siia---,
0,ἡγεμονεύσαντες,ἡἠγεμονεύω,v-papa-n-,
0,ἐἠγερέθοντο,ἀγείρω,,
0,ἠγέρθην,ἀγείρω,,
1,ἠγέρθην,ἐγείρω,v1saip---,lemming;morpheus
1,ἡγήθην,ἡγέομαι,v1saip---,morpheus
1,ἡγηθήσομαι,ἡγέομαι,v1sfip---,morpheus
1,ἤγηλα,ἀγάλλω,v1saia---,lemming;morpheus
1,ἥγημαι,ἡγέομαι,v1srie---,lemming;morpheus
1,ἥγηντο,ἡγέομαι,v3plie---,lemming;morpheus
0,ἡγησάμην,ἡγέομαι,v1saie---,
0,ἡγήσομαι,ἡγέομαι,v1sfie---,
1,ἠγίνεον,ἀγινέω,v1siia---,lemming;morpheus
0,ἠγκαλίσασθε,ἀγκαλίζομαι,v2paie---,
0,ἠγκαλισμένος,ἀγκαλίζομαι,v-srpe-n-,
0,ἠγκιστρωμένος,ἀγκιστρόομαι,v-srpe-n-,
0,ἠγκυλημένος,ἀγκυλέομαι,v-srpe-n-,
0,ἠγλάισα,ἀγλαΐζω,v1saia---,
0,ἠγλαΐσθην,ἀγλαΐζω,v1saip---,
0,ἠγλαϊσμένη,ἀγλαΐζω,v-srpe-n-,
1,ἥγνευκα,ἁγνεύω,v1sria---,lemming;morpheus
1,ἥγνικα,ἁγνίζω,v1sria---,lemming;morpheus
0,ἤγνισε,ἁγνίζω,v3saia---,
1,ἡγνίσθη,ἁγνίζω,v3saip---,lemming;morpheus
0,ἢγνοήθην,ἀγνοέω,v1saip---,
0,ἤγνόηκα,ἀγνοέω,v1sria---,
1,ἠγνόησα,ἀγνοέω,v1saia---,lemming;morpheus
1,ἠγνόουν,ἀγνοέω,v1siia---,lemming;morpheus
1,ἠγοράασθε,ἀγοράομαι,v2piie---,morpheus
1,ἠγόρακα,ἀγοράζω,v1sria---,lemming;morpheus
1,ἠγόρασα,ἀγοράζω,v1saia---,lemming;morpheus
1,ἠγοράσθην,ἀγοράζω,v1saip---,lemming;morpheus
0,ἠγορεύθην,ἀγο τω,v1saip---,
0,ἠγόρευκα,ἀγο τω,v1sria---,
0,ἠγόρευμαι,ἀγο τω,v1srie---,
0,ἤγόρευσα,ἀγο τω,v1saia---,
0,ἠγορῶ,ἀγο τω,v2siie---,
1,ἠγρεύθην,ἀγρεύω,v1saip---,lemming;morpheus
0,ἠγρευκότες,ἀγρεύω,v-prpa-n-,
1,ἤγρευσα,ἀγρεύω,v1saia---,lemming;morpheus
1,ἠγρηγόρεσαν,ἐγείρω,v3plia---,lemming;morpheus
0,ῃγρηγόρη,ἐγείρω,v1slia---,
1,ἠγρίανα,ἀγριαίνω,v1saia---,lemming;morpheus
1,ἠγριάνθην,ἀγριαίνω,v1saip---,lemming
1,ἠγριώθην,ἀγριόω,v1saip---,lemming;morpheus
1,ἠγρίωμαι,ἀγριόω,v1srie---,lemming;morpheus
1,ἠγρίωσα,ἀγριόω,v1saia---,lemming;morpheus
1,ἠγρύπνηκα,ἀγρυπνέω,v1sria---,lemming;morpheus
1,ἠγωνίακα,ἀγωνιάω,v1sria---,lemming;morpheus
1,ἠγωνίασα,ἀγωνιάω,v1saia---,lemming;morpheus
1,ἠγωνισάμην,ἀγωνίζομαι,v1saie---,morpheus
1,ἠγωνίσθην,ἀγωνίζομαι,v1saip---,lemming
1,ἠγώνισμαι,ἀγωνίζομαι,v1srie---,lemming;morpheus
0,ἤδεα,υἴδα,,
0,ἤδει,υἴδα,,
0,ἤδειμεν,υἴδα,,
0,ἤδεις,υἴδα,,
0,ἤδεισαν,υἴδα,,
0,ἤδειτε,υἴδα,,
0,ἤδεσα,αἰδέομαι,v1saia---,
0,ἤδεσάμην,ἐσθίω,,
0,γδέσθην,αἰδέομαι,v1saip---,
0,ἤδεσμαι,αἰδέομαι,v1srie---,
0,ἤδ,οἵδα,,
0,ἤδης,οἵδα,,
0,ἠδ,ἀδικέω,v3sria---,
0,δώζηται,ἀδικέω,v3srie---,
0,ἦδον,ἄδω,v1siia---,
0,ἡδρηκότες,ἀδρέω,v-prpa-n-,
0,ἥδυνα,ἀδρέω,v1saia---,
1,ἠδυνάμην,δύναμαι,v1siie---,lemming
1,ἠδυνήθην,δύναμαι,v1saip---,lemming;morpheus
0,ἠδύνθην,δύναμαι,v1saip---,
0,ἥδυσμαι,δύναμαι,v1srie---,
0,ἦε,εἰμί,v3siia---,
0,κἤειδε,ἄδω,v3siia---,
0,κἠείδειν,οἶδα,,
0,ἥν,εἶμι,v1siia---,
0,ἤειν,εἶμι,v3siia---,
0,κἤεια,αἴρω,v1saia---,
0,ἥεις,εἶμι,v2siia---,
0,ἐἤεισα,ἄδω,v1saia---,
0,ἐἠέξησα,αὐξάνω,,
0,ἠέρθην,αἴρω,v1saip---,
0,ἤερμαι,αἴρω,v1srie---,
0,ἠέρτημαι,ἀερτάω,v1srie---,
0,ἠέρτησα,ἀερτάω,v1saia---,
0,ἤἥεσαν,εἶμι,v3piia---,
0,ἡἠζόμην,ἄζομαι,v1siie---,
1,ἤην,εἰμί,v3siia---,lemming;morpheus
0,ἠθέληκα,ἐγθέλω,v1sria---,
0,ἠθελήκεσαν,ἐγθέλω,v3plia---,
0,ἠθέλησα,ἐγθέλω,v1saia---,
0,ἤθελον,ἐγθέλω,v1siia---,
0,ἠθημένος,ἠθέω,v-srpe-n-,
1,ἤθησα,ἠθέω,v1saia---,lemming;morpheus
0,ἠθησάμην,ἠθέω,v1saie---,
1,ἤθισμαι,ἐθίζω,v1srie---,lemming;morpheus
1,ἤθιστο,ἐθίζω,v3slie---,lemming;morpheus
1,ἤθληκα,ἀθλέω,v1sria---,lemming;morpheus
1,ἤθλημαι,ἀθλέω,v1srie---,lemming;morpheus
0,ἠθλησάμην,ἀθλέω,v1saie---,
0,ἦθον,αἴθω,v1siia---,
0,ἠδθριχσμένα,αἰθριάω,v-prpe-n-,
0,ἠθθροΐζετο,γθροίζω,v3siie---,
0,ἤθροικα,γθροίζω,v1sria---,
0,ἤθροισα,γθροίζω,v1saia---,
0,ἠθροίσθην,γθροίζω,v1saip---,
0,ἤθροισμαι,γθροίζω,v1srie---,
0,ἤθροιστο,γθροίζω,v3slie---,
0,ἤθυσσον,γθροίζω,v1siia---,
0,κἤια,γθροίζω,v1siia---,
0,κἤιε,γθροίζω,v3siia---,
0,τῇ,γθροίζω,v3srie---,
0,κἤιξα,ἄττω,v1saia---,
0,κἤκον,ἄττω,v1siia---,
0,κἤισα,ἄττω,v1saia---,
0,κἤισχε,ἐίσκω,v3siia---,
0,ήισσον,ἄττω,v1siia---,
0,κἠΐστωσα,ἀιστόω,v1saia---,
0,ἠΐχθην,ἀιστόω,v1saip---,
0,ἧχκα,ἴημι,v1saia---,
0,ἧχα,ἴημι,v1sria---,
0,ἤκαζον,εἰκάζω,v1siia---,
1,ἠκαιρεῖσθε,ἀκαιρέω,v2piie---,lemming;morpheus
0,ἠκάμην,ἴημι,v1saie---,
0,ἧκαν,ἴημι,v3paia---,
0,ἤκασα,εἰκάζω,v1saia---,
0,ἤκασι,εἰκάζω,v3pria---,
0,ἥκασμαι,εἰκάζω,v1srie---,
1,ἥκατε,ἥκω,v2pria---,lemming
0,ἥκατε,ἴημι,v2paia---,
0,ἧκειν,ἔοια,v1slia---,
1,ἡκέναι,ἥκω,v--rna---,lemming
0,ἠκεσάμην,ἀκέομαι,v1saie---,
1,ἥκεσαν,ἥκω,v3plia---,lemming
1,ἡκήδεσα,ἀκηδέω,v1saia---,lemming
1,ἠκηκόειν,ἀκούω,v1slia---,morpheus
0,φκιζόμην,αἰκίζω,v1siie---,
0,ἠκισάμην,αἰκίζω,v1saie---,
0,ἡκχίσθην,αἰκίζω,v1saip---,
0,ἠκισμαι,αἰκίζω,v1srie---,
0,ἤἥκιστο,αἰκίζω,v3slie---,
0,ἠκκλησίαζον,αἰκίζω,v1siia---,
0,ἧκον,αἰκίζω,v1siia---,
0,ἠκονημένος,αἰκίζω,v-srpe-n-,
0,ἤκουσα,αἰκίζω,v1saia---,
0,ἠκούσθην,αἰκίζω,v1saip---,
0,ἠκουσιάσθην,αἰκίζω,v1saip---,
0,ἤκουσμαι,αἰκίζω,v1srie---,
0,ἤκουστο,αἰκίζω,v3slie---,
0,ἠκριβῶσθαι,αἰκίζω,v--rne---,
0,ἠκρίβωτο,αἰκίζω,v3slie---,
0,ἠκροάθην,αἰκίζω,v1saip---,
0,ἠκρόαμαι,αἰκίζω,v1srie---,
0,ἠκροασάμην,αἰκίζω,v1saie---,
0,ἠκρόασο,αἰκίζω,v2slie---,
0,ἠκροβολισάμην,ἀκροβολίζομαι,v1saie---,
0,ἠκρωτηριασμένοι,ἀχρωτηριάζω,v-prpe-n-,
0,ἧκται,ἄγω,v3srie---,
0,ἧκτο,ἄγω,v3slie---,
1,ἠλάθην,ἐλαύνω,v1saip---,lemming;morpheus
1,ἠλάλαξα,ἀλαλάζω,v1saia---,lemming;morpheus
0,ἤλαον,ἐλαύνω,,
0,ἤλασα,ἐλαύνω,,
0,ἠλασάμην,ἐλαύνω,,
0,ἠλάσθησαν,ἐλαύνω,,
1,ἠλάστεον,ἀλαστέω,v1siia---,lemming;morpheus
1,ἠλαττώθην,ἐλαττόω,v1saip---,lemming
1,ἠλάττωμαι,ἐλαττόω,v1srie---,lemming
1,ἠλάττωσα,ἐλαττόω,v1saia---,lemming
1,ἤλγησα,ἀλγέω,v1saia---,lemming;morpheus
1,ἤλγυνα,ἀλγύνω,v1saia---,lemming;morpheus
1,ἠλγύνθην,ἀλγύνω,v1saip---,lemming;morpheus
0,ἤλδανε,ἀλδαίνω,v3-aia---,
1,ἤλεγξα,ἐλέγχω,v1saia---,lemming;morpheus
1,ἠλέγχθην,ἐλέγχω,v1saip---,morpheus
1,ἠλέησα,ἐλεέω,v1saia---,lemming;morpheus
0,ἤλειμμαι,ἀλείφω,v1srie---,
1,ἤλειψα,ἀλείφω,v1saia---,lemming;morpheus
0,ἡλειψάμην,ἀλείφω,v1saie---,
1,ἡλέλιζον,ἐλελίζω,v1siia---,lemming
1,ἠλέλιξα,ἐλελίζω,v1saia---,lemming;morpheus
0,ἤλεξα,ἀλέσωἼ,v1saia---,
0,ἤλεο,αἱρέω,v2saie---,
1,ἠλέουν,ἐλεέω,v1siia---,lemming;morpheus
1,ἤλεσα,ἀλέω,v1saia---,lemming;morpheus
1,ἠλέσθην,ἀλέω,v1saip---,lemming;morpheus
0,ἠλήθευσε,ἀλχηθεύω,v3saia---,
1,ἠλήλατο,ἐλαύνω,v3slie---,lemming;morpheus
1,ἦλθα,ἔρχομαι,v1saia---,lemming;morpheus
1,ἤλθησα,ἀλθαίνω,v1saia---,lemming
0,ἠλθησάμην,ἀλθαίνω,v1saie---,
1,ἦλθον,ἔρχομαι,v1saia---,lemming;morpheus
1,ἡλιάξεις,ἡλιάζομαι,v2sfia---,morpheus
0,ἡλιάσασθαι,ἡλιάζομαι,v--ane---,
0,ἡλιάσομαι,ἡλιάζομαι,v1sfie---,
0,ἤλικα,ἀλίνδω,v1sria---,
0,ἡλινδημένος,ἀλίνδω,v-srpe-n-,
0,ἠλίνον,ἐλνόωω,v1siia---,
0,ἤλισα,ἀλίνδω,v1saia---,
0,ἥλισα,ἀλίζω,v1saia---,
0,ἡλίσθην,ἀλίζω,v1saip---,
0,ἡλισκόμην,ἀλίσκομαι,v1siie---,
0,ἡλισμένος,ἁλίζω,v-srpe-n-,
1,ἥλιτον,ἀλιταίνω,v1saia---,lemming
0,ἠλίφην,ἀλείφω,v1saip---,
1,ἡλιωθῇ,ἡλιόομαι,v3sasp---,lemming
1,ἡλίωσα,ἁλιόω,v1saia---,lemming;morpheus
0,ἤλκησε,ἕλκω,v3saia---,
0,ἤλκυσα,ἕλκω,v1saia---,
0,ἡλκύσθην,ἕλκω,v1saip---,
0,ἥλκυσμαι,ἕλκω,v1srie---,
0,ἠλλάγην,ἀλλάττω,v1saip---,
0,ἤλλαγμαι,ἀλλάττω,v1srie---,
0,ἤλλακτο,ἀλλάττω,v3slie---,
0,ἤλλαξα,ἀλλάττω,v1saia---,
0,ἠλλαξάμην,ἀλλάττω,v1saie---,
0,ἠλλάττωκα,ἐλαττόω,v1sria---,
0,ἤλλαχα,ἀλλάττω,v1sria---,
1,ἠλλάχθην,ἀλλάττω,v1saip---,lemming
0,ἠλλήνισται,ἐλληνίζω,v3srie---,
0,ἡλλόμην,ἄλλομαι,v1siie---,
0,ἠλλοτριωκότας,ἀλλοτρ ιόω,v-prpa-a-,
0,ἠλογημένη,ἀλογέὭω,v-srpe-n-,
1,ἡλοήθην,ἀλοάω,v1saip---,lemming
1,ἠλόημαι,ἀλοάω,v1srie---,lemming;morpheus
1,ἡλόησα,ἀλοάω,v1saia---,lemming
0,ἡλόμην,ἄἅλλομαι,v1saie---,
0,ἥλουν,ἀλέω,v1siia---,
1,ἤλπικα,ἐλπίζω,v1sria---,lemming;morpheus
1,ἠλπίκειν,ἐλπίζω,v1slia---,morpheus
1,ἤλπισα,ἐλπίζω,v1saia---,lemming;morpheus
1,ἠλπίσθην,ἐλπίζω,v1saip---,lemming;morpheus
1,ἤλπισμαι,ἐλπίζω,v1srie---,lemming;morpheus
0,ἠλπόμην,ἐλπίζω,v1siie---,
0,ἠλσάμην,ελω,v1saie---,
0,ἡλυγισμένος,ἠἡλυγάζω,,
1,ἤλυξα,ἀλύσκω,v1saia---,lemming;morpheus
1,ἦλφον,ἀλφάνω,v1saia---,lemming;morpheus
0,ἤλωκα,ἁλίσκομαι,v1sria---,
1,ἡλώκειν,ἁλίσκομαι,v1slia---,morpheus
1,ἠλώμην,ἀλάομαι,v1siie---,lemming;morpheus
0,ἥλων,ἀλίσκομαι,v1saia---,
0,ἥμα,ἀμάω,v3siia---,
0,ἥμαγμαι,αἱμάττω,v1srie---,
0,ἡμάλαψα,ἀμαλάπτω,v1saia---,
0,ἥμαξα,αἱμάττω,v1saia---,
1,ἡμαρτήθην,ἁμαρτάνω,v1saip---,lemming;morpheus
1,ἥμαρτον,ἁμαρτάνω,v1saia---,lemming;morpheus
0,ἡματωμένη,αἱματόω,v-srpe-n-,
1,ἡμαύρωμαι,ἀμαυρόω,v1srie---,lemming
1,ἡμαύρωσε,ἀμαυρόω,v3saia---,lemming
0,ἡμάχθην,αἰμάττω,v1saip---,
1,ἤμβλυμμαι,ἀμβλύνω,v1srie---,lemming;morpheus
1,ἤμβλυνα,ἀμβλύνω,v1saia---,lemming;morpheus
1,ἠμβλύνθην,ἀμβλύνω,v1saip---,lemming;morpheus
0,ἤμβλυται,ἀμβλύνω,v3srie---,
1,ἤμβλωκα,ἀμβλίσκω,v1sria---,morpheus
1,ἤμβλωμαι,ἀμβλίσκω,v1srie---,morpheus
1,ἤμβλωσα,ἀμβλίσκω,v1saia---,lemming;morpheus
1,ἤμβροτον,ἁμαρτάνω,v1saia---,morpheus
0,ἤμεθα,εἰμί,,
1,ἥμειπται,ἀμείβω,v3srie---,lemming
1,ἠμείφθην,ἀμείβω,v1saip---,lemming;morpheus
1,ἤμειψα,ἀμείβω,v1saia---,lemming;morpheus
0,ἠμειψάμην,ἀμείβω,v1saie---,
0,ἤμελγμαι,ἀμέλγω,v1srie---,
1,ἠμέληκα,ἀμελέω,v1sria---,lemming;morpheus
0,ἠμελημένοι,ἀμελέω,v-prpe-n-,
1,ἠμέλησα,ἀμελέω,v1saia---,lemming;morpheus
1,ἠμέλλησα,μέλλω,v1saia---,lemming
0,ἤμελξα,ἀμέλγῳ,v1saia---,
1,ἦμεν,εἰμί,v1piia---,lemming;morpheus
0,ἦμεν,εἰμί,v--pna---,
0,ἦμεν,εἶμι,v1-iia---,
1,ἥμεον,ἐμέω,v1siia---,lemming
1,ἠμέρθην,ἀμέρδω,v1saip---,lemming;morpheus
1,ἤμερσα,ἀμέρδω,v1saia---,lemming;morpheus
0,ἡμερώσας,ἡμερόω,v-sapa-n-,
0,ἠμέρωται,ἡμερόω,v3srie---,
1,ἤμεσα,ἐμέω,v1saia---,lemming;morpheus
1,ἤμην,εἰμί,v1siie---,lemming;morpheus
1,ἥμημαι,ἀμάω,v1srie---,lemming
1,ἤμησα,ἀμάω,v1saia---,lemming;morpheus
1,ἡμηχάνουν,ἀμηχανέω,v1siia---,lemming
1,ἡμιλλήθην,ἁμιλλάομαι,v1saip---,lemming
1,ἡμίλλημαι,ἁμιλλάομαι,v1srie---,lemming;morpheus
1,ἡμιλλησάμην,ἁμιλλάομαι,v1saie---,morpheus
0,ἧμμι,ἅπτω,v1srie---,
1,ἠμνημόνησα,ἀμνημονέω,v1saia---,lemming;morpheus
1,ἤμουν,ἐμέω,v1siia---,lemming;morpheus
1,ἠμπειχόμην,ἀμπέχω,v1siie---,morpheus
0,ἠμπεσχόμην,ἀμπέχω,v1saie---,
1,ἤμπεσχον,ἀμπέχω,v1saia---,lemming;morpheus
0,ἤμπλακον,ἀμπλακίσκω,v1saia---,
1,ἠμπολήθην,ἐμπολάω,v1saip---,lemming;morpheus
1,ἠμπόληκα,ἐμπολάω,v1sria---,lemming;morpheus
1,ἠμπόλημαι,ἐμπολάω,v1srie---,lemming;morpheus
1,ἠμπόλων,ἐμπολάω,v1siia---,morpheus
1,ἤμπρευσαν,ἀμπρεύω,v3paia---,lemming;morpheus
0,ἡμυκώς,ἠμύόω,v-srpa-n-,
1,ἤμυνα,ἀμύνω,v1saia---,lemming;morpheus
1,ἠμύναθον,ἀμύνω,v1saia---,lemming
0,ἡμυνάμην,ἀμύνω,v1saie---,
1,ἠμύνοντο,ἀμύνω,v3piie---,lemming;morpheus
0,ἥμυξα,ἀμύττω,v1saia---,
0,ἥμυσα,ἡμύω,v1saia---,
0,ἠμύστισα,ἀμυστίζω,v1-aia---,
1,ἠμφεγνόησα,ἀμφιγνοέω,v1saia---,lemming;morpheus
1,ἠμφεγνόουν,ἀμφιγνοέω,v1siia---,morpheus
0,ἠμφεσβήτει,ἀμφισβητέω,v3siia---,
1,ἠμφεσβητήθην,ἀμφισβητέω,v1saip---,lemming
1,ἠμφεσβήτησα,ἀμφισβητέω,v1saia---,lemming
1,ἠμφίακα,ἀμφιάζω,v1sria---,lemming
1,ἠμφίασα,ἀμφιάζω,v1saia---,lemming;morpheus
0,ἠμφιάσατο,ἀμφιάζω,v3saie---,
0,ἠμφιβληστρευμ,ἀμφιβληστρεύω,v-srpe-n-,
0,ἠμφιένυν,ἀμφιέννυμι,v1siia---,
1,ἠμφίεσα,ἀμφιέννυμι,v1saia---,lemming;morpheus
0,ἡμφιεσάμην,ἀμφιέννυμι,v1saie---,
1,ἠμφίεσμαι,ἀμφιέννυμι,v1srie---,lemming
0,ἠμφιεσμένος,ἀμφιέννυμι,v-srpe-n-,
0,ἠμφισβητήθην,ἀμφῳισβητέω,v1saip---,
0,ἥμων,ἀμω,v1siia---,
1,ἦν,εἰμί,v3siia---,lemming;morpheus
1,ἠνάγκακα,ἀναγκάζω,v1sria---,lemming;morpheus
1,ἠναγκάκειν,ἀναγκάζω,v1slia---,morpheus
1,ἠναγκάσθην,ἀναγκάζω,v1saip---,lemming;morpheus
0,ἠναγκασμένος,ἀναγκάζω,v-srpe-n-,
0,ἦναι,εἰμί,v--pna---,
0,ἦναι,αἵνω,v--ana---,
1,ἠναινόμην,ἀναίνομαι,v1siie---,lemming;morpheus
1,ἤναιρον,ἐναίρω,v1siia---,lemming;morpheus
1,ἠνάριζον,ἐναρίζω,v1siia---,lemming;morpheus
1,ἠνάριξα,ἐναρίζω,v1saia---,lemming;morpheus
1,ἠναρίσθην,ἐναρίζω,v1saip---,lemming;morpheus
1,ἥναρον,ἐναίρω,v1saia---,lemming
1,ἤνασσον,ἀνάσσω,v1siia---,lemming;morpheus
1,ἠναντιούμην,ἐναντιόομαι,v1siie---,lemming;morpheus
1,ἠναντιώθην,ἐναντιόομαι,v1saip---,lemming
1,ἠναντίωμαι,ἐναντιόομαι,v1srie---,lemming;morpheus
1,ἠνδραγάθηκα,ἀνδραγαθέω,v1sria---,lemming;morpheus
1,ἠνδραπόδισα,ἀνδραποδίζω,v1saia---,lemming;morpheus
1,ἠνδραποδίσθην,ἀνδραποδίζω,v1saip---,lemming;morpheus
1,ἠνέγκαμεν,φέρω,v1paia---,lemming;morpheus
0,ἥνες,αἰνέω,v1saia---,
1,ἤνεσα,ἄνω,v1saia---,lemming
1,ἠνέχθην,φέρω,v1saip---,lemming;morpheus
1,ἠνεχύρασαν,ἐνεχυράζω,v3paia---,morpheus
1,ἠνέῳγμαι,ἀνοίγνυμι,v1srie---,lemming
0,ἠνέωχα,ἀνοίγνυμι,v1sria---,
1,ἠνεῴχθην,ἀνοίγνυμι,v1saip---,lemming;morpheus
0,ἤνημαι,αἰω,v1srie---,
0,ἠνηνάμην,ἀναίνομαι,v1saie---,
1,ἤνθησεν,ἀνθέω,v3saia---,lemming;morpheus
1,ἤνθισα,ἀνθίζω,v1saia---,lemming;morpheus
1,ἤνθισμαι,ἀνθίζω,v1srie---,morpheus
0,ἦἶνθον,ἔρχομαι,v1saia---,
0,ἠνθρώθησαν,ἀνθρόω,v3paip---,
1,ἠνιάθην,ἀνιάω,v1saip---,lemming;morpheus
0,ἡνίακα,ἀνιάω,v1-ria---,
0,ἡνίᾶσα,ἀνιάω,v1saia---,
0,νίᾶσα,ἀνιάζω,v1saia---,
0,ἤνιγχα,φέρω,v1saia---,
0,ἤνιγμαι,αἰνίττομαι,v1srie---,
0,νι,ἀνιάω,v1saip---,
0,νιξάμην,αἰνίττομαι,v1saie---,
0,ἡνιόχευεν,ἡνιοχέω,v3siia---,
0,ἡνιοχήσας,ἡνιοχέω,v-sapa-n-,
1,ἠνίπαπε,ἐνίπτω,v3saia---,lemming;morpheus
0,ἠνίχθην,αἰνίττομαι,v1saip---,
1,ἠνιῶντο,ἀνιάω,v3piie---,lemming;morpheus
1,ἠνοίγην,ἀνοίγνυμι,v1saip---,lemming;morpheus
1,ἤνοιγμαι,ἀνοίγνυμι,v1srie---,lemming
1,ἤνοιγον,ἀνοίγνυμι,v1siia---,morpheus
1,ἤνοιξα,ἀνοίγνυμι,v1saia---,lemming;morpheus
1,ἠνοίχθην,ἀνοίγνυμι,v1saip---,morpheus
0,ἧνν,ἄνω,v1siia---,
0,ἥνουν,αἰνέω,v1siia---,
0,ἠνόγλησα,ἐνοχλέω,v1saia---,
0,ἶνται,εἰμί,v3ppse---,
1,ἤντεο,ἄντομαι,v2siie---,lemming;morpheus
1,ἤντεον,ἀντάω,v1siia---,lemming;morpheus
1,ἤντησας,ἀντάω,v2saia---,lemming;morpheus
1,ἠντίαζον,ἀντιάζω,v1siia---,lemming;morpheus
1,ἠντίασα,ἀντιάζω,v1saia---,lemming;morpheus
1,ἠντιώθην,ἀντιόομαι,v1saip---,lemming;morpheus
0,ἤνυχα,ἀνύτ,v1sria---,
0,ἔἤνυσα,ἀνύτ,v1saia---,
0,ἡνωμένη,ἑνόω,v-srpe-n-,
0,ἠνωρθόώχειν,ἀνορθόω,v1slia---,
1,ἡνῶσθαι,ἑνόω,v--rne---,lemming;morpheus
0,ἠνωχλήθην,ἐνοχλέω,v1saip---,
1,ἠνώχληκα,ἐνοχλέω,v1sria---,lemming
0,ἠνώχλουν,ἐνοχλέω,v1siia---,
0,ἥἧξα,ἄγω,v1saia---,
0,ἐξα,ἄγνυμι,v1saia---,
0,ἧξα,ἄττω,v1saia---,
0,ἥξας,ἥκω,v-sapa-n-,
1,ἥξειν,ἥκω,v--fna---,lemming;morpheus
1,ἠξιώθην,ἀξιόω,v1saip---,lemming;morpheus
1,ἠξίωκα,ἀξιόω,v1sria---,lemming;morpheus
0,ἥξομαι,ἥκω,v1sfie---,
1,ἥξω,ἥκω,v1sfia---,lemming;morpheus
0,ἥομεν,εἶμι,v1piia---,
1,ἠπατήθην,ἀπατάω,v1saip---,lemming;morpheus
1,ἠπάτηκα,ἀπατάω,v1sria---,lemming;morpheus
0,ἠπάτη,ἀπατάω,v1srie---,
1,ἠπάτησα,ἀπατάω,v1saia---,lemming;morpheus
1,ἠπάτων,ἀπατάω,v1siia---,morpheus
0,ἥἤπαφον,ἀπαφίσκω,v1saia---,
1,ἤπειγον,ἐπείγω,v1siia---,morpheus
1,ἠπείληκα,ἀπειλέω,v1sria---,lemming;morpheus
0,ἠπείλησα,ἀπειλέω,v1-aia---,
0,ἧπε,ἀπειλέω,v1siia---,
1,ἥπειξα,ἐπείγω,v1saia---,lemming
0,ἠπημένα,ἠπάομαι,v-prpe-n-,
0,ἠπιστά,ἐπίσταμαι,v1siie---,
1,ἠπιστήθην,ἐπίσταμαι,v1saip---,lemming;morpheus
1,ἠπίστησαν,ἀπιστέω,v3paia---,lemming;morpheus
1,ἠπίστω,ἐπίσταμαι,v2siie---,morpheus
1,ἡπλώθη,ἁπλόω,v3saip---,lemming;morpheus
0,ἡπλωμένη,ἁπλόω,v-srpe-n-,
0,ἠπόλει,αἰπολέω,v3siia---,
1,ἠπόρηκα,ἀπορέω,v1sria---,lemming;morpheus
1,ἠπόρημαι,ἀπορέω,v1srie---,lemming;morpheus
1,ἠπόρησα,ἀπορέω,v1saia---,lemming;morpheus
0,ἧπτο,ἀπορέω,v3slie---,
1,ἤπυσα,ἠπύω,v1saia---,lemming;morpheus
0,ῇρα,ἐράω,v3siia---,
1,ἥραμαι,ἀράομαι,v1srie---,lemming
0,ἠράμην,αἴρω,v1saie---,
1,ἠράμην,ἔραμαι,v1siie---,lemming;morpheus
0,ἤραξα,ἀράττω,v1saia---,
1,ἤραρον,ἀραρίσκω,v1saia---,lemming;morpheus
0,ἤρασα,ἐράω,v1saia---,
0,ἠρασάμην,ἔραμαι,v1saie---,
1,ἠράσθην,ἔραμαι,v1saip---,lemming;morpheus
1,ἤρασμαι,ἔραμαι,v1srie---,lemming
0,ἠράσσατο,ἔραμαι,v3saie---,
0,ἠράχθην,ἀοάττω,v1saip---,
0,ἠργαζόμην,ἐργάζομχι,v1siie---,
1,ἤργηκα,ἀργέω,v1sria---,lemming;morpheus
1,ἤργησα,ἀργέω,v1saia---,lemming;morpheus
1,ἦργμαι,ἄρχω,v1srie---,lemming;morpheus
0,ἧρδν,ἄρδω,v1siia---,
0,ἠρέθην,αἱρέω,v1saip---,
0,ἠρέθικα,ἐρεθίζω,v1-ria---,
1,ἠρέθισα,ἐρεθίζω,v1saia---,lemming;morpheus
1,ἠρεθίσθην,ἐρεθίζω,v1saip---,lemming;morpheus
1,ἠρέθισμαι,ἐρεθίζω,v1srie---,lemming;morpheus
0,ἥρει,αἱρέω,v3siia---,
1,ἤρειξα,ἐρέικω,v1saia---,lemming;morpheus
1,ἤρειπτο,ἐρείπω,v3slie---,lemming
1,ἤρεισα,ἐρείδω,v1saia---,lemming;morpheus
0,ἠρεισάμην,ἐρείδω,v1saie---,
1,ἤρεισμαι,ἐρείδω,v1srie---,morpheus
1,ἠρείφθην,ἐρείπω,v1saip---,lemming;morpheus
0,ἠρείχθην,ἐρέικω,v1saip---,
1,ἔρειψα,ἐρείπω,v1saia---,lemming;morpheus
0,ἥρεον,αἷρέω,v1siia---,
1,ἤρεον,εἴρω,v1siia---,lemming;morpheus
1,ἤρεπται,ἐρέφω,v3srie---,lemming
0,ἤρεσα,ἐρέσσχω,v1saia---,
1,ἠρέσθην,ἀρέσκω,v1saip---,lemming;morpheus
0,ἠρέτικα,αἰρετίζω,v1sria---,
0,ἤρετο,αἴρω,v3-iie---,
1,ἤρεφον,ἐρέφω,v1siia---,lemming;morpheus
1,ἔρεψα,ἐρέφω,v1saia---,lemming;morpheus
0,ἠρεψάμην,ἐρέφω,v1saie---,
0,ἡρήθην,αἷρέω,v1saip---,
0,ἥρηκα,αἷρέω,v1spia---,
1,ἠρημώθη,ἐρημόω,v3saip---,lemming;morpheus
1,ἠρήμωσε,ἐρημόω,v3saia---,lemming;morpheus
0,ἤρηντο,αἱρέω,v3plie---,
0,ἡ,ἀραρίσκω,v1slia---,
0,ἐρήρειντο,ἐρείδω,v3-lie---,
1,ἠρήρειστο,ἐρείδω,v3slie---,lemming;morpheus
1,ἠρήριπτο,ἐρείπω,v3slie---,lemming;morpheus
0,ἔρησα,αἱρέω,v1saia---,
0,ρησάμην,ἀράομαι,v1saie---,
0,ἡρησάμην,αἰρέω,v1saie---,
0,ἡρήσομαι,αἰρέω,v1stie---,
0,ἥρητο,αἰρέω,v3slie---,
1,ἤρθην,ἀραρίσκω,v1saip---,lemming;morpheus
0,ἠρθρωμένα,ἀρθρόω,v-prpe-n-,
1,ἤρθρωσαν,ἀρθρόω,v3paia---,lemming;morpheus
1,ἠρίδαινον,ἐριδαίνω,v1siia---,lemming;morpheus
0,ἠριθμησάμην,ἀριθμέω,v1saie---,
0,ἤρα,ἐρίζω,v1sria---,
0,ἥρυκε,ἐρέικω,v3saia---,
1,ἠρίπην,ἐρείπω,v1saip---,lemming;morpheus
0,ἠριπόμην,ἐρείπω,v1saie---,
1,ἤριπον,ἐρείπω,v1saia---,lemming;morpheus
1,ἤρισα,ἐρίζω,v1saia---,lemming;morpheus
0,ἠρίσταμεν,ἀριστάω,v1pria---,
0,ἠριστάναι,ἀριστάω,v--rna---,
1,ἡρίστηκα,ἀριστάω,v1sria---,lemming
1,ἠρίστημαι,ἀριστάω,v1srie---,lemming;morpheus
0,ἠρίφθην,ἐρείπω,v1saip---,
1,ἧρκα,αἴρω,v1sria---,lemming
0,ἤρκει,ἀρκω,v3siia---,
0,ἤρκεσαν,ἀρκω,v3paia---,
0,ἠρχέσθην,ἀρκω,v1saip---,
0,ἤρκεσμαι,ἀρκω,v1srie---,
0,ἠρκέσω,ἀρκω,v2saie---,
0,ἕομαι,αἴρω,v1srie---,
0,ἥομοκα,ἁρμόττω,v1sria---,
0,ἥρμοσα,ἁρμόττω,v1saia---,
0,ἡρμόσθην,ἁρμόττω,v1saip---,
0,ἠρνήθην,ἀἁρνέομαι,v1saip---,
0,ἠρνησάμην,ἀἁρνέομαι,v1saie---,
0,ἠρξάμην,ἄρχω,v1saie---,
1,ἠρόθην,ἀρόω,v1saip---,lemming;morpheus
0,ἦρον,αἴρω,v1siia---,
0,ἤροσε,ἀρω,v3saia---,
0,ἡρούμην,αἱρέω,v1siie---,
1,ἡρπάγην,ἁρπάζω,v1saip---,lemming;morpheus
1,ἥρπαγμαι,ἁρπάζω,v1srie---,lemming;morpheus
1,ἥρπασα,ἁρπάζω,v1saia---,lemming;morpheus
0,ἡρπάσθν,ἁρπάζω,v1saip---,
1,ἥρπασμαι,ἁρπάζω,v1srie---,lemming;morpheus
1,ἥρπαστο,ἁρπάζω,v3slie---,lemming;morpheus
1,ἡρπάχθαι,ἁρπάζω,v--rne---,lemming;morpheus
1,ἡρπάχθην,ἁρπάζω,v1saip---,lemming;morpheus
1,ἕρπον,ἕρπω,v1siia---,lemming;morpheus
1,ἤρρηκα,ἔρρω,v1sria---,lemming;morpheus
1,ἦρσα,ἄρδω,v1saia---,lemming;morpheus
0,ἠρσάμην,ἀραρίσκω,v1saie---,
0,ἠρτήθεν,ἀρτάω,v1saip---,
1,ἤρτημαι,ἀρτάω,v1srie---,lemming;morpheus
1,ἤρτησα,ἀρτάω,v1saia---,lemming;morpheus
1,ἤρτητο,ἀρτάω,v3slie---,lemming;morpheus
1,ἤρτικα,ἀρτίζω,v1sria---,lemming;morpheus
1,ἠρτύθην,τεύχω,v1saip---,lemming;morpheus
1,ἤρτυμαι,τεύχω,v1srie---,lemming;morpheus
0,ἤρτυνα,τεύχω,v1saia---,
0,ἠρτυνάμην,τεύχω,v1saie---,
0,ἠρτύνθην,τεύχω,v1saip---,
1,ἤρτυσα,τεύχω,v1saia---,lemming;morpheus
0,ἤρυγον,ἐρυγγάνω,v1saia---,
1,ἠρύθην,ἀρύω,v1saip---,lemming;morpheus
1,ἠρυθρίακα,ἐρυθριάω,v1sria---,lemming;morpheus
1,ἠρυθρίασα,ἐρυθριάω,v1saia---,lemming;morpheus
1,ἠρυθρίων,ἐρυθριάω,v1siia---,lemming;morpheus
0,ἠρύκανον,ἐρύκω,v1saia---,
1,ἤρυξα,ἐρύκω,v1saia---,lemming;morpheus
1,ἤρυσα,ἀρύω,v1saia---,lemming;morpheus
0,ἠρυσάμην,ἀρύω,v1saie---,
1,ἦρχα,ἄρχω,v1sria---,lemming;morpheus
1,ἤρχθην,ἄρχω,v1saip---,lemming;morpheus
1,ἦρχον,ἄρχω,v1siia---,lemming;morpheus
0,ἦρψα,ἕρπω,v1saia---,
1,ἠρώησαν,ἐρωέω,v3paia---,lemming;morpheus
1,ἤρων,ἐράω,v1siia---,lemming;morpheus
1,ἠρώτηκα,ἐρωτάω,v1sria---,lemming;morpheus
0,ἠρωτημένα,ἐρωτάω,v-prpe-n-,
1,ἠρώτησα,ἐρωτάω,v1saia---,lemming;morpheus
1,ἠρώτων,ἐρωτάω,v1siia---,lemming;morpheus
0,ἧς,εἰμί,v2spsa---,
0,ἧς,εἰμί,v3siia---,
0,ἧς,εἰμί,v2siia---,
0,ἦσα,ἄδω,v1saia---,
0,ἦσα,ἥδομαι,v1saia---,
0,ἦσα,ἥδομαι,v1saia---,
0,ἧσα,ἥδομαι,v1saia---,
0,ἡσάμην,ἥδομαι,v1saie---,
0,ἧσαν,ἥδομαι,v3piia---,
0,ἦσαν,ἥδομαι,v3-lia---,
0,ἥσειν,ἥδομαι,v--fna---,
0,ἠσελγημένα,ἥδομαι,v-prpe-n-,
0,ἠσέλγητο,ἥδομαι,v3srie---,
0,ἦσθαι,ἥδομαι,v--pne---,
0,ἠσθανόμην,ἥδομαι,v1siie---,
0,ἠσθήθην,ἥδομαι,v1saip---,
0,ἤσθημαι,ἥδομαι,v1srie---,
0,ἠσθημένος,ἥδομαι,v-srpe-n-,
0,ἦσθην,ἥδομαι,v1saip---,
0,ἤσθην,ἥδομαι,v3diie---,
0,ἤσθην,ἥδομαι,v1saip---,
0,ἠσθησάμην,ἥδομαι,v1saie---,
0,ἡσθήσομαι,ἐσθέω,v1sfip---,
1,ἤσθιον,ἐσθίω,v1siia---,lemming;morpheus
0,ἠσθόμην,αἰσθάνομαι,v1saie---,
0,ἤσθω,αἰσθάνομαι,v3spme---,
0,ἧσι,εἰμί,v3spsa---,
0,ἦσι,ἕἴημι,v3sasa---,
0,ἠσίμωκα,αἰσιμόω,v1sria---,
1,ἠσκήκαμεν,ἀσκέω,v1pria---,lemming;morpheus
0,ἠσκημένος,ἀσκέω,v-srpe-n-,
1,ἤσκησα,ἀσκέω,v1saia---,lemming;morpheus
0,ἠσκήσατο,ἀσκέω,v3saie---,
0,ἧσμαι,ἄδω,v1srie---,
0,ἧσμεν,οἵδα,,
0,ἦσο,ἥμαι,v2siie---,
0,ἦσο,ἥμαι,v2spme---,
0,ἥσομαι,ἴημε,v1sfie---,
0,ἡσσήθην,ἡττάομαι,v1saip---,
0,ἡσσηθήσομαι,ἡττάομαι,v1sfip---,
0,ἥσσημαι,ἡττάομαι,v1srie---,
0,ἧσσον,ἄττω,v3piia---,
0,ἧσται,ὅμαι,v3spie---,
0,ἦστε,μαι,v2ppie---,
0,ἦστε,οἷδα,,
1,ἡστίασεν,ἑστιάω,v3saia---,lemming
0,ἧστο,εἰμί,v3-iie---,
1,ἤστραπτο,ἀστράπτω,v3slie---,morpheus
1,ἤστραψα,ἀστράπτω,v1saia---,lemming;morpheus
1,ἥστω,εἰμί,v3spma---,lemming
0,ἤστωσας,ἀιστόω,v2saia---,
1,ἡσύχασα,ἡσυχάζω,v1saia---,lemming;morpheus
0,ἡσυχάσομαι,ἡσυχάζω,v1sfie---,
1,ἡσυχάσω,ἡσυχάζω,v1sfia---,lemming;morpheus
0,ἠσφαλισάμην,ἀσφαλίζω,v1saie---,
1,ἡσφαλίσθην,ἀσφαλίζω,v1saip---,lemming
1,ἡσφάλισμαι,ἀσφαλίζω,v1srie---,lemming
1,ἠσφάλιστο,ἀσφαλίζω,v3slie---,lemming;morpheus
0,ἤσχημαι,ἔχω,v1srie---,
1,ἠσχολήθην,ἀσχολέω,v1saip---,lemming;morpheus
1,ἠσχόλημαι,ἀσχολέω,v1srie---,lemming;morpheus
0,ἠσχολησάμην,ἀσχολέω,v1saie---,
0,ἤσχυγκα,αἰσχύνω,v1sria---,
0,ἤσχυμμαι,αἰσχύνω,v1srie---,
0,ἤσχυνα,αἰσχύνω,v1saia---,
0,ἠσχύνθην,αἰσχύνω,v1saip---,
0,ἥσω,ἴημι,v1sfia---,
0,ἧται,εἰμὶ,v3spse---,
1,ἧτασα,ἐτάζω,v1saia---,lemming
1,ἦτε,εἰμί,v2ppsa---,lemming;morpheus
1,ἦτε,εἰμί,v2piia---,lemming;morpheus
0,ἧτε,εἶμι,v2piia---,
0,ἦτε,ἴημι,v2pasa---,
0,ἥτηκα,αἰτέω,v1sria---,
0,ἡτήκει,αἰτέω,v3slia---,
0,ἤτημαι,αἰτέω,v1srie---,
0,ἥτην,εἶμι,v3diia---,
0,ἠτιάασθε,αἰτιάομαι,v2piie---,
0,ἠτιάθην,αἰτιάομαι,v1saip---,
0,ἠτίαμαι,αἰτιάομαι,v1srie---,
0,ἠτιασάμην,αἰτιάομαι,v1saie---,
1,ἠτίμακα,ἀτιμάζω,v1sria---,lemming;morpheus
1,ἠτίμασα,ἀτιμάζω,v1saia---,lemming;morpheus
1,ἠτιμάσθην,ἀτιμάζω,v1saip---,lemming;morpheus
1,ἠτίμασμαι,ἀτιμάζω,v1srie---,lemming;morpheus
1,ἠτιμήθην,ἀτιμάω,v1saip---,lemming;morpheus
1,ἠτίμηκα,ἀτιμάω,v1sria---,lemming;morpheus
1,ἠτίμησα,ἀτιμάω,v1saia---,lemming;morpheus
1,ἠτιμώθην,ἀτιμόω,v1saip---,lemming;morpheus
1,ἠτίμωκα,ἀτιμόω,v1sria---,lemming;morpheus
1,ἡτίμωμαι,ἀτιμόω,v1srie---,lemming
1,ἠτίμωσα,ἀτιμόω,v1saia---,lemming;morpheus
1,ἠτιμώσομαι,ἀτιμόω,v1stie---,morpheus
1,ἡτίμωτο,ἀτιμόω,v3slie---,lemming
0,ἠτιόωντο,αἰτιάομαι,v3piie---,
1,ἡτοίμακα,ἑτοιμάζω,v1sria---,lemming;morpheus
1,ἡτοίμασμαι,ἑτοιμάζω,v1srie---,lemming;morpheus
0,ἦτον,εἰμί,v2diia---,
0,ἧτον,εἶμι,v2diia---,
1,ἠτρέμησα,ἀτρεμέω,v1saia---,lemming;morpheus
1,ἠτρέμισα,ἀτρεμίζω,v1saia---,lemming;morpheus
0,ἥττηκα,ἡττάομαι,v1sria---,
0,ἡττηκότες,ἡττάομαι,v-prpa-n-,
0,ἥττησα,ἡττάομαι,v1saia---,
0,ἡττήσομαι,ἡττάομαι,v1sfie---,
0,ἡττήσω,ἡττάομαι,v1sfia---,
0,ἥττητο,ἡττάομαι,v3slie---,
0,ἡτύχηκα,ἀτυχέω,v1spia---,
1,ἡτύχησα,ἀτυχέω,v1saia---,lemming
1,ἠτύχητο,ἀτυχέω,v3slie---,lemming;morpheus
1,ἤτω,εἰμί,v3spma---,lemming;morpheus
1,ηὐάνθην,αὐαίνω,v1saip---,lemming;morpheus
1,ηὔγασα,αὐγάζω,v1saia---,lemming;morpheus
0,κἰὔδαξα,αὐδάζομαι,v1saia---,
0,ηὐδσατο,αὐδάζομαι,v3saie---,
1,ηὐδᾶτο,αὐδάω,v3siie---,lemming;morpheus
1,ηὔδηκα,αὐδάω,v1sria---,lemming;morpheus
1,ηὔδημαι,αὐδάω,v1srie---,lemming;morpheus
1,ηὔδησα,αὐδάω,v1saia---,lemming;morpheus
0,γὐδοκίμηκα,εὐδοκιμέω,v1sria---,
0,ὐδοκίμησα,εὐδοκιμέω,v1saia---,
1,εὐδοκίμουν,εὐδοκιμέω,v1siia---,lemming;morpheus
0,ἢὗδον,εὔδω,v1siia---,
0,ὔδωυν,αὐδάω,v1siia---,
0,ὐεργετημένοι,εὐεργετέω,v-prpe-n-,
1,ηὐεργέτησα,εὐεργετέω,v1saia---,lemming;morpheus
0,ἢὔηνα,αὐαίνω,v1saia---,
1,ηὐθέτιζεν,εὐθετίζω,v3siia---,lemming;morpheus
1,ηὔθυνε,εὐθύνω,v3siia---,lemming;morpheus
1,ηὐθύνθη,εὐθύνω,v3saip---,lemming;morpheus
0,ηὐλαβήθην,εὐλαβέομαι,v1-aip---,
0,ηὐλισάμην,αὐλίζομαι,v1saie---,
1,ηὐλίσθην,αὐλίζομαι,v1saip---,lemming;morpheus
0,ὔλισμαι,αὐλίζομαι,v1srie---,
0,ηὔλιστο,αὐλίζομαι,v3-lie---,
0,γὐλόγησα,εὐλογέω,v1saia---,
0,ὐλόγουν,εὐλογέω,v1siia---,
1,ηὔνασα,εὐνάζω,v1saia---,lemming;morpheus
0,ἢὐνάσθην,εὐνάζω,v1saip---,
0,ηὐξάμην,εὔχομαι,v1saie---,
0,ὐξήθην,αὐξάνω,v1saip---,
1,ηὔξηκα,αὐξάνω,v1sria---,lemming;morpheus
1,ηὔξημαι,αὐξάνω,v1srie---,lemming;morpheus
1,ηὔξησα,αὐξάνω,v1saia---,lemming;morpheus
1,ηὔξητο,αὐξάνω,v3slie---,lemming;morpheus
0,ηὐξύνθην,αὐξάνω,v1saip---,
1,ηὐπόρηκα,εὐπορέω,v1sria---,morpheus
0,ηὐρέθην,εὑρίσκω,v1saip---,
0,ἡὕρισκον,εὑρίσκω,v1siia---,
1,ηὗρον,εὑρίσκω,v1saia---,lemming;morpheus
0,κήυσα,εὑρίσκω,v1saia---,
0,ἠύτησα,εὑρίσκω,v1saia---,
0,ὐτύχηκα,εὑρίσκω,v1sria---,
0,ηὐτυχήκεσαν,εὑρίσκω,v3plia---,
0,ηὐτύχησα,εὑρίσκω,v1saia---,
0,ὐτύχουν,εὐτυχέω,v1siia---,
0,ηὐτρεπισμένος,εὐτρεπίζω,v-srpe-n-,
1,ηὐτρέπισται,εὐτρεπίζω,v3srie---,lemming;morpheus
1,ηὐφήμησεν,εὐφημέω,v3saia---,lemming;morpheus
1,ηὔφραινον,εὐφραίνω,v1siia---,lemming;morpheus
0,ἡὔφρανα,εὐφραίνω,v1saia---,
1,ηὐφράνθην,εὐφραίνω,v1saip---,lemming;morpheus
1,ηὔχησα,αὐχέω,v1saia---,lemming;morpheus
1,ηὔχοντο,εὔχομαι,v3piie---,lemming;morpheus
1,ηὔχουν,αὐχέω,v1siia---,lemming;morpheus
0,ἠφάνικα,ἀφαν ἰζω,v1sria---,
0,ἠφάνισεν,ἀφαν ἰζω,v3saia---,
1,ἤφυσα,ἀφύσσω,v1saia---,lemming;morpheus
0,ἠφυσάμην,ἀφύσσω,v1saie---,
1,ἠχῇ,ἠχέω,v3spsa---,lemming;morpheus
1,ἤχθαρα,ἐχθαίρω,v1saia---,morpheus
1,ἠχθέσθην,ἄχθομαι,v1saip---,lemming;morpheus
1,ἤχθετο,ἄχθομαι,v3siie---,lemming;morpheus
1,ἤχθημαι,ἄχθομαι,v1srie---,lemming
0,ἠχθημένος,ἔχθω,v-srpe-n-,
1,ἤχθηρα,ἐχθαίρω,v1saia---,lemming;morpheus
1,ἤχθραινον,ἐχθραίνω,v1siia---,lemming;morpheus
1,ἤχθρανα,ἐχθραίνω,v1saia---,lemming
0,ἠχμαλώθη,αἴχμαλόω,v3saip---,
0,ἠχμαλώτισμαι,αἰχμαλωτίζω,v1srie---,
0,ἤχμασας,αἰχμάζω,v2saia---,
0,ἧψα,ἅππω,v1saia---,
0,ἡψάμην,ἅππω,v1saie---,
1,ἥψηκα,ἕψω,v1sria---,lemming
0,ἠψημένος,ἕψω,v-srpe-n-,
0,ἦψον,ἕψω,v1siia---,
0,ἠώρει,αἰωρέω,v3siia---,
0,ἠωρήθην,αἰωρέω,v1saip---,
0,ἠώρημαι,αἰωρέω,v1srie---,
0,θάλε,θάλλω,v3-aia---,
0,θάλησα,θάλλω,v1saia---,
0,θαλήσομαι,θάλλω,v1sfip---,
0,θαλφθείς,θάλπω,,
0,θάλψομαι,θάλπω,,
0,θάλψω,θάλπω,,
0,θάμβησαν,θαμβω,v3paia---,
0,θάμενος,θεάομαι,,
1,θανατωθήσομαι,θανατόω,v1sfip---,lemming;morpheus
0,θανατώσοιτο,θανατόω,v3sfoe---,
1,θανατώσω,θανατόω,v1sfia---,lemming;morpheus
1,θανεῖν,θνήσκω,v--ana---,lemming;morpheus
0,θανεῖσθαι,θνήσκω,v--fne---,
1,θανέμεν,θνήσκω,v--ana---,morpheus
0,θανοῦμαι,θνήσκω,v1sfie---,
0,θανών,θνήσκω,v-sapa-n-,
1,θάνωσι,θνήσκω,v3pasa---,lemming;morpheus
0,θᾶξαι,θωρήσσω,,
0,θαρσήσας,θαρρέω,v-sapa-n-,
0,θαρσύνεσχε,θαρρύνω,v3siia---,
0,θᾷσαι,θεάομαι,,
0,θάσασθαι,θεάομαι,,
0,θασεῖσθε,θεάομαι,,
0,θασόμενος,θεάομαι,,
0,θαυμαθήσομαι,θαυμάζω,v1sfip---,
1,θαύμασαν,θαυμάζω,v3paia---,lemming;morpheus
1,θαυμασθείην,θαυμάζω,v1saop---,lemming;morpheus
0,θαυμάσομαι,θαυμάζω,v1sfie---,
1,θαυμάσω,θαυμάζω,v1sfia---,lemming;morpheus
1,θαφθῆναι,θάπτω,v--anp---,lemming;morpheus
1,θάψαι,θάπτω,v--ana---,lemming;morpheus
1,θεάσομαι,θεάομαι,v1sfie---,morpheus
0,θέε,θέω,v3-iia---,
1,θεειώσω,θεειόω,v1sasa---,lemming;morpheus
1,θεήσασθαι,θεάομαι,v--ane---,morpheus
1,θέῃσι,θέω,v3spsa---,lemming;morpheus
0,θειάσαντες,θειάζω,v-papa-n-,
1,θεῖεν,τίθημι,v3paoa---,lemming;morpheus
1,θείην,τίθημι,v1saoa---,lemming;morpheus
1,θεῖμεν,τίθημι,v1paoa---,lemming;morpheus
0,θείμην,τίθημι,v1saoe---,
1,θεῖν,θέω,v--pna---,lemming;morpheus
1,θεῖναι,τίθημι,v--ana---,lemming;morpheus
0,θείνας,θείνω,v-sapa-n-,
1,θεινέμεναι,θείνω,v--pna---,lemming;morpheus
1,θείομεν,τίθημι,v1pasa---,morpheus
0,θείς,τίθημι,v-sapa-n-,
0,θεῖτο,τίθημι,v3saoe---,
1,θείω,τίθημι,v1sasa---,lemming;morpheus
0,θειώσας,θειόω,v-sapa-n-,
0,θέλγεσχε,θέλγω,v3siia---,
0,θελήσῃ,ἐγθέλω,v3sasa---,
0,θέλησον,ἐγθέλω,v2sama---,
1,θέλξω,θέλγω,v1sfia---,lemming;morpheus
1,θελχθήσομαι,θέλγω,v1sfip---,morpheus
0,θεμελιωθεῖσα,θεμελιόω,v-sapp-n-,
0,θεμελιώσας,θεμελιόω,v-sapa-n-,
0,θέμενίἁι,τίθημι,v--ana---,
1,θέμωσε,θεμόω,v3saia---,lemming;morpheus
0,θέν,τίθημι,v-sapa-n-,
1,θένε,θείνω,v2sama---,lemming;morpheus
1,θενεῖν,θείνω,v--ana---,lemming;morpheus
1,θενῶ,θείνω,v1sfia---,lemming;morpheus
0,θένω,θείνω,v1-asa---,
0,θενών,θείνω,v-sapa-n-,
0,θέο,τίθημι,v2same---,
1,θεραπευθήσομαι,θεραπεύω,v1sfip---,lemming;morpheus
0,θεραπεύσομαι,θεραπεύω,v1sfie---,
1,θερέω,θέρω,v1sasp---,morpheus
1,θερίδδειν,θερίζω,v--pna---,morpheus
1,θερίξω,θερίζω,v1sfia---,morpheus
0,θερμανῶ,θερμαίω,v1sfia---,
0,θέρσεισα,θαρρέω,v-sppa-n-,
0,θερσόμενος,θέω,v-sfpe-n-,
1,θέσαν,τίθημι,v3paia---,lemming;morpheus
1,θέσθαι,τίθημι,v--ane---,morpheus
0,θέσθω,τίθημι,v3same---,
1,θεσπιέειν,θεσπίζω,v--fna---,lemming;morpheus
1,θεσπίσω,θεσπίζω,v1sfia---,morpheus
0,θέτο,τίθημι,v3saie---,
0,θεύσας,θέω,v-sapa-n-,
0,θεύσομαι,θέω,v1sfie---,
1,θεύσω,θέω,v1sfia---,lemming
0,θεῶ,θεάομαι,v3spme---,
1,θέωμεν,τίθημι,v1pasa---,lemming;morpheus
1,θεωρηθήσομαι,θεωρέω,v1sfip---,lemming;morpheus
1,θέωσι,τίθημι,v3pasa---,lemming;morpheus
1,θῇ,τίθημι,v2sase---,morpheus
1,θηεῖτο,θεάομαι,v3siie---,lemming;morpheus
0,θηεύμενος,θεάομαι,v-sppe-n-,
0,θηεῦντο,θεάομαι,v3-iie---,
0,θήη,τίθημι,v3sasa---,
1,θηήσαιτο,θεάομαι,v3saoe---,morpheus
0,θηκάμενος,τίθημι,v-sape-n-,
1,θῆκαν,τίθημι,v3paia---,lemming;morpheus
0,θήκατο,τίθημι,v3saie---,
1,θηλάξω,θηλάζω,v1sfia---,morpheus
0,θηλάσονται,θηλάζω,v3-fie---,
1,θήλεον,θηλέω,v1siia---,lemming;morpheus
0,θηλήσας,θηλέω,v-sapa-n-,
1,θηλήσω,θηλέω,v1sfia---,lemming;morpheus
0,θήξας,θήγω,v-sapa-n-,
1,θήξω,θήγω,v1sfia---,lemming;morpheus
1,θηοῖο,θεάομαι,v2spoe---,lemming;morpheus
0,θηραθείς,θηράω,v-sapp-n-,
1,θηραθήσομαι,θηράω,v1sfip---,lemming;morpheus
0,θηράσμι,θηράω,v1sfie---,
1,θηράσω,θηράω,v1sfia---,lemming;morpheus
0,θηρεύσομαι,θηράω,v1sfie---,
0,θηριωθῆναι,θηράω,v--anp---,
0,θησαίχτο,θηράω,v3paoe---,
0,θησάμενος,θηράω,v-sapa-n-,
0,θήσι,θηράω,v2sfie---,
0,θήσομαι,θηράω,v1sfie---,
0,θήσω,θηράω,v1sfia---,
0,θητευσάμην,θηράω,v1saie---,
0,θιγεῖν,θηράω,v--ana---,
0,θιγών,θηράω,v-sapa-n-,
0,θίξαι,θηράω,v--ana---,
0,θίξῃ,θηράω,v2sfie---,
0,θίξω,θηράω,v1sfia---,
0,θιχθῆναι,θηράω,v--anp---,
0,θλασθήσομαι,θηράω,v1sfip---,
0,θλάσσα,θηράω,v1saia---,
0,θλάσω,θηράω,v1sfia---,
0,θλῇ,θηράω,v2spma---,
0,θλιβείς,θηράω,v-sapp-n-,
0,θλιβήσομαι,θηράω,v1sfip---,
0,θλιφθῶ,θηράω,v1sasp---,
0,θλίψω,θηράω,v1sfia---,
0,θνήξομαι,θνήσχω,v1sfie---,
0,θοίμεθα,θνήσχω,v1paoe---,
0,θοινάσομαι,θοινάω,v1sfie---,
0,θοινήσατο,θοινάω,v3saie---,
0,θοῖντο,θοινάω,v3paoe---,
0,θορεῖν,θρώσκω,v--ana---,
0,θορέονται,θρώσκω,v3pfie---,
0,θόρον,θρώσκω,v3paia---,
0,θοροῦμαι,θρώσκω,v1sfie---,
1,θορυβήσητε,θορυβέω,v2pasa---,lemming;morpheus
0,θρανεύσομαει,διυχνεύω,v1sfie---,
0,θρᾶξαι,θράττω,v--ana---,
0,θραξοῦμαι,θράττω,v1sfie---,
1,θραυσθήσομαι,θραύω,v1sfip---,lemming
1,θραύσω,θραύω,v1sfia---,lemming;morpheus
0,θρέξας,τρέχω,v-sapa-n-,
1,θρέξασκον,τρέχω,v1saia---,lemming;morpheus
0,θρέξομαι,τρέχω,v1-fie---,
1,θρέξω,τρέχω,v1sfia---,lemming
0,θρεφθείς,τρέφω,v-sapp-n-,
1,θρέφθη,τρέφω,v3saip---,lemming
1,θρέψα,τρέφω,v1saia---,lemming;morpheus
0,θρεψάμην,τρέφω,v1saie---,
0,θρέψομαι,τρέφω,v1sfie---,
1,θρέψω,τρέφω,v1sfia---,lemming;morpheus
1,θρηνήσω,θρηνέω,v1sfia---,lemming;morpheus
1,θροήσω,θροέω,v1sfia---,lemming;morpheus
0,θρυλήσει,θρυλέω,v3-fia---,
0,θρυλίξας,θρυλίσσω,v-sapa-n-,
0,θρυλίχθη,θρυλίσσω,v3-aip---,
1,θρυφθήσομαι,θρύπτω,v1sfip---,lemming;morpheus
0,θρύψομαι,θρύπτω,v1sfie---,
0,θρῶσκον,θρώσκω,v1siia---,
1,θύεσκε,θύω,v3siia---,morpheus
0,θυθέν,θύω,v-sapp-n-,
1,θυμανῶ,θυμαίνω,v1sfia---,lemming
1,θυμιαθήσομαι,θυμιάω,v1sfip---,lemming;morpheus
1,θυμιάσω,θυμιάω,v1sfia---,lemming;morpheus
0,θυμιήσομαι,θυμιάω,v1sfie---,
0,θυμωθείς,θυμόω,v-sapp-n-,
1,θυμωθήσομαι,θυμόω,v1sfip---,lemming;morpheus
1,θυμῶσαι,θυμόω,v--ana---,lemming;morpheus
0,θυμώσομαι,θυμόω,v1sfie---,
1,θυννάσω,θυννάζω,v1sfia---,lemming;morpheus
1,θῦον,θύω,v1siia---,morpheus
1,θυράξαι,θυράζω,v--ana---,lemming;morpheus
1,θῦσα,θύω,v1saia---,morpheus
1,θυσέοντι,θύω,v3pfia---,morpheus
1,θυσιάσω,θυσιάζω,v1sfia---,lemming;morpheus
0,θύσομαι,θύω,v1sfie---,
1,θύσω,θύω,v1sfia---,lemming;morpheus
0,θῦψαι,τύφω,v--ana---,
1,θῶ,τίθημι,v1sasa---,lemming;morpheus
0,θωκησῶ,θαχέω,v1sfia---,
1,ἴαψα,ἰάπτω,v1saia---,lemming;morpheus
0,ἰάνψω,ἰάπτω,v1sfia---,
0,ἵγμαι,ἱκνέομαι,v1srie---,
0,ἰδέ,ὁράω,,
0,ἰδεῖν,ὁράω,,
0,ἰδέμεν,ὁράω,,
0,ἰδέσθαι,ὁράω,,
0,ἴδεσκε,ὁράω,,
0,ἴδετε,ὁράω,,
0,ἰδέτω,οἷδα υ,v3srma---,
0,ἰδιάζσωμεν,ἰδιάζω,v1pasa---,
1,ἴδισα,ἰδίω,v1saia---,lemming
0,ἴδμεν,οἴδα,,
1,ἰδνώθη,ἰδνόομαι,v3saip---,lemming;morpheus
0,ἰδοίμην,ὁράο,,
0,ἴδοιμι,ὁράο,,
0,ἰδόμενος,ὁράο,,
0,ἰδόμην,ὁράο,,
0,ἴδον,ὁράο,,
0,ἰδόν,ὁράο,,
0,ἰδοῦ,ὁράο,,
0,ἰδοῦσα,ὁράο,,
1,ἱδρυθήσομαι,ἱδρύω,v1sfip---,lemming;morpheus
0,ἰδρύνθην,ἱδρύω,v1saip---,
1,ἵδρυσα,ἱδρύω,v1saia---,lemming;morpheus
0,ἵδρυσαι,ἱδρύω,v2same---,
1,ἱδρῦσαι,ἱδρύω,v--ana---,lemming;morpheus
1,ἱδρῦσθαι,ἱδρύω,v--rne---,lemming;morpheus
0,ἰδρύσομαι,ἱδρύω,v1sfie---,
1,ἱδρύσω,ἱδρύω,v1sfia---,lemming;morpheus
0,ἴδρωκα,ἰδράω,v1sria---,
0,ἵδρωσα,ἰδράω,v1saia---,
0,ἱδρώσω,ἰδράω,v1sfia---,
0,ἵδρωται,ἰδράω,v3srie---,
0,ἴδω,ὁράω,,
0,ἴδωμαι,ὁράω,,
0,ἰδών,ὁράω,,
0,ἴε,ἕι,v2spma---,
1,ἴεν,εἶμι,v3siia---,lemming;morpheus
0,ἵει,ἴημι,v3spia---,
0,ἰεῖεν,ἴημι,v3ppoa---,
0,ἰείη,ἴημι,v3spoa---,
1,ἰείη,εἶμι,v3spoa---,lemming;morpheus
0,ἰεῖμεν,ἴημι,v1ppoa---,
0,ἱείμην,ἴημι,v1spoe---,
0,ἰείς,ἴημι,v-sppa-n-,
0,ἱεῖσα,ἴημι,v-sppa-n-,
0,ἵεμαι,ἴημι,v1spie---,
0,ἰέμενἁι,εἶμι,v--pna---,
0,ἱέμενος,ἴημι,v-sppe-n-,
0,ἱέμην,ἴημι,v1siie---,
0,ἴεν,ἴημι,v3piia---,
0,ἱέν,ἴημι,v-sppa-n-,
0,ἱέναι,ἴημι,v--pna---,
1,ἰέναι,εἶμι,v--pna---,lemming;morpheus
0,ἱέντων,ἴημι,v3ppma---,
0,ἵεσαν,ἴημι,v3piia---,
0,ἴεσχκε,ἴημι,v3siia---,
0,ἴετε,ἴημι,v2ppia---,
0,ἴετε,ἴημι,v2ppma---,
0,ἱεραθεῖσα,ἱεράομαι,v-sapp-n-,
1,ἱεράσομαι,ἱεράομαι,v1sfie---,morpheus
1,ἱέρευσε,ἱερεύω,v3saia---,lemming;morpheus
1,ἱέρευτο,ἱερεύω,v3slie---,lemming;morpheus
1,ἱερησάμην,ἱεράομαι,v1saie---,morpheus
1,ἱεροσύληκα,ἱεροσυλέω,v1sria---,lemming;morpheus
0,ἱερουργηθέντα,ἱερουργέω,v-papp-n-,
0,ἱερώσασθαι,ἱερόω,v--ane---,
0,ἵζεσκον,ἴζω,v3piia---,
0,ἵζηκα,ἴζω,v1sria---,
0,ἴζησα,ἴζω,v1saia---,
0,ἴζον,ἴζω,v1siia---,
0,ἴζου,ἴζω,v2spme---,
0,ἴῃ,ἴημι,v3siia---,
0,ἴῃ,εἴμι,v3spsa---,
0,ἰῇ,ἴημι,v3spsa---,
1,ἴηλα,ἰάλλω,v1saia---,lemming;morpheus
1,ἴηνα,ἰαίνω,v1saia---,lemming;morpheus
0,ἴης,ἕημι,v2spia---,
1,ἴῃς,εἶμι,v2spsa---,lemming;morpheus
1,ἰησάμην,ἰάομαι,v1saie---,morpheus
0,ἴῃσθα,εἴμι,v2spsa---,
0,ἴησι,ἵἴγμα,v3spia---,
0,ἴῃσι,εἴαι,v3spsa---,
0,ἰῆσι,ἴημι,v3spsa---,
0,ἰήσομας,ἰάομαι,v1sfie---,
1,ἴητε,εἶμι,v2ppsa---,morpheus
0,ἰῆτε,ἴημι,v2ppsa---,
1,ἴθι,εἶμι,v2spma---,lemming;morpheus
0,ἴθυμμαι,ἰθύνω,v1spie---,
1,ἴθυνα,ἰθύνω,v1saia---,lemming;morpheus
0,ἰθύνασθαι,ἰθύνω,v--ane---,
1,ἰθύνεσκον,ἰθύνω,v1siia---,lemming;morpheus
1,ἰθύνθην,ἰθύνω,v1saip---,lemming;morpheus
0,ἴθυσα,ἰθω,v1saia---,
0,ἱκετευθέντες,ὑκετεύω,v-papp-n-,
0,ἱκέτευσα,ὑκετεύω,v1saia---,
0,ἱκετεύσω,ὑκετεύω,v1sfia---,
0,ἵκετο,ἱκνέομαι,v3saie---,
1,ἵκῃ,ἱκνέομαι,v2sase---,morpheus
0,ὕκηται,ἱκνέομαι,v3sase---,
0,ὑκμασθέντος,ἰκμάζω,v-sapp-g-,
0,θνεῖο,ἱκνέομαι,v3siie---,
0,ἱκνεύμενος,ἱκνέομαι,v-sppe-n-,
0,ἱκοίμην,ἱκνέομαι,v1saoe---,
0,ἴκοιμι,ἱκνέομαι,v1saoa---,
0,ἵκον,ἱκνέομαι,v1siia---,
0,ἐἴχτο,ἱκνέομαι,v3saie---,
0,ἐἴλαθι,ἱλάσκομαι,,
0,ἰλάξασθαι,ἱλάσκομαι,,
0,ἱλάξομαι,ἱλάσκομαι,,
1,ἱλαρύνθην,ἱλαρύνω,v1saip---,morpheus
1,ἱλαρυνθήσομαι,ἱλαρύνω,v1sfip---,morpheus
0,ἱλασάμην,ἱλάσκομαι,v1saie---,
1,ἱλάσθην,ἱλάσκομαι,v1saip---,lemming;morpheus
1,ἱλασθήσομαι,ἱλάσκομαι,v1sfip---,lemming;morpheus
0,ἱλάσομαι,ἱλάσκομαι,v1sfie---,
0,ἱλάσσασθαι,ἱλάσκομαι,v--ane---,
0,ἱλάσσεαι,ἱλάσκομαι,v2sase---,
0,ἴληθι,ἱλάσκομαι,v2spma---,
0,ἰλλάμην,εἴλω,,
0,ἵμασα,ἰμάσσω,v1saia---,
0,ἱμασσόμενος,ἰμάσσω,v-sppe-n-,
0,ἱμάσω,ἰμάσσω,v1sfia---,
0,ἱμειράμην,ἱμείρω,v1saie---,
1,ἴμεν,εἶμι,v1ppia---,lemming;morpheus
0,ἱμέρθην,ἱμείω,v1saip---,
0,ἰνάσσατο,ἰνόω,,
0,ἰνάσω,ἰνόω,,
0,ἱξέμεν,δινέομαι,,
0,ἵξομαι,δινέομαι,,
0,ἱξῶ,δινέομαι,,
1,ἴοι,εἶμι,v3spoa---,lemming;morpheus
1,ἰοίην,εἶμι,v1spoa---,morpheus
0,ἴοιμι,ἴημι,v1spoa---,
1,ἴομεν,εἶμι,v1ppsa---,lemming;morpheus
0,ἰόν,εἶμι,v-sppa-n-,
0,ἴονται,ἴημι,v3-pse---,
0,ἰοῦσα,εἶμι,v-sppa-n-,
0,ἱππαρχηκότες,ἱππαρχέω,v-prpa-n-,
0,ἱππεύσαντος,ἱππεύω,v-sapa-g-,
0,ἱπποτετρόφηκα,ἱπποτροφέω,v1sria---,
1,ἱπποτρόφησα,ἱπποτροφέω,v1saia---,lemming;morpheus
0,ἱπτάμην,πέτομαι,,
0,εἰ,ἰἑρεύω,v1siia---,
0,β,οἵδα,,
0,ἴσαμεν,οἵδα,,
0,ἴσαν,οἴδα,,
0,ἴσας,ον ἴσαμι,v-sppa-n-,
1,ἰσάσθην,ἰσάζω,v1saip---,lemming;morpheus
1,ἰσασθήσομαι,ἰσάζω,v1sfip---,lemming;morpheus
0,ἰσάσκετο,ἰσάζωι,v3siie---,
0,ἴσασμαι,ἰσάζωι,v1srie---,
0,ἴσατε,οἶδα,,
0,ἴσατι,τ κ τ Μ,v3spia---,
0,ἴσδευ,ἴζω,v2spme---,
1,ἴσθι,εἰμί,v2spma---,lemming;morpheus
0,ἴσθι,οἴδα,,
0,ἴσκεν,ἴσκω,v3-iia---,
1,ἴσκον,ἴσκω,v1siia---,lemming;morpheus
0,ἴσκων,ἴσκω,v-sppa-n-,
0,ἴσμεν,οἷδα,,
0,ἵστα,ἵστημι,,
0,ἱστᾷ,ἵστημι,,
0,ἱσταῖεν,ἵστημι,,
0,ἱσταίην,ἵστημι,,
0,ἱστάμενἁι,ἵστημι,,
0,ἰστάμην,ἵστημι,,
0,ἵσταν,ἵστημι,,
0,ἱστάναι,ἵστημι,,
0,ἱστάνον,ἵστημι,,
0,ἱστᾷς,ἵστημι,,
0,ἱστάς,ἵστημι,,
0,ἵστασαν,ἵστημι,,
0,ἴστασθαι,ἵστημι,,
0,ἱστᾶσι,ἵστημι,,
0,ἴστασκε,ἵστημι,,
0,ἵστατε,ἵστημι,,
0,ἐκαγγαλάασκξ,καγχαλάω,v3siia---,
0,κάδευ,καγχαλάω,v2spme---,
0,χκαῆναι,καίω,v--anp---,
0,χκαήσομαι,καίω,v1sfip---,
0,καθαριῶ,χκαθαρίζω,v1sfia---,
0,χαθαρῶ,χαθαίρω,v1sfia---,
0,χαθεῶ,ἕζομαι,v1sfia---,
0,χκαθεσθήσομχι,ἕζομαι,v1sfip---,
0,χαθιεῖν,καθίζω,v--fna---,
0,καθιζηθείς,καθίζω,v-sapp-n-,
0,καθιζήσομαι,καθίζω,v1sfie---,
0,χαθῖζον,καθίζω,v1siia---,
0,χαθίξας,καθίζω,v-sapa-n-,
0,χαθίξῃ,καθίζω,v3sasa---,
0,ἰκάθισα,καθίζω,v1saia---,
0,καθίσσας,καθίζω,v-sapa-n-,
1,καθίσω,καθίζω,v1sfia---,lemming;morpheus
1,καιέμεν,καίω,v--pna---,lemming;morpheus
0,καινήσασα,καινέω,v-sapa-n-,
0,κακιῶ,χκακίζω,v1sfia---,
0,κακοπαθήσομαι,χακοπαθέω,v1sfie---,
0,καχοτροφηθείς,καχοτροφέω,v-sapp-n-,
0,χακοτροφήσας,καχοτροφέω,v-sapa-n-,
1,ἐκαλέεσκον,καλέω,v1siia---,lemming
1,κάλει,καλέω,v2spma---,lemming;morpheus
1,καλεῖ,καλέω,v3spia---,lemming;morpheus
0,καλέσαντε,καλέω,v3paie---,
1,κάλεσκεν,καλέω,v3siia---,morpheus
0,καλέσομαι,καλέω,v1sfie---,
0,κκάλεσσα,καλέω,v1saia---,
0,ἐκαλεσσάμην,καλέω,v1saie---,
1,καλέσω,καλέω,v1sfia---,lemming;morpheus
0,ἐκαλεύμενος,καλέω,v-sppe-n-,
0,ἐκαλέω,καλέω,v1sfia---,
0,ἐκαλήμεναι,καλέω,v--pna---,
0,ἐκάλην,καλέω,v--pna---,
1,καλοῦμαι,καλέω,v1spie---,lemming;morpheus
1,κάλυπτον,καλύπτω,v1siia---,lemming;morpheus
0,καλυφείς,καλύπτω,v-sapp-n-,
1,καλυφθήσομαι,καλύπτω,v1sfip---,lemming;morpheus
0,κκάλυψα,καλύπτω,v1saia---,
0,ἐκαλυ,καλύπτω,v1saie---,
0,καλύψομαι,καλύπτω,v1sfie---,
1,καλύψω,καλύπτω,v1sfia---,lemming;morpheus
0,καμέεσθαι,κάμνω,v--fne---,
1,καμεῖν,κάμνω,v--ana---,lemming;morpheus
0,καμεῖται,κάμνω,v3sfie---,
0,καμῇ,κάμνω,v2sfie---,
1,κάμον,κάμνω,v1saia---,lemming;morpheus
0,καμοῦμαι,κάμνω,v1sfie---,
0,καμφθήσομαι,καμπτω,v1sfip---,
0,κάμψαι,καμπτω,v--ana---,
0,κάμψω,καμπτω,v1sfia---,
0,κανάξαι,κανάσσω,v--ana---,
0,κανάξας,κανάσσω,v-sapa-n-,
1,κανάχησε,καναχίζω,v3saia---,lemming;morpheus
1,κανεῖν,καίνω,v--ana---,lemming;morpheus
0,καῶ,καίνω,v1sfia---,
0,κανῴν,καίνω,v-sapa-n-,
0,ιχάπνισσαν,χαπνίζω,v3paia---,
1,κάπυσσεν,καπύω,v3saia---,lemming;morpheus
0,καρείς,κείρω,v-sapp-n-,
1,καρῇ,κείρω,v3sasp---,lemming;morpheus
1,καρῆναι,κείρω,v--anp---,lemming;morpheus
0,κχαρύξαισα,κείρω,v-sapa-n-,
0,κχαρυξῶ,κείρω,v1sfia---,
0,κκάρψω,κείρω,v1sfia---,
1,κάρωσον,καρόω,v2sama---,lemming;morpheus
1,καταπροίξεσθαι,καταπροίξομαι,v--fne---,morpheus
1,καταπροίξονται,καταπροίξομαι,v3pfie---,morpheus
0,κατεπροίξατο,καταπροίξομαι,v3saie---,
1,κατηνάλωσα,καταναλίσκω,v1saia---,morpheus
0,κατηναλῶσθαι,καταναλίσκω,v--rne---,
0,καυθείς,καΐω,v-sapp-n-,
0,καυθήσομαι,καΐω,v1sfip---,
0,χκαύσας,καΐω,v-sapa-n-,
0,χκαύσομαι,καΐω,v1sfie---,
0,καύσω,καΐω,v1sfia---,
1,καυχᾶσαι,καυχάομαι,v2spie---,morpheus
1,καυχάσαιτο,καυχάομαι,v3saoe---,morpheus
1,καυχήσομαι,καυχάομαι,v1sfie---,morpheus
1,καχαξῶ,καχάζω,v1sfia---,morpheus
0,κεαθείσης,χκεάζω,v-sapp-g-,
0,κέαντες,καίω,v-papa-n-,
0,κέας,καίω,v-sapa-n-,
0,κέασα,χεάζω,v1saia---,
0,κεάσθην,χεάζω,v1saip---,
0,κεάσσω,χεάζω,v1sfia---,
0,κέαται,χεῖμαι,v3ppie---,
0,κέατο,χεῖμαι,v3piie---,
0,κεδάσθη,χεδάννυμι,v3saip---,
0,τ,χεδάννυμι,v3paia---,
0,κέςσθαι,χεδάννυμι,v--pne---,
0,ἄχει,χεδάννυμι,v-pape-n-,
0,ἔχεΐίχτο,χεδάννυμι,v3piie---,
0,χείμενος,χεδάννυμι,v-sppe-n-,
0,κκείμην,χεδάννυμι,v1siie---,
0,κεῖνται,χεδάννυμι,v3ppie---,
0,ἐχκεῖον,χεδάννυμι,v2sama---,
0,κείρας,χεδάννυμι,v-sapa-n-,
0,χκείρασθαι,χεδάννυμι,v--ane---,
0,χεῖρον,χεδάννυμι,v1siia---,
0,κεῖσαι,χεδάννυμι,v2spie---,
0,κεῖσθαι,χεδάννυμι,v--pne---,
0,κείσθω,χεδάννυμι,v3spme---,
0,κείσομαι,χεδάννυμι,v1sfie---,
0,χεῖται,χεδάννυμι,v3spie---,
0,χείωνται,χεδάννυμι,v3ppse---,
0,κκεχαδή,χάζω,v3sfia---,
0,κκεχκαδήσομαι,χήδω,v1sfie---,
0,κκέκαδμαι,χκαίνυμαι,v1srie---,
0,κκέκαδον,χάζω,v1saia---,
0,χεκζθαομαι,καθαίρω,v1srie---,
0,κεκάθυκα,καθίζω,v1sria---,
0,χεχκαχοπάθηκα,κακοπαθέω,v1sria---,
0,κεκακωμένοι,καχόω,v-prpe-n-,
0,χεκάλεσμαι,καλέω,v1srie---,
0,χεκαλλιέρηκα,καλλιεοέω,v1sria---,
0,κεκαλλωπισμένη,καλλωπίζω,v-srpe-n-,
0,κεκάλυμμαι,χαλύπτω,v1srie---,
0,κεκάλυπτο,χαλύπτω,v3slie---,
0,χεκάλυφα,χαλύπτω,v1sria---,
0,ἐκεκάμῃσι,χάμνω,v3sasa---,
0,κεχκαμμένος,κάμπτω,v-srpe-n-,
1,κεκάμμυκα,καμμύω,v1sria---,lemming
0,κεκάμφθαι,χάμπτω,v--rne---,
1,κεκάμωσιν,κάμνω,v3pasa---,morpheus
1,κεκάπνικα,καπνίζω,v1sria---,lemming;morpheus
0,κεκάρθαι,χείρω,v--rne---,
0,κέκαρκα,χείρω,v1sria---,
1,κεκαρτέρηται,καρτερέω,v3srie---,lemming;morpheus
1,κέκασμαι,καίνυμαι,v1srie---,morpheus
1,κέκαστο,καίνυμαι,v3slie---,morpheus
1,κέκαυκα,καίω,v1sria---,lemming;morpheus
1,κεκαῦσθαι,καίω,v--rne---,lemming;morpheus
1,κεκαύχημαι,καυχάομαι,v1srie---,lemming;morpheus
0,κεκεασμένος,κεάζω,v-sppe-n-,
1,κεκέδαστο,κεδάννυμι,v3slie---,lemming
1,κεκέλευσμαι,κελεύω,v1srie---,lemming;morpheus
0,χκεκένωκα,κενόω,v1sria---,
0,χκεχέρδαγκα,χερδαίνω,v1sria---,
0,χεχέρδημαι,χερδαίνω,v1srie---,
0,κεχερδημένος,χερδαίνω,v-srpe-n-,
1,κέκευθα,κεύθω,v1sria---,lemming;morpheus
0,χέκευται,κεύθω,v3srie---,
1,κέκηδα,κήδω,v1sria---,lemming;morpheus
0,κεκηδευμένος,κηδεύω,v-srpe-n-,
1,κεκήληνται,κηλέω,v3prie---,lemming;morpheus
0,κεκήρυγμαι,κηρύττω,v1srie---,
0,κεκήρυκτο,κηρύττω,v3slie---,
0,κεκήρυχα,κηρύττω,v1sria---,
0,κεκινδυνευμένον,χινδυνεύω,v-srpe-n-,
0,κεχινδυνεύσομαι,χινδυνεύω,v1stie---,
1,κέκλαγγα,κλάζω,v1sria---,lemming;morpheus
0,χεχλάγγω,κλάζω,v1srsa---,
1,κεκλάγξομαι,κλάζω,v1stie---,lemming;morpheus
0,χέκλανται,κλήω,v3prie---,
0,χέκλασμαι,χκλάω,v1srie---,
1,κέκλαυμαι,κλαίω,v1srie---,lemming;morpheus
1,κεκλαύσεται,κλαίω,v3stie---,lemming;morpheus
1,κέκλεικα,κλείω,v1sria---,lemming
1,κέκλεμμαι,κλέπτω,v1srie---,lemming;morpheus
0,κέκλεο,κέλομαι,v2same---,
0,κέκλετο,κέλομαι,v3saie---,
0,χεκλήαται,καλέω,v3prie---,
0,κεχλήατο,καλέω,v3plie---,
0,κεκλήγοντες,κλάζω,v-pppa-n-,
0,κεχληγώς,κλάζω,v-srpa-n-,
0,χεχλὴ,κλύω,v1srie---,
0,κεχλήισμαι,κλήζω,v1srie---,
0,κέκληκα,καλέι ω,v1sria---,
0,κέκλῃκα,χκλήω,v1-ria---,
1,κέκλημαι,καλέω,v1srie---,lemming;morpheus
0,κεκλήμην,καλέω,v1sroe---,
1,κεκλῇο,καλέω,v2sroe---,lemming
1,κεκληρῶσθαι,κληρόω,v--rne---,lemming;morpheus
0,κεκλῇσθαι,κλύω,v--rne---,
0,κεκλήσομαι,κλύω,v1stie---,
1,κέκλιμαι,κλίνω,v1srie---,lemming;morpheus
0,κεκλίνθαι,κλίνω,v--rne---,
0,κεκλίσομαι,κλίνω,v1stie---,
0,κεκλοίμαν,κέλομαι,v1saoe---,
0,κεκλόμενος,κέλομαι,v-sape-n-,
1,κέκλοφα,κλέπτω,v1sria---,lemming;morpheus
1,κέκλυθι,κλύω,v2sama---,lemming;morpheus
1,κέκλυσμαι,κλύζω,v1srie---,lemming;morpheus
1,κέκλυτε,κλύω,v2pama---,lemming;morpheus
0,κεκλωσμένη,κλώθω,v-srpe-n-,
0,κέχμηκα,κάμνω,v1sria---,
0,κεκμηκώς,κάμνω,v-srpa-n-,
0,κεχμηῶτις,κάμνω,v-srpa-d-,
0,χέχνησμαι,κνάω,v1spie---,
0,χκεχνιπωμένοι,κνιπόομαι,v-prpe-n-,
0,κεχνισωμένον,κνισόω,v-srpe-n-,
0,χεκοίμημαι,κοιμάω,v1srie---,
0,χεχοίνωμαι,κοινόω,v1srie---,
0,κεχοινώνηχκα,χοινωνέω,v1sria---,
0,κεκοινώνημαι,χοινωνέω,v1srie---,
0,κεχοίνωνται,χοινόω,v3prie---,
0,κεκόχκυκα,κοκκύζω,v1sria---,
1,κεκόλασμαι,κολάζω,v1srie---,lemming;morpheus
0,κεκολλημένῃ,κολλάω,v-srpe-n-,
0,κεκόλουμαι,χολούω,v1srie---,
1,κεκόμισμαι,κομίζω,v1srie---,lemming;morpheus
1,κέκομμαι,κόπτω,v1srie---,lemming;morpheus
0,κεχόμψευται,χκομψεύω,v3srie---,
0,χέκονα,καίνω,v1sria---,
0,κεκονιαμένοι,χονιάω,v-prpe-n-,
0,κεκόνιστο,χονίω,v3slie---,
0,κεκόπαχκα,κοπάζω,v1sria---,
0,κεκοπίαχα,κοπιάω,v1sria---,
0,χεχοπρῶσθαι,χοπρόω,v--rne---,
0,κκεχοπώς,κόπτω,v-srpa-n-,
1,κεκόρεσμαι,κορέννυμι,v1srie---,lemming;morpheus
0,χκεκόρημαι,κορέννυμι,v1srie---,
0,χεχκορήσομαι,κορέννυμι,v1stie---,
0,κκεκόρυθμαι,χορύσσω,v1srie---,
0,ἐκεχκορυθμένος,χορύσσω,v-srpe-n-,
0,ἐκεχοσμέατας,κοσμέω,v3prie---,
0,εχοσμηκότες,κοσμέω,v-prpa-n-,
0,κεκούφικα,κοσμέω,v1sria---,
0,κέκοφα,κοσμέω,v1sria---,
1,κεκόψομαι,κόπτω,v1stie---,lemming;morpheus
0,χεχράανται,χκραίνω,v3prie---,
1,κέκραγα,κράζω,v1sria---,lemming;morpheus
0,κεχράγετε,κράζω,v2pria---,
1,κέκραμαι,κεράννυμι,v1srie---,lemming;morpheus
1,κεκράξομαι,κράζω,v1stie---,lemming;morpheus
0,κεκράτευκα,κρατέω,v1sria---,
1,κέκραχθι,κράζω,v2srma---,lemming;morpheus
0,κεκρεανόμηχα,κρεανομέω,v1sria---,
1,κεκρέμακα,κρεμάννυμι,v1sria---,lemming
1,κεκρέμαστο,κρεμάννυμι,v3slie---,lemming
0,κέχρημαι,χεράννυμι,v1srie---,
1,κέκριγα,κρίζω,v1sria---,morpheus
0,κεχριγότες,κρίζω,v-prpa-n-,
1,κέκρικα,κρίνω,v1sria---,lemming;morpheus
0,κέχριμαι,κρίνω,v1srie---,
0,κεχρίσθαι,κρίνω,v--rne---,
0,χεκρ,χκριόω,v-sppe-n-,
1,κέκρουκα,κρούω,v1sria---,lemming;morpheus
0,κέχκρουσμαι,κρούω,v1srie---,
0,κέχρυμμαι,κρύπτω,v1srie---,
0,κέχρυπτο,κρύπτω,v3slie---,
0,κέχρυφα,κρύπτω,v1sria---,
0,ἱκεχρύφαται,κρύπτω,v3prie---,
1,κεκρύψομαι,κρύπτω,v1stie---,morpheus
1,κέκτημαι,κτάομαι,v1srie---,lemming;morpheus
0,κεκτήμην,κτάομαι,v1sroe---,
1,κεκτήσομαι,κτάομαι,v1stie---,morpheus
1,κέκτισμαι,κτίζω,v1srie---,morpheus
0,κεκτῴμην,κτάομαι,v1sroe---,
1,κεκύηκα,κυέω,v1sria---,lemming;morpheus
1,κεκύηται,κυέω,v3srie---,lemming;morpheus
0,κεκυθημένη,κεύθω,v-srpe-n-,
1,κεκύθωσι,κεύθω,v3pasa---,lemming;morpheus
0,κεκύκλωμαι,χκυκλόω,v1srie---,
1,κεκύλισμαι,κυλίνδω,v1srie---,lemming;morpheus
0,κεκύνηκα,χυνέω,v1sria---,
0,κεκύρηκα,κυρέω,v1spia---,
0,χεκώλυμαι,κωλύω,v1srie---,
1,κεκώμακα,κωμάζω,v1sria---,lemming;morpheus
0,κεκωφωμένος,κωφόω,v-sppe-n-,
1,κελάδησα,κελαδέω,v1saia---,lemming;morpheus
0,κελαδήσομαι,κελαδέω,v1sfie---,
1,κελαδήσω,κελαδέω,v1sfia---,lemming;morpheus
1,κελάρυξεν,κελαρύζω,v3saia---,lemming;morpheus
0,κελαρύσομαι,κελαρύζω,v1sfie---,
0,χέλευον,κελεύω,v1siia---,
0,χελευσέμεναι,κελεύω,v--fna---,
0,χελευσθήσομαι,κελεύω,v1sfip---,
1,κέλευσον,κελεύω,v2sama---,lemming;morpheus
0,χελεύσω,κελεύω,v1sfia---,
1,κέλετο,κέλομαι,v3siie---,lemming;morpheus
0,κελήσατο,κέλομαι,v3saie---,
0,κελήσομαι,κέλομαι,v1sfie---,
1,κελόμην,κέλομαι,v1siie---,lemming;morpheus
0,κέλσαι,χέλλω,v--ana---,
1,κένσαι,κεντέω,v--ana---,lemming;morpheus
0,κέντασα,κεντέω,v1saia---,
1,κεντηθήσομαι,κεντέω,v1sfip---,lemming;morpheus
1,κεντήσω,κεντέω,v1sfia---,lemming;morpheus
0,κέντο,κέλομαι,v3siie---,
0,κενώσομαι,κενόω,v1sfie---,
1,κενώσω,κενόω,v1sfia---,lemming;morpheus
0,κέοιτο,χεῖμαι,v3spoe---,
0,κέρα,κεράννυμι,,
0,κεράασθε,κεράννυμι,,
1,κεράϊζον,κεραίζω,v1siia---,morpheus
1,κεράϊξα,κεραίζω,v1saia---,morpheus
1,κεραϊξέμεν,κεραίζω,v--fna---,lemming;morpheus
0,χκεραΐξω,χκεραΐζω,v1sfia---,
0,ἐκέρασα,κεράννυμι,,
0,κεράσαι,κεράννυμι,,
0,κερασθείς,κεράννυμι,,
0,κέρασον,κεράννυμι,,
0,κεράσσατο,κεράννυμι,,
0,κεράσω,κεράννυμι,,
0,κεραυνωθείς,κεραυνόω,v-sapp-n-,
0,κερδανθείς,κερδαίνω,v-sapp-n-,
1,κερδανῶ,κερδαίνω,v1sfia---,lemming;morpheus
1,κερδηθήσομαι,κερδαίνω,v1sfip---,lemming;morpheus
0,κεοδήσομαι,κερδαίνω,v1sfie---,
0,χερδήσω,κερδαίνω,v1sfia---,
0,κερέω,κεοίρω,v1sfia---,
0,χερθείς,κεοίρω,v-sapp-n-,
0,κεροῦμαι,κεοίρω,v1sfie---,
0,ἱκερόων,κεράννυμι,,
0,ἱκεοσάμενος,κεω,v-sape-n-,
0,κερῶ,κεω,v1sfia---,
0,κερῶν,κεράννυμι,,
0,κεύσω,χκεύθω,v1sfia---,
0,κέχαγκα,χάσκω,v1sria---,
1,κεχάλακα,χαλάω,v1sria---,morpheus
1,κεχάλκευται,χαλκεύω,v3srie---,lemming;morpheus
0,κεχάναντι,χάσκω,v3pria---,
1,κέχανδα,χανδάνω,v1sria---,lemming;morpheus
0,κεχαραδοωμένη,χαραδρόομαι,v-sppe-n-,
0,κεχαρακτήοικα,χαρακτηοίζω,v1spia---,
0,κεχάρηα,χαίρω,v1sria---,
1,κεχαρίσθω,χαρίζομαι,v3srme---,lemming;morpheus
0,κεχαρμένος,χαίρω,v-srpe-n-,
0,ἐχεχαροίατο,χαίρω,v3paoe---,
0,κκεχάροιτο,χαίρω,v3saoe---,
0,ἐκεχάροντο,χαίρω,v3paie---,
0,ἐκεχείμανται,χειμαίνω,v3prie---,
1,κεχείρικα,χειρίζω,v1sria---,lemming
0,κεχειροτονημένον,χειροτονέω,v-srpe-n-,
0,χεχείρωμαι,χειρόω,v1srie---,
0,χεχεσμένος,χέζω,v-srpe-n-,
0,χεχήλευμαι,χηλεύω,v1srie---,
1,κέχηνα,χάσκω,v1sria---,lemming;morpheus
1,κεχήνετε,χάσκω,v2prma---,lemming;morpheus
1,κεχήνη,χάσκω,v1slia---,lemming;morpheus
0,κεχηνώςὉΌ,χάσκω,v-srpa-n-,
0,χεχιλιαρχηκώς,χυλιαρχέω,v-srpa-n-,
0,ἐκέχλαε,χλάδω,v3sria---,
0,ἐχεχλαδώς,χλάδω,v-srpa-n-,
0,κεχλίαγκα,χλιαίνω,v1sria---,
0,χεχλιασμένος,χλιαίνω,v-srpe-n-,
0,χεχλιδώς,χλίω,v-srpa-n-,
1,κέχοδα,χέζω,v1sria---,lemming;morpheus
1,ἐκεχολώατο,χολόω,v3plie---,lemming;morpheus
1,κεχολώσομαι,χολόω,v1stie---,lemming;morpheus
0,ἰχεχόλωτο,χολόω,v3slie---,
0,χεχόρευνα,χορεύω,v1sria---,
0,χεχορηγημένος,χορηγέω,v-srpe-n-,
0,χεχόρτασμαι,χορτάζω,v1srie---,
0,χκέχρηκα,ἰχράω,,
0,χέχρημαι,ἰχράω,,
1,κέχρημαι,χράω,v1srie---,lemming;morpheus
0,χεχρημάτικα,χρηματίξζω,v1sria---,
0,χεχρημάτισμαι,χρηματίξζω,v1srie---,
0,χεχρηματισμένον,χρηματίξζω,v-srpe-n-,
0,χεχρησμῳδήησθω,χρησμῳδέω,v3srme---,
0,κεχρήσομαι,χράομαι,v1stie---,
0,χλάξας,κλύω,v-sapa-n-,
0,κλᾶξον,κλύω,v2sama---,
0,κλαξῶ,κλύω,v1sfia---,
0,κκλαρώεν,γληρόω,v--pna---,
0,χλάσε,κλάω,v3saia---,
0,κλασθῇσομαι,κλάω,v1sfip---,
0,χκλάσσατο,κλάω,v3saie---,
1,κλάσσε,κλάω,v3saia---,morpheus
0,ἐκλαῦσα,κλαίω,v1saia---,
1,κλαῦσαι,κλαίω,v--ana---,lemming;morpheus
0,χκλαυσθείς,κλαίω,v-sapp-n-,
0,χλαυσθήσομαι,κλαίω,v1sfip---,
1,κλαύσω,κλαίω,v1sfia---,lemming
0,κλεΐξω,κλείω,v1sfia---,
0,κλεισάμενος,κλείω,v-sape-n-,
1,κλεισθήσομαι,κλείω,v1sfip---,lemming;morpheus
0,κλεῖσον,κλγζω,v2sama---,
1,κλείσω,κλείω,v1sfia---,lemming;morpheus
1,κλέπτεσκον,κλέπτω,v1siia---,lemming;morpheus
0,κλεφθείς,κλέπτω,v-sapp-n-,
0,κλέψομαι,κλέπτω,v1sfie---,
1,κλέψω,κλέπτω,v1sfia---,lemming;morpheus
0,κληθείς,καλέω,v-sapp-n-,
0,χληθήσομαι,καλέω,v1sfip---,
0,κλήὴ,κλύω,v1saia---,
0,κληῖσαι,κλύω,v--ana---,
0,κληΐσσομαι,κλύω,v1sfie---,
0,κλῇσαι,χλύζω,v--ana---,
0,κλῇσαι,κλήω,v--ana---,
0,κλήσασθαι,κλήζω,v--ane---,
0,κλῃσθῆναι,κλήζω,v--anp---,
0,κλήσω,κλήζω,v1sfia---,
0,κλήσω,κλύω,v1sfia---,
1,κλιθήσομαι,κλίνω,v1sfip---,lemming;morpheus
1,κλῖναι,κλίνω,v--ana---,lemming;morpheus
0,κλήξεσχον,κλύξω,v1siia---,
0,λύσαι,κλύξω,v--ana---,
0,κνᾶσθαι,ξν ΓΝΝ,v--pne---,
0,κνσομαι,ξν ΓΝΝ,v1sfie---,
1,κνίσω,κνίζω,v1sfia---,lemming;morpheus
1,κοιλῆναι,κοιλαίνω,v--ana---,lemming;morpheus
0,κοιλήνας,κοιλαίνω,v-sapa-n-,
0,κκοιλύνατο,κοιλαίνω,v3saie---,
0,ἐκοιμόσω,κοιμζω,v1sfia---,
0,κκοιμέθγμεν,κοιμζω,v1paip---,
0,κκοίμησα,κοιμζω,v1saia---,
0,κκοιμήσατο,κοιμζω,v3saie---,
0,κοιμήσομαι,κοιμζω,v1sfie---,
0,κοιμήσω,κοιμζω,v1sfia---,
0,κοιμίσαι,κοιμζω,v--ana---,
0,κοιμίσω,κοιμζω,v1sfia---,
0,κοινωνήσωο,κοιμζω,v1sfia---,
0,κοινώσομαι,κοιμζω,v1sfie---,
0,κοιώσω,κοιμζω,v1sfia---,
0,χολᾷ,κολάζω,v2sfie---,
0,χολασθήσομαι,κολάζω,v1sfip---,
0,κολάσομαι,κολάζω,v1sfie---,
1,κολάσω,κολάζω,v1sfia---,lemming;morpheus
0,κολαφθέν,χολαπτω,v-sapp-n-,
0,κολάψασα,χολαπτω,v-sapa-n-,
0,κολληθείς,κολλζω,v-sapp-n-,
1,κολουθήσομαι,κολούω,v1sfip---,morpheus
1,κολούσω,κολούω,v1sfia---,lemming;morpheus
0,κολωμένους,κολάζω,v-pfpe-a-,
1,κομήσειν,κομάω,v--fna---,lemming;morpheus
1,κομιζέμεν,κομίζω,v--pna---,lemming;morpheus
1,κομίξαι,κομίζω,v--ana---,morpheus
0,κομιοῦμαι,κομίζω,v1sfie---,
0,κομισάμην,κομίζω,v1saie---,
1,κομισθήσομαι,κομίζω,v1sfip---,lemming;morpheus
0,κομίσομαι,κομίζω,v1sfie---,
1,κομίσω,κομίζω,v1sfia---,morpheus
1,κονάβησε,κοναβέω,v3saia---,lemming;morpheus
0,κονιοῦμαι,κονίω,v1sfie---,
1,κοπήσομαι,κόπτω,v1sfip---,lemming;morpheus
1,κοπιάσω,κοπιάω,v1sfia---,lemming;morpheus
1,κοπρῶσαι,κοπρόω,v--ana---,lemming;morpheus
1,κοπρώσω,κοπρόω,v1sfia---,lemming;morpheus
0,κορέειςἩ,χορέννυμι,,
0,κορέοιτο,χορέννυμι,,
0,κορέσαι,χορέννυμι,,
0,ἱκορεσαίατο,χορέννυμι,,
0,κορεσθήσομαι,χορέννυμι,,
0,κορεσσάμεθα,χορέννυμι,,
0,κορέσω,χορέννυμι,,
0,κορήστε,κορέω,v2pama---,
0,κορυσσάμενος,κορύύσωι,v-sape-n-,
0,κόρυσσε,κορύύσωι,v3siia---,
0,κορύψθω,χοούπτω,v1sfia---,
1,κόσμηθεν,κοσμέω,v3paip---,lemming;morpheus
1,κοσμῆσαι,κοσμέω,v--ana---,lemming;morpheus
1,κοτέοντο,κοτέω,v3piie---,lemming;morpheus
1,κοτταβιῶ,κοτταβίζω,v1sfia---,lemming;morpheus
0,κουφισθείς,χουφίζω,v-sapp-n-,
0,κουφισθήσομαι,χουφίζω,v1sfip---,
0,κουφιῶ,χουφίζω,v1sfia---,
0,κοχλάσῃ,κοχλάζω,v3-asa---,
1,κόψα,κόπτω,v1saia---,lemming;morpheus
0,κόψομαι,κόπτω,v1sfie---,
1,κόψω,κόπτω,v1sfia---,lemming;morpheus
1,κραδανθῆναι,κραδαίνω,v--anp---,lemming
0,κραθείς,χεράννυμι,v-sapp-n-,
0,κραθύήσομαι,χεράννυμι,v1sfip---,
0,χρᾶναι,κραίνω,v--ana---,
0,ἐχρανέεσθαι,κραίνω,v--fne---,
1,κρανθήσομαι,κραίνω,v1sfip---,morpheus
1,κρανῶ,κραίνω,v1sfia---,lemming;morpheus
1,κράξω,κράζω,v1sfia---,lemming;morpheus
1,κρατηθήσομαι,κρατέω,v1sfip---,lemming;morpheus
0,κρατησάμενοι,κρατέω,v-pape-n-,
1,κράτησε,κρατέω,v3saia---,lemming;morpheus
0,κρατήσομαι,κρατέω,v1sfie---,
0,κρέτησαι,κρατέω,v--ana---,
0,κρηΐῆναι,κραίνω, -ραιαίνω,
0,κρῆναι,χραίνω,v--ana---,
0,χρ,χρίνω,v-sapp-n-,
0,χρίθεν,χρίνω,v3paip---,
0,χριθῆναι,χρίνω,v--anp---,
0,κρ,χρίνω,v1sfip---,
1,κρίκε,κρίζω,v3saia---,lemming;morpheus
0,κρῖναι,χρίνω,v--ana---,
0,κρῖναι,χρίνω,v2same---,
0,κρινθείς,χρίνω,v-sapp-n-,
0,ἐκρινθεῖτε,χρίνω,v2paop---,
0,ἐκρινθύ,χρίνω,v--anp---,
0,κρίνναν,χρίνω,v--ana---,
0,κρινοῦμαι,χρίνω,v1sfie---,
0,κρινῶ,χρίνω,v1sfia---,
1,κρυβῆναι,κρύπτω,v--anp---,lemming;morpheus
1,κρυβήσομαι,κρύπτω,v1sfip---,lemming;morpheus
0,χρύπτασχε,κρύπτω,v3siia---,
0,χρυφείςἩ,κρύπτω,v-sapp-n-,
0,χρύφθην,κρύπτω,v1saip---,
0,χρυφθῆναι,κρύπτω,v--anp---,
0,χρυφθήσομαι,κρύπτω,v1sfip---,
0,χρύψα,κρύπτω,v1saia---,
0,χρύψομαι,κρύπτω,v1sfie---,
0,χρύψω,κρύπτω,v1sfia---,
0,κρώξωῳ,κρώζω,v1sfia---,
0,χτάθεν,χτείνω,v3paip---,
0,κτάμενος,χτείνω,v-sape-n-,
0,κτανεῖν,χτείνω,v--ana---,
0,κτανέοντα,χτείνω,v-sfpa-a-,
0,κτανθείς,χτείνω,v-sapp-n-,
0,κτανθήσομαι,χτείνω,v1sfip---,
0,κτάνοιμιἩ,χτείνω,v1saoa---,
0,κτάνον,χτείνω,v1saia---,
0,κτανών,χτείνω,v-sapa-n-,
0,κτάς,χτείνω,v-sapa-n-,
0,κκτάσθαι,κτείνω,v--ane---,
0,κκτᾶσθαι,κτάομαι,v--pne---,
0,κκτεατίσσατο,χτεατίζω,v3saie---,
0,ἐκτεατίσσομαι,χτεατίζω,v1sfie---,
0,ἐκτεῖνα,κτείνω,v1saia---,
0,ἐκτείνεσχε,κτείνω,v3siia---,
0,κκτείνωμι,κτείνω,v1spsa---,
0,κκτενέει,κτείνω,v3sfia---,
1,κτενισθείη,κτενίζω,v3saop---,lemming;morpheus
0,κτένναις,χτείνω,v-sapa-n-,
0,κτενῶ,χτείνω,v1sfia---,
0,ἐχτερειζέμεν,κτερείζω,v--pna---,
0,ἐκτερεΐξαι,κτερείζω,v--ana---,
1,κτεριῶ,κτερίζω,v1sfia---,lemming;morpheus
1,κτέωμεν,κτείνω,v1pasa---,lemming;morpheus
0,κτηθείς,κτάομαι,v-sapp-n-,
0,χτηθήσομαι,κτάομαι,v1sfip---,
0,κτήσομαι,κτάομαι,v1sfie---,
1,κτισθήσομαι,κτίζω,v1sfip---,lemming;morpheus
0,χτίσω,κτίζω,v1sfia---,
0,ἐκτυπέεσκον,χτυπέω,v1siia---,
0,κτύπησα,χτυπέω,v1saia---,
0,κτύπον,χτυπέω,v1saia---,
1,κτῴμην,κτάομαι,v1spoe---,lemming;morpheus
0,κυβερνῆσαι,χυβερνάω,v--ana---,
0,ἐκύδαινε,χυδαίνω,v3siia---,
0,κυδανῶ,χυδαίνω,v1sfia---,
0,ἐκύδηνα,χυδαίνω,v1-aia---,
0,κυδ,κυδιάω,v1siia---,
0,ἐκυδιόων,κυδιάω,v-sppa-n-,
0,ἐκύεσσα,κυέω,v-sppa-n-,
0,κυήσομαι,κυέω,v1sfie---,
0,χυήσω,κυέω,v1sfia---,
0,χύθε,χκεύθω,v3saia---,
0,χυκήθην,χυκάω,v1saip---,
1,κυκλήσομεν,κυκλέω,v1pfia---,lemming;morpheus
0,κυχλωθήσομαι,κυκλόω,v1sfip---,
0,κυχλώσομαι,κυκλόω,v1sfie---,
1,κυκλώσω,κυκλόω,v1sfia---,lemming;morpheus
0,κυργβέσασθαι,κυογβάξω,v--ane---,
0,κυρίξω,κυρί ἱττὼ,v1sfia---,
0,κύσαι,κύώω,v1saia---,
1,κώκυσα,κωκύω,v1saia---,lemming;morpheus
0,κωλυθύσομαι,κωλύω,v1sfip---,
1,λαβέ,λαμβάνω,v2sama---,lemming;morpheus
1,λαβεῖν,λαμβάνω,v--ana---,lemming;morpheus
1,λάβεν,λαμβάνω,v3saia---,lemming;morpheus
0,λαβέσθαι,λαμβάνω,v--ane---,
0,λάβεσκον,λαμβάνω,v1siia---,
1,λάβῃ,λαμβάνω,v3sasa---,lemming;morpheus
1,λάβοιμι,λαμβάνω,v1saoa---,lemming;morpheus
0,λαβοίμην,λαμβάνω,v1saoe---,
0,λαβόμην,λαμβάνω,v1saie---,
0,λαβόν,λαμβάνω,v-sapa-n-,
0,λαβοῦσα,λαμβάνω,v-sapa-n-,
1,λάβω,λαμβάνω,v1sasa---,lemming;morpheus
1,λάβωμαι,λαμβάνω,v1sase---,morpheus
1,λάβωμεν,λαμβάνω,v1pasa---,lemming;morpheus
0,λαβών,λαμβάνω,v-sapa-n-,
1,λάγχανον,λαγχάνω,v1siia---,lemming;morpheus
1,λάε,λάω,v3siia---,lemming
0,λάετ,λάω,v2ppma---,
1,λάζεο,λάζομαι,v2spme---,lemming;morpheus
1,λάζετο,λάζομαι,v3siie---,lemming;morpheus
0,ἐλαζο,λάζομαι,v3ppoe---,
1,ἐλάζοντο,λάζομαι,v3piie---,lemming;morpheus
0,ἐλάζου,λάζομαι,v2spme---,
0,ἐλάζυσθε,λάζομαι,v2ppie---,
1,λαθεῖν,λανθάνω,v--ana---,lemming;morpheus
0,λαθέσθαι,λανθάνω,v--ane---,
0,λάθετο,λανθάνω,v3saie---,
1,λάθῃ,λανθάνω,v3sasa---,lemming;morpheus
1,λάθηται,λανθάνω,v3sase---,morpheus
1,λάθοι,λανθάνω,v3saoa---,lemming;morpheus
0,λαθοίατο,λανθάνω,v3paoe---,
1,λάθοιεν,λανθάνω,v3paoa---,lemming;morpheus
1,λάθοιμι,λανθάνω,v1saoa---,lemming;morpheus
0,λαθοίμην,λανθάνω,v1saoe---,
1,λάθον,λανθάνω,v1saia---,lemming;morpheus
0,λαθοῦσα,λανθάνω,v-sapa-n-,
1,λάθω,λανθάνω,v1sasa---,lemming;morpheus
1,λάθωμαι,λανθάνω,v1sase---,morpheus
0,λαθών,λανθάνω,v-sapa-n-,
0,λακεῖν,λανθάνω,v--ana---,
0,λακήσας,λανθάνω,v-sapa-n-,
0,λακήσομαι,λανθάνω,v1sfie---,
0,λάκοιμι,λανθάνω,v1saoa---,
0,λάκον,λανθάνω,v1saia---,
1,λακτιῶ,λακτίζω,v1sfia---,lemming;morpheus
0,λαλαγεῦντες,λαλαγέω,v-pppa-n-,
1,λαλαγεῦσι,λαλαγέω,v3ppia---,lemming;morpheus
0,λαλαγῇσαι,λαλαγέω,v--ana---,
0,ελαμβάνοσαν,λαμβάνω,v3piia---,
0,κλάμπε,λάμπω,v3siia---,
0,κλάμπτο,λάμπω,v3siie---,
1,λάμπῃ,λάμπω,v3spsa---,lemming;morpheus
0,λαμφθείς,λάμπω,v-sapp-n-,
0,λαμφθύήσομαι,λαμβάνω,v1sfip---,
0,λαμψεῖσθαι,λαμβάνω,v--fne---,
0,λάμψομαι,λαμβάνω,v1sfie---,
0,λάμφομαι,λάμπω,v1sfie---,
0,λέάμφω,λάμπω,v1sfia---,
1,λανθανόμην,λανθάνω,v1siie---,lemming;morpheus
1,ἐλάνθανον,λανθάνω,v1siia---,lemming;morpheus
0,λάξας,λάζω,v-sapa-n-,
0,λάξομαι,λαγγάνω,v1sfie---,
0,λαπύσομαι,λέπ,v1sfip---,
0,λασάμενος,λανθάνω,v-sape-n-,
1,λάσδευ,λάζομαι,v2spme---,morpheus
0,λασεῦμαι,λανθάνω,v1sfie---,
0,λασεύμεσθα,λανθάνω,v1pfie---,
0,λασθῇ,λανθάνω,v--anp---,
1,λάσκον,λάσκω,v1siia---,lemming;morpheus
1,λασῶ,λανθάνω,v1sfia---,morpheus
0,λαφύξασθαι,λαφύττω,v--ane---,
0,λαφύξω,λαφύττω,v1sfia---,
1,λαχαινέμεν,λαχαίνω,v--pna---,lemming;morpheus
1,λαχεῖν,λαγχάνω,v--ana---,lemming;morpheus
1,λαχήνω,λαχαίνω,v1sasa---,lemming;morpheus
1,λάχῃ,λαγχάνω,v3sasa---,lemming;morpheus
0,λάχι,λαγχάνω,v3saoa---,
1,λάχοιεν,λαγχάνω,v3paoa---,lemming;morpheus
0,ελαχοίην,λαγχάνω,v1saoa---,
0,ἐλαχοῖσα,λαγχάνω,v-sapa-n-,
0,ἐλάχον,λαγχάνω,v1saia---,
0,λαχών,λαγχάνω,v-sapa-n-,
1,λάχωσι,λαγχάνω,v3pasa---,lemming;morpheus
0,λαψάμενος,λάπτω,v-sape-n-,
0,λαφῇ,λαμβάνω,v2sfie---,
0,λάψομαι,λάπτω,v1sfie---,
1,λάψω,λάπτω,v1sfia---,lemming;morpheus
0,ἐλάων,λάω,v-sppa-n-,
1,λεανθῶ,λεαίνω,v1sasp---,lemming
1,λεανῶ,λεαίνω,v1sfia---,lemming;morpheus
1,λεγήσομαι,λέγω,v1sfip---,morpheus
0,λέγμενος,λέγω,v-sape-n-,
1,λεγόντων,λέγω,v3ppma---,lemming;morpheus
1,λέγου,λέγω,v2spme---,lemming;morpheus
1,λειαίνει,λεαίνω,v3spia---,morpheus
0,ἐλειανέω,λεαίνω,v1sfia---,
0,ἐχειανθείς,λεαίνω,v-sapp-n-,
1,λείβεαι,λείβω,v2spie---,lemming;morpheus
1,λειβέμεν,λείβω,v--pna---,lemming;morpheus
1,λεῖβον,λείβω,v1siia---,lemming;morpheus
0,λείηνα,λεαίνῳω,v1saia---,
0,λειηνάμην,λεαίνῳω,v1saie---,
0,λειῆνας,λεαίνῳω,v-sapa-n-,
1,λεῖξαι,λείχω,v--ana---,lemming;morpheus
0,λείξας,λείχω,v-sapa-n-,
1,λείξω,λείχω,v1sfia---,lemming;morpheus
0,λείοντα,λάω,,
1,ἐλείπετο,λείπω,v3siie---,lemming;morpheus
0,λειοθῇναι,λείπω,v--ane---,
0,λειοθέσομαι,λείπω,v1sfip---,
0,λει,λείπω,v-sapp-n-,
0,λεῖφαι,λείπω,v--ana---,
0,λεῖψον,λείπω,v2sama---,
0,πλελάβηκαι,λαι βάνω,v1sria---,
0,κλέλαγμαι,λανγάνω,v1srie---,
0,ἀλελαθέσθαι,λανθάνω,v--ane---,
0,κλελάθοιμι,λανθάνω,v1saoa---,
0,κλελάθοιτο,λανθάνω,v3saoe---,
0,λελάθωντι,λανθάνω,v3pase---,
0,κλέλλκε,λάσκω,v3sria---,
0,λελακυΐχς,λάσκω,v-srpa-n-,
1,λέλαμμαι,λαμβάνω,v1srie---,lemming;morpheus
0,λέλαμμαι,λέπω,v1srie---,
1,λέλαμπα,λάμπω,v1sria---,lemming;morpheus
1,λελάμπρυνται,λαμπρύνω,v3srie---,lemming;morpheus
0,λελαπάγθω,λαπάττω,v3srme---,
0,ἐλελᾶσθαι,λανθάνω,v--rne---,
0,ἐλέλασμαι,λανθάνω,v1srie---,
0,ἐλελασμένος,λανθάνω,v-srpe-n-,
0,ἐλελάφθαι,λαμβάνω,v--rne---,
0,ἐλελάφθω,λαμβάνω,v3srme---,
0,ἐλελάχασι,λαγχάνω,v3pria---,
0,ἐλελάχαται,λαγχάνω,v3prie---,
1,λελάχητε,λαγχάνω,v2pasa---,lemming;morpheus
0,ἐλελάχοι,λαγχάνω,v3saoa---,
1,ἐλέλαχον,λαγχάνω,v1saia---,lemming;morpheus
0,λελαχώς,λαγχάνω,v-srpa-n-,
1,λελάχωσι,λαγχάνω,v3pasa---,lemming;morpheus
0,λελεασμένος,λεαίνω,v-srpe-n-,
1,λέλεγμαι,λέγω,v1srie---,lemming;morpheus
0,λελειάνθαι,λεαίνω,v--rne---,
0,λελειασμένος,λεαίνω,v-srpe-n-,
1,λέλειμμαι,λείπω,v1srie---,lemming;morpheus
1,λελεῖφθαι,λείπω,v--rne---,lemming;morpheus
0,λελειχμότες,λιγμάω,v-prpa-n-,
1,λελείψομαι,λείπω,v1stie---,lemming;morpheus
1,λέλεμμαι,λέπω,v1srie---,lemming;morpheus
1,λέλεξαι,λέγω,v2srie---,lemming;morpheus
1,λελέξομαι,λέγω,v1stie---,lemming;morpheus
0,λελέπργκε,λεπράω,v3sria---,
1,λελεπτύνθαι,λεπτύνω,v--rne---,morpheus
1,λελέπτυσμαι,λεπτύνω,v1srie---,lemming;morpheus
0,λελεύκασμαι,λαυκαίνω,v1srie---,
0,λελευκωμένος,λευκόω,v-srpe-n-,
1,λέλεχα,λέγω,v1sria---,lemming
1,λέληθα,λανθάνω,v1sria---,lemming;morpheus
1,λεληθέναι,λανθάνω,v--rna---,lemming;morpheus
1,λελήθῃ,λανθάνω,v3srsa---,lemming;morpheus
1,λέληκε,λάσκω,v3sria---,lemming;morpheus
0,λεληκώς,λάσκω,v-srpa-n-,
1,λέλημμαι,λαμβάνω,v1srie---,lemming;morpheus
0,λελημμένος,λαμβάνω,v-srpe-n-,
0,λέληπτε,λαμβάνω,v2prie---,
1,λελῆσθαι,λανθάνω,v--rne---,lemming;morpheus
1,λέλησμαι,λανθάνω,v1srie---,lemming;morpheus
0,λέλῃσμαι,λήζομαι,v1srie---,
0,λελήσομαι,λανθάω,v1stie---,
0,ἐλελήφαται,λαμβάνω,v3prie---,
0,λελήώομαι,λαμβάνω,v1stie---,
0,ἐλελίαστο,λιλαίομαι,v3slie---,
0,κλελίημαι,λιλαίομαι,v1srie---,
0,λελίηντο,λιλαίομαι,v3-lie---,
0,λελίητο,λιλαίομαι,v3slie---,
0,λελιθωμένον,λιθόω,v-srpe-n-,
0,λελικμημένος,λιιμάω,v-srpe-n-,
1,λέλιμμαι,λίπτομαι,v1srie---,lemming;morpheus
0,λελιμμένος,λίπτομαι,v-srpe-n-,
1,λελίπασμαι,λιπαίνω,v1srie---,lemming
0,λελιχμότες,λιχμάω,v-pppa-n-,
0,λελόγισμαι,λογίζομαι,v1spie---,
1,λέλογχα,λαγχάνω,v1sria---,lemming;morpheus
1,λελόγχει,λαγχάνω,v3slia---,lemming;morpheus
0,λελοιδόρηρκα,λοιδορέω,v1sria---,
0,λέλοιπΤι,λείπω,v1sria---,
1,λέλουμαι,λούω,v1srie---,lemming;morpheus
0,λελουμένος,λούω,v-srpe-n-,
1,λέλουται,λούω,v3srie---,lemming;morpheus
0,λελοχισμένον,λοχίζω,v-srpe-n-,
0,λελυγισμένα,λυγίζω,v-prpe-n-,
1,λέλυκα,λύω,v1sria---,lemming;morpheus
1,λέλυμαι,λύω,v1srie---,lemming;morpheus
0,λελυμάνθαι,λυμαίνομα,v--rne---,
0,λελύμανται,λυμαίνομα,v3srie---,
0,λελύμασμαι,λυμαίνομα,v1srie---,
0,λελῦντο,λύω,v3proe---,
1,λελύπηκα,λυπέω,v1sria---,lemming;morpheus
1,λελύπημαι,λυπέω,v1srie---,lemming;morpheus
1,λέλυσο,λύω,v2srme---,morpheus
1,λελύσομαι,λύω,v1stie---,lemming;morpheus
0,λελυσσήχῃ,λυττάω,v3srsa---,
1,λελῦτο,λύω,v3sroe---,lemming
1,λελώβημαι,λωβάομαι,v1srie---,lemming;morpheus
0,λελωβημένος,λωβάομαι,v-srpe-n-,
1,λελώβητο,λωβάομαι,v3slie---,lemming;morpheus
0,λελωφηκυῖαν,λωφάω,v-srpa-a-,
1,λέξαι,λέγω,v--ana---,lemming;morpheus
0,λεξαίμην,λέγω,v1saoe---,
1,λέξαιμι,λέγω,v1saoa---,lemming;morpheus
0,λεξάμενος,λέγω,v-sape-n-,
0,λεξάμην,λέγω,v1saie---,
0,λέξασθαι,λέγω,v--ane---,
0,λεξάσθην,λέχομχι,v3daie---,
0,λεξάσθων,λέχομχι,v3-ame---,
0,ἐλέξατο,λέγω,v3saie---,
0,λέξεται,λέγω,v3sase---,
0,λέξο,λέχομαι,v2same---,
0,λέξομαι,λέγω,v1sfie---,
0,λέξομαι,λέχομαι,v1sfie---,
1,λέξον,λέγω,v2sama---,lemming;morpheus
1,λέξω,λέγω,v1sfia---,lemming;morpheus
1,λεπτυνῶ,λεπτύνω,v1sfia---,morpheus
1,λευκᾶναι,λευκαίνω,v--ana---,lemming
0,λευκωθείς,λευκόω,v-sapp-n-,
0,λευσθείς,λεύω,v-sapp-n-,
1,λευσθήσομαι,λεύω,v1sfip---,morpheus
0,ἐλεῦσσε,λεύσσω,v3siia---,
0,ἐλεύσσξιε,λεύσσω,v3saoa---,
1,λεῦσσον,λεύσσω,v1siia---,lemming;morpheus
0,λεύσω,λεύσσω,v1sfia---,
0,λέχθαι,λέγω,v--ane---,
0,λεχθείς,λέγω,v-sapp-n-,
1,λεχθῇ,λέγω,v3sasp---,lemming;morpheus
1,λεψέμεν,λέπω,v--fna---,lemming;morpheus
0,λέῳμε,λάω,,
0,λεων,λάω,,
0,λέωντι,λάω,,
0,ληβασεϊσῶς,λωβάομαι,v2pfie---,
1,ληγέμεναι,λήγω,v--pna---,lemming;morpheus
0,ληθάνει,ἰλανθάνω,,
0,ἤληθεαι,ἰλανθάνω,,
0,κλήθειν,λανθάνωϊ,,
0,ληίσηται,λήζομαι,v3sase---,
0,χηίσσατο,λήζομαι,v3saie---,
0,χηίσσομαι,λήζομαι,v1sfie---,
1,λήξειεν,λήγω,v3saoa---,lemming;morpheus
0,λήξομαι,λαγχάνω,v1sfie---,
1,ληρήσῃς,ληρέω,v2sasa---,lemming;morpheus
0,λῇς,λάω,,
0,λησάμενος,λανθάνω,v-sape-n-,
0,λησάμην,λανθάνω,v1saie---,
1,λήσειεν,λανθάνω,v3saoa---,morpheus
1,λήσειν,λανθάνω,v--fna---,lemming;morpheus
0,λήσομαι,λανθάνω,v1sfie---,
1,λῃστεύσω,λῃστεύω,v1sfia---,lemming;morpheus
1,λήσω,λανθάνω,v1sfia---,lemming;morpheus
0,λῆτε,λάω,,
0,ληφθείς,λαμβάνω,v-sapp-n-,
1,ληφθήσομαι,λαμβάνω,v1sfip---,lemming;morpheus
1,ληφθῶσι,λαμβάνω,v3pasp---,lemming;morpheus
0,ληχθείς,λαγχάνω,v-sapp-n-,
0,λήψομαι,λαμβάνω,v1sfie---,
1,λήψω,λαμβάνω,v1sfia---,lemming
0,λιασθείς,λιάζομαι,v-sapp-n-,
1,λίασθεν,λιάζομαι,v3paip---,lemming
0,λίγξε,λίνγω,v3saia---,
1,λικμήσω,λικμάω,v1sfia---,lemming;morpheus
1,λιλαίεαι,λιλαίομαι,v2spie---,lemming;morpheus
1,λιλαίεο,λιλαίομαι,v2spme---,lemming;morpheus
1,λιλαίετο,λιλαίομαι,v3siie---,lemming;morpheus
0,λιμώξεται,λιμώττω,v3sfie---,
1,λιπανθῆναι,λιπαίνω,v--anp---,lemming
1,λίπε,λείπω,v2sama---,lemming;morpheus
1,λίπε,λείπω,v3saia---,lemming;morpheus
1,λιπεῖν,λείπω,v--ana---,lemming;morpheus
0,λιπέσθαι,λείπω,v--ane---,
1,λιπέτω,λείπω,v3sama---,lemming;morpheus
1,λίπῃ,λείπω,v3sasa---,lemming;morpheus
0,λιπηνάμενος,λιπαίνω,v-sape-n-,
1,λίπησθε,λείπω,v2pase---,morpheus
0,λιποίμην,λείπω,v1saoe---,
0,λίποιμιὨἩ,λείπω,v1saoa---,
0,ἐλιποῖσα,λείπω,v-sapa-n-,
0,κλίπον,λείπω,v1saia---,
0,λίποντο,λείπω,v3paie---,
0,λιποῦ,λείπω,v2same---,
0,λιποῦσα,λείπω,v-sapa-n-,
1,λίπω,λείπω,v1sasa---,lemming;morpheus
0,λιπών,λείπω,v-sapa-n-,
0,λίση,λίσσομαι,v2sase---,
0,λίσομαι,λίσσομαι,v1sfie---,
1,λίσσεαι,λίσσομαι,v2spie---,lemming;morpheus
1,λίσσεο,λίσσομαι,v2spme---,lemming;morpheus
1,λίσσετο,λίσσομαι,v3siie---,lemming;morpheus
1,λίσσηαι,λίσσομαι,v2spse---,lemming;morpheus
1,λίσσοιτο,λίσσομαι,v3spoe---,lemming;morpheus
1,λιτανεύσομεν,λιτανεύω,v1pasa---,morpheus
1,λιταργιῶ,λιταργίζω,v1sfia---,lemming;morpheus
0,λιτέσθαι,λίσσομαι,v--ane---,
0,λιτοίμην,λίσσομαι,v1saoe---,
1,λιχμήσῃ,λιχμάω,v3sasa---,lemming;morpheus
0,λιχμήσομαι,λιχμάω,v1sfie---,
1,λογήσει,λογάω,v3sfia---,lemming;morpheus
0,λόε,λούω,,
0,λοέσσω,λούω,,
1,λοιδορεῖ,λοιδορέω,v2spie---,lemming;morpheus
0,λοιδορήσομαι,λοιδορέω,v1sfie---,
0,λοιδορήσω,λοιδορέω,v2-fia---,
0,λοιμώξω,λοιμώττω,v1sfia---,
0,λόον,λούω,,
0,λούμενος,λούω,,
0,λοῦσαι,λούω,,
0,λούσεις,λούω,,
0,λοῦσθαι,λούω,,
0,λούσομαι,λούω,,
0,λοῦσον,λούω,,
0,λούσω,λούω,,
1,λοχῆσαι,λοχάω,v--ana---,lemming;morpheus
0,λοχήσομαι,λοχάω,v1sfie---,
0,λοχίσαντος,λοχίζω,v-sapa-g-,
0,λοχισθέντες,λοχίζω,v-papp-n-,
1,λυγιξεῖν,λυγίζω,v--fna---,morpheus
1,λυγιξῶ,λυγίζω,v1sfia---,morpheus
0,λυγίσαντος,λυγίζω,v-sapa-g-,
0,λυγίσασθαι,λυγίζω,v--ane---,
0,λυγισθέντα,λυγίζω,v-papp-n-,
0,κλυγωθείς,λυγόω,v-sapp-n-,
0,ἐλύς,λύω,v3siia---,
1,λῦε,λύω,v2spma---,lemming;morpheus
0,λυέμν,λύω,v--pna---,
1,λυθεῖεν,λύω,v3paop---,lemming;morpheus
0,λυθεν,λύω,v1saop---,
1,λύθεν,λύω,v3paip---,lemming;morpheus
1,λύθην,λύω,v1saip---,lemming;morpheus
1,λυθήσομαι,λύω,v1sfip---,lemming;morpheus
0,λῦθι,λύω,v2sama---,
1,λυθῶσι,λύω,v3pasp---,lemming;morpheus
0,λυμᾶναι,λυμαίνομαι,v--ana---,
0,λυμάνῃ,λυμαίνομαι,v3sasa---,
0,λυμανθέν,λυμαίνομαι,v-sapp-n-,
0,λυμανοῦμαι,λυμαίνομαι,v1sfie---,
0,λύμενος,λύω,v-sape-n-,
0,μάξω,μάττω,v1sfia---,
1,μαπέειν,μάρπτω,v--ana---,lemming;morpheus
1,μαρανθήσομαι,μαραίνω,v1sfip---,lemming;morpheus
1,μαρναίμεθα,μάρναμαι,v1ppoe---,lemming;morpheus
1,μαρνάμεθα,μάρναμαι,v1piie---,lemming;morpheus
0,μαρνάμενος,μάρναμαι,v-sppe-n-,
1,μάρναο,μάρναμαι,v2spme---,morpheus
0,ἐμάρνασθαι,μάρναμαι,v--pne---,
0,μάρνατο,μάρναμαι,v3-iie---,
1,μαρνώμεσθα,μάρναμαι,v1ppse---,lemming;morpheus
1,μάρπτῃσι,μάρπτω,v3spsa---,lemming;morpheus
1,μαρτυρηθήσομαι,μαρτυρέω,v1sfip---,lemming;morpheus
0,μαρτυρήσομαι,μαρτυρέω,v1sfie---,
1,μαρτυρήσω,μαρτυρέω,v1sfia---,lemming;morpheus
0,μαρτυροῦμαι,μαρτυρέω,v1sfie---,
0,μάρψας,μάρπτω,v-sapa-n-,
0,μάσασθαι,μάἡομαι,v--ane---,
0,μασεῦμαι,μανθάνω,v1sfie---,
0,μάσσομαι,μάὁμαι,v1sfie---,
1,μαστευέμεν,μαστεύω,v--pna---,morpheus
1,μάστευσα,μαστεύω,v1saia---,lemming;morpheus
1,μαστεύεσκον,μαστεύω,v1siia---,morpheus
0,μαστιγωθθείς,μαστιγόω,v-sapp-n-,
1,μαστιγωθήσομαι,μαστιγόω,v1sfip---,lemming;morpheus
0,μαστιγώσομαι,μαστιγόω,v1sfie---,
1,μαστιγώσω,μαστιγόω,v1sfia---,lemming;morpheus
1,μάστιξα,μαστίζω,v1saia---,lemming;morpheus
1,μάστιξον,μαστίζω,v2sama---,lemming;morpheus
1,μαστίξω,μαστίζω,v1sfia---,morpheus
0,μαστιχθεὶς,μαστίζω,v-sapp-n-,
1,ματαιωθήσεται,ματαιόω,v3sfip---,lemming;morpheus
1,ματεύσω,ματεύω,v1sfia---,lemming;morpheus
1,μάχει,μάχομαι,v2spie---,lemming;morpheus
0,μαχεἱόμενος,μάχομαι,v-sppe-n-,
1,μαχέοιντο,μάχομαι,v3ppoe---,lemming;morpheus
0,μαχέσαιο,μάχομαι,v2saoe---,
0,μαχέσχσθαι,μάχομαι,v--ane---,
1,μεγαλυνθήσομαι,μεγαλύνω,v1sfip---,lemming;morpheus
1,μεγεθυνθῆναι,μεγεθύνω,v--anp---,morpheus
1,μεδέσθω,μέδομαι,v3spme---,lemming;morpheus
0,μεδήσομαι,μέδομαι,v1sfie---,
1,μεδοίατο,μέδομαι,v3ppoe---,lemming;morpheus
1,μεθυσθήσομαι,μεθύσκω,v1sfip---,morpheus
1,μεθύσω,μεθύσκω,v1sfia---,morpheus
0,μειδῆσαι,μειδίβ ὦ,v--ana---,
0,μειδῆσας,μειδίβ ὦ,v-sapa-n-,
0,μείδησε,μειδίβ ὦ,v3saia---,
0,μειδιᾷ,μειδίβ ὦ,v3spia---,
0,ἐμειδιδν,μειδίβ ὦ,v--pna---,
0,μειδιᾶσαι,μειδίβ ὦ,v--ana---,
0,μειδιάσας,μειδίβ ὦ,v-sapa-n-,
0,μειδιάων,μειδίβ ὦ,v-sppa-n-,
0,μειδιῶσα,μειδίβ ὦ,v-sppa-n-,
0,μειλίξατο,μειλίσσω,v3saie---,
1,μειλίξω,μειλίσσω,v1sfia---,lemming;morpheus
1,μεῖνε,μένω,v3saia---,lemming;morpheus
1,μεῖνον,μένω,v2sama---,lemming;morpheus
0,μεῖξαι,μἑλίγνυμα,v--ana---,
0,μείξομαι,μἑλίγνυμα,v1sfie---,
0,μείξω,μἑλίγνυμα,v1sfia---,
1,μείρεο,μείρομαι,v2spme---,lemming;morpheus
1,μελᾶναι,μελαίνω,v--ana---,lemming
1,μελάνθησαν,μελαίνω,v3paip---,lemming;morpheus
1,μελέμεν,μέλω,v--pna---,lemming;morpheus
0,μελεσέμεν,μέλω,v--fna---,
1,μελέσθω,μέλω,v3spme---,lemming;morpheus
0,μελετήσας,μελετάω,v-sapa-n-,
0,μελετήσομαι,μελετάω,v1sfie---,
1,μελετήσω,μελετάω,v1sfia---,lemming;morpheus
0,μεληθέν,μέλω,v-sapp-n-,
1,μελῆσαι,μέλω,v--ana---,lemming;morpheus
0,μελήσα,μέλω,v1saoa---,
0,μξλγ,μέλω,v3sama---,
1,μελήσω,μέλω,v1sfia---,lemming;morpheus
0,μελίξομαι,μελίζω,v1sfie---,
1,μελιῶ,μελίζω,v1sfia---,lemming;morpheus
1,μέλλεσκον,μέλλω,v1siia---,lemming;morpheus
1,μελλήσω,μέλλω,v1sfia---,lemming;morpheus
1,μέλλον,μέλλω,v1siia---,lemming;morpheus
1,μέλον,μέλω,v1siia---,lemming;morpheus
1,μελόντων,μέλω,v3ppma---,lemming;morpheus
1,μέλπον,μέλπω,v1siia---,lemming;morpheus
0,μελψάμενος,μέλπω,v-sape-n-,
0,μέλψας,μέλπω,v-sapa-n-,
0,μέλψομαι,μέλπω,v1sfie---,
0,μεμάασι,μάὁμαι, -αίνομαι,
0,μέμαγμαι,μτωη,v1srie---,
1,μεμάθηκα,μανθάνω,v1sria---,lemming;morpheus
1,μεμαθήκεσαν,μανθάνω,v3plia---,lemming;morpheus
0,μεμάθημαι,μανθάνω,v1srie---,
0,μεμακκοακώς,μακκοάω,v-srpa-n-,
1,μεμάκρυμμαι,μακρύνω,v1srie---,lemming
0,μεμακυῖα,μηκάομαι,v-srpa-n-,
0,μέμαμεν,μάὑομαι, -αίνομαι,
0,μεμάνηκα,μαίνομι,v1sria---,
0,μεμάνημαι,μαίνομι,v1srie---,
1,μεμάντευμαι,μαντεύομαι,v1srie---,lemming;morpheus
1,μεμάποιεν,μάρπτω,v3paoa---,lemming;morpheus
1,μεμάραμμαι,μαραίνω,v1srie---,morpheus
0,μέμαρμαι,μείρομαι,v1srie---,
1,μέμαρπε,μάρπτω,v3sria---,lemming;morpheus
1,μεμαρτύρημαι,μαρτυρέω,v1srie---,lemming;morpheus
0,μέμασαν,μάὀμαι,v3plia---,
0,μέμαχα,μάττω,v1spia---,
1,μεμάχημαι,μάχομαι,v1srie---,lemming;morpheus
0,μεμαώς,μάζυλομαι, -αίνομαι,
1,μέμβλεσθε,μέλω,v2prie---,lemming
1,μέμβλεται,μέλω,v3srie---,lemming;morpheus
1,μέμβλετο,μέλω,v3slie---,lemming;morpheus
0,μέμβλονται,μέλω,v3prie---,
1,μέμβλωκα,βλώσκω,v1sria---,lemming;morpheus
0,μεμεγαλυμμένος,μεγαλύνω,v-srpe-n-,
0,μεμεγεθυσμένα,μεγεθύνω,v-prpe-n-,
1,μεμέθυσμαι,μεθύσκω,v1srie---,lemming
0,μεμείξομαι,μεέγνυμι,v1stie---,
0,μεμείχαται,μέγνυμι,v3prie---,
0,μεμειωμένων,μειόω,v-prpe-g-,
1,μεμέλαμμαι,μελαίνω,v1srie---,lemming;morpheus
0,μεμελετηκώς,μελετάω,v-srpa-n-,
1,μεμέληκα,μέλω,v1sria---,lemming;morpheus
1,μεμελήμεθα,μέλω,v1prie---,morpheus
1,μεμέληνται,μέλω,v3prie---,morpheus
1,μεμέλησο,μέλω,v2slie---,lemming;morpheus
1,μεμέληται,μέλω,v3srie---,morpheus
1,μεμέλητο,μέλω,v3slie---,lemming;morpheus
1,μεμέλισμαι,μελίζω,v1srie---,lemming;morpheus
0,μεμελλημένος,μέλλω,v-srpe-n-,
1,μεμένηκα,μένω,v1sria---,lemming;morpheus
1,μεμέρικα,μερίζω,v1sria---,lemming;morpheus
1,μεμέρισμαι,μερίζω,v1srie---,lemming;morpheus
1,μεμεσεμβόληται,μεσεμβολέω,v3srie---,lemming;morpheus
0,μέμετεωρισμένοι,μετεωρίζω,v-prpe-n-,
1,μεμήκυσμαι,μηκύνω,v1srie---,lemming;morpheus
0,κμεμηκώς,μετεωρίζω,v-prpe-n-,
0,ἐμέμηλε,μέω,v3sria---,
0,κμεμήλῃ,μέω,v3srsa---,
1,μέμηνα,μαίνομαι,v1sria---,lemming;morpheus
1,μεμήνυκα,μηνύω,v1sria---,lemming;morpheus
1,μεμήνυται,μηνύω,v3srie---,lemming;morpheus
0,μεμηνώς,μαίνομαι,v-srpa-n-,
1,μεμηχάνημαι,μηχανάομαι,v1srie---,lemming;morpheus
1,μεμίαγκα,μιαίνω,v1sria---,morpheus
1,μεμίαμμαι,μιαίνω,v1srie---,morpheus
1,μεμιάνθαι,μιαίνω,v--rne---,lemming;morpheus
1,μεμίανται,μιαίνω,v3srie---,lemming;morpheus
1,μέμιγμαι,μίγνυμι,v1srie---,lemming;morpheus
1,μεμίμημαι,μιμέομαι,v1srie---,lemming;morpheus
1,μεμινυθήκασι,μινυθέω,v3pria---,lemming;morpheus
0,μεμίξομαι,μἑλίγνυμι,v1stie---,
1,μεμίσηκα,μισέω,v1sria---,lemming;morpheus
1,μεμίσημαι,μισέω,v1srie---,lemming;morpheus
1,μεμίσθωμαι,μισθόω,v1srie---,lemming;morpheus
0,μέμιχα,μἑλίγνυμι,v1sria---,
0,μεμναίατο,μιμνήσκω,v3proe---,
0,μέμναιμαιἩ,μιμνήσκω,v1srie---,
0,μέμναισο,μιμνήσκω,v2srme---,
1,μέμνεο,μιμνήσκω,v2srme---,morpheus
1,μεμνεώμεθα,μιμνήσκω,v1prse---,morpheus
0,μεμνέῳτο,μιμνήσκω,v3sroe---,
1,μέμνῃ,μιμνήσκω,v2srie---,lemming;morpheus
1,μέμνημαι,μιμνήσκω,v1srie---,lemming;morpheus
0,μεμνήμην,μιμνήσκω,v1sroe---,
1,μεμνημόνευκα,μνημονεύω,v1sria---,morpheus
0,μεμνῆσθαι,μιμνησκω,v--rne---,
0,μέμνησο,μιμνησκω,v2srme---,
1,μεμνήστευκα,μνηστεύω,v1sria---,lemming;morpheus
1,ἐμέμνητο,μιμνήσκω,v3slie---,lemming;morpheus
0,μεμν,μιμνήσκω,v3sroe---,
0,μεμνοῖο,μιμνήσκω,v2sroe---,
0,μεμνοῖτο,μιμνήσκω,v3sroe---,
1,μέμνωμαι,μιμνήσκω,v1srse---,morpheus
1,μεμνῷτο,μιμνήσκω,v3sroe---,lemming;morpheus
0,μεμογηώς,μογέω,v-srpa-n-,
1,μεμοίραται,μοιράω,v3srie---,morpheus
1,μεμοιχεῦσθαι,μοιχεύω,v--rne---,lemming;morpheus
1,μεμόλυγκα,μολύνω,v1sria---,morpheus
0,μέμονα,μάὁμαι, -αίνομαι,
0,μεμόρακται,μείρομαι,v3srie---,
0,μεμορυγμένα,μορύσσω,v-prpe-n-,
0,μεμουνωμένοι,μονόω,v-prpe-n-,
0,μεμούσωχε,μουσόω,v3sria---,
1,μεμύηται,μυέω,v3srie---,lemming;morpheus
1,μεμύθευκα,μυθεύω,v1sria---,lemming;morpheus
1,μεμύθευται,μυθεύω,v3srie---,lemming;morpheus
1,μέμυκα,μύω,v1sria---,lemming;morpheus
0,μεμύλλυμκε,μυλλάω,v3sria---,
0,μεμυστιλη,μυστιλάομαι,v-prpe-n-,
0,μεμφθείς,μέμφομαι,v-sapp-n-,
0,μέμψας,μέμφομαι,v-sapa-n-,
0,μέμψομαι,μέμφομαι,v1sfie---,
0,μεμωλυσμένα,μέμφομαι,v-prpe-n-,
0,μεμωραμμέναι,μωραίνω,v-prpe-n-,
0,ἐμενέμεν,μένω,v--pna---,
0,ἐμενεῦντι,μένω,v3pfia---,
1,μενθηριῶ,μενθηρίζω,v1sfia---,lemming;morpheus
1,μενοίνα,μενοινάω,v3siia---,lemming;morpheus
1,μενοινάᾳ,μενοινάω,v3spia---,morpheus
1,ἐμενοίνεον,μενοινάω,v1siia---,lemming;morpheus
0,ἐμενο,μενοινάω,v3spsa---,
0,ἐμενοινήσειε,μενοινάω,v3saoa---,
1,μενοίνησεν,μενοινάω,v3saia---,lemming;morpheus
1,μενοινήσωσι,μενοινάω,v3pasa---,lemming;morpheus
1,μενῶ,μένω,v1sfia---,lemming;morpheus
0,μερίξας,μερίζω,v-sapa-n-,
0,μεριοῦμαι,τ χ,v1sfie---,
0,μερισθήσομαι,τ χ,v1sfip---,
1,μερμήριξα,μερμηρίζω,v1saia---,lemming;morpheus
0,μεσεγγυηθέντα,μεσεγγυάω,v-sapp-a-,
1,μεσεγγυῆσαι,μεσεγγυάω,v--ana---,lemming;morpheus
0,μεσεγγυήσασθαι,μεσεγγυάω,v--ane---,
1,μεσολαβηθῆναι,μεσολαβέω,v--anp---,lemming;morpheus
0,μεσολαβήσας,μεσολαβέω,v-sapa-n-,
0,μεταρσιωθέν,μεταρσιίω,v-sapp-n-,
1,μετεωριῶ,μετεωρίζω,v1sfia---,lemming;morpheus
0,μετρήσαντες,μετρέω,v-papa-n-,
1,μήδετο,μήδομαι,v3siie---,lemming;morpheus
0,μήδοντο,μήδομαι,v3-iie---,
0,ἐμήνατο,μαίνομαι,v3saie---,
1,μηνῖσαι,μηνίω,v--ana---,lemming;morpheus
0,μηνιῷῶ,τ ν,v1sfia---,
1,μηνυθήσομαι,μηνύω,v1sfip---,lemming;morpheus
0,ἐμηρυσάμην,μηρύομαι,v1saie---,
0,ἐμήσατο,μήδομαι,v3saie---,
0,ἐμητιάασθαι,μητιάω,v--pne---,
0,ἐμητιάασθε,μητιάω,v2ppme---,
0,ἐμητιάασκον,μητιάω,v1siia---,
0,μητιάσομαι,μητιάω,v1sfie---,
0,ἐμητιόων,μητιάω,v-sppa-n-,
1,ἐμητιόωντο,μητιάω,v3piie---,morpheus
1,μητιόωσι,μητιάω,v3ppia---,morpheus
0,μητίσομαι,μητίομαι,v1sfie---,
1,μηχανάασθαι,μηχανάομαι,v--pne---,lemming;morpheus
1,μηχανάασθε,μηχανάομαι,v2ppie---,morpheus
0,μηχανάαται,μηχανάομαι,v3spse---,
1,μηχανήσομαι,μηχανάομαι,v1sfie---,morpheus
1,μηχανόωνται,μηχανάομαι,v3ppie---,morpheus
1,μηχανόωντο,μηχανάομαι,v3piie---,morpheus
1,μηχανόῳτο,μηχανάομαι,v3spoe---,morpheus
0,μιάνας,μιαίνω,v-sapa-n-,
1,μιανεῖ,μιαίνω,v3sfia---,lemming;morpheus
1,μιάνθην,μιαίνω,v1saip---,lemming;morpheus
1,μιανθήσομαι,μιαίνω,v1sfip---,lemming;morpheus
0,μιγήμεναι,μιαίνω,v--anp---,
0,μιγήσομαι,μιαίνω,v1sfip---,
0,μίγμενος,μιαίνω,v-sape-n-,
0,μίκτο,μιαίνω,v3saie---,
1,μιμηθήσομαι,μιμέομαι,v1sfip---,lemming
1,μιμήσομαι,μιμέομαι,v1sfie---,morpheus
0,μίμνασκον,μένω,,
1,μιμνήσκεο,μιμνήσκω,v2spme---,lemming;morpheus
1,μινυθῆσαι,μινυθέω,v--ana---,lemming;morpheus
1,μινυθήσω,μινυθέω,v1sfia---,lemming;morpheus
0,μίσγεαι,μινυθέω,v2spie---,
1,μισηθήσομαι,μισέω,v1sfip---,lemming;morpheus
0,μισήσομαι,μισέω,v1sfie---,
1,μισήσω,μισέω,v1sfia---,lemming;morpheus
1,μίσθωσον,μισθόω,v2sama---,lemming;morpheus
0,μιχθῇ,μἑλίγνυμι,v3sasp---,
0,μιχθήμεναι,μἑλίγνυμι,v--anp---,
0,μιχθῆσομαι,μἑλίγνυμι,v1sfip---,
0,μνάασθαι,μιμνήσκω,,
1,μνημονευθήσομαι,μνημονεύω,v1sfip---,lemming;morpheus
0,μνημονεύσομαι,μνημονεύω,v1sfie---,
0,μνησαίμην,μιμνήσκω,v1saoe---,
0,μνησάμενος,μιμνήσκω,v-sape-n-,
0,μνήσασθαι,μιμνήσκω,v--ane---,
0,μνησάσκετο,μιμνήσκω,v3saie---,
1,μνησάτω,μιμνήσκω,v3sama---,lemming;morpheus
1,μνησθῆναι,μιμνήσκω,v--anp---,lemming;morpheus
1,μνησθήσομαι,μιμνήσκω,v1sfip---,lemming;morpheus
0,μνήσομαι,μιμνήσκω,v1sfie---,
0,μνῆσω,μιμνήῆσκω,v1sfia---,
0,μνώμεθα,μιμνήῆσκω,v1piie---,
0,μνῶνται,μιμνήῆσκω,v3ppie---,
0,μνωόμενος,μιμνήῆσκω,v-sppe-n-,
0,μοιρηθεῖσα,μοιράω,v-sapp-n-,
1,μοιχευθῆναι,μοιχεύω,v--anp---,lemming;morpheus
1,μόλε,βλώσκω,v2sama---,lemming;morpheus
1,μολυνθήσομαι,μολύνω,v1sfip---,morpheus
0,μολών,βλώσκω,v-sapa-n-,
0,μονωθείς,μονδω,v-sapp-n-,
0,μόρησε,μείρομαι,v3saia---,
0,μορήσω,μείρομαι,v1sfia---,
0,μορμύξαντες,μορμύσσομαι,v-papa-n-,
0,μόρξαντο,ὀγμόργνυμι,v3paie---,
1,μορφωθῇ,μορφόω,v3sasp---,lemming;morpheus
0,μορφώσαντες,μορφόω,v-papa-n-,
1,μοτώσω,μοτόω,v1sfia---,lemming;morpheus
0,μουσωθείς,μουσόω,v-sapp-n-,
0,μοχθεῦντες,μοχθέω,v-pppa-n-,
1,μοχθήσειν,μοχθέω,v--fna---,lemming;morpheus
1,μόχλωσον,μοχλόω,v2sama---,lemming;morpheus
0,μυδώσας,μυδόω,v-sapa-n-,
0,μυζήσας,μυζάω,v-sapa-n-,
1,μυζήσω,μυζάω,v1sfia---,lemming
0,μυζῶσαι,μυζάω,v-pppa-n-,
0,μνηθείην,μυέῳ,v1saop---,
0,μυηθήσομαι,μυέῳ,v1sfip---,
0,μυθεῖ,μυθέομαι,v2spia---,
1,μυθέσκοντο,μυθέομαι,v3piie---,lemming;morpheus
1,μυθήσατο,μυθέομαι,v3saie---,morpheus
1,μυθήσομαι,μυθέομαι,v1sfie---,morpheus
1,μύκεσκε,μυκάομαι,v3saia---,morpheus
1,μυκήσομαι,μυκάομαι,v1sfie---,morpheus
0,μύχον,μυκάομαι,v1saia---,
0,ἐνεάσαι,μύσσομαι,v--ana---,
0,βνέεσθαι,μύσσομαι,v--pne---,
0,νέεσθε,μύσσομαι,v2ppie---,
0,νεῖ,μύσσομαι,v3spia---,
0,πνεικείῃσι,μύσσομαι,v3spsa---,
0,πνείκεσα,μύσσομαι,v1saia---,
0,ἐνεῖμα,μύσσομαι,v1saia---,
0,νεῖν,μύσσομαι,v--pna---,
0,νεῖσθε,μύσσομαι,v2ppie---,
1,νείψω,νείφω,v1sfia---,lemming
0,νεκχρ,νεχρόω,v--anp---,
0,νεμεῖ,νέμω,v2sfie---,
0,ἐνεμέομαι,νέμω,v1sfie---,
1,νεμέσα,νεμεσάω,v2spma---,lemming;morpheus
0,ἡνεμέσασκε,νεμεσάω,v3siia---,
1,νεμέσησα,νεμεσάω,v1saia---,lemming;morpheus
0,νεμεσήσεαι,νεμεσάω,v2sfie---,
0,νεμεσήσομαι,νεμεσάω,v1sfie---,
1,νεμεσήσω,νεμεσάω,v1sfia---,lemming;morpheus
1,νεμεσσᾷ,νεμεσάω,v3spia---,lemming;morpheus
1,νεμέσσα,νεμεσάω,v2spma---,lemming;morpheus
0,νεμέσσαιτο,νεμεσάω,v3saoe---,
1,ἐνεμέσσηθεν,νεμεσάω,v3paip---,lemming;morpheus
0,ἐἡνεμηθήσομαι,νέμω,v1sfip---,
0,νεμήσομαι,νέμω,v1sfie---,
1,νεμήσω,νέμω,v1sfia---,lemming;morpheus
1,νέμοντο,νέμω,v3piie---,lemming;morpheus
0,νεμοῦμαι,νέμω,v1sfie---,
1,νεμῶ,νέμω,v1sfia---,lemming;morpheus
0,νεναγμένη,νάττω,v-srpe-n-,
0,νεναρκηκυῖα,ναρχάω,v-srpa-n-,
0,νένασται,νάττω,v3srie---,
1,νένασται,ναίω,v3srie---,lemming
0,νεναυπηγημένη,ναυπηγέω,v-srpe-n-,
0,νεναυσίαχα,ναὺς νάω,v1sria---,
1,νεναυστόληκα,ναυστολέω,v1sria---,lemming;morpheus
0,νενεᾶν,νεανιεύομαι,v-prpe-d-,
0,νενέαται,γέω,v3prie---,
1,νενεκρῶσθαι,νεκρόω,v--rne---,lemming;morpheus
1,νενέμηκα,νέμω,v1sria---,lemming;morpheus
1,νενεμῆσθαι,νέμω,v--rne---,lemming;morpheus
1,νένευκα,νέω,v1sria---,lemming;morpheus
1,νένευκα,νεύω,v1sria---,lemming;morpheus
0,νενεωλκημένα,νεωλκέω,v-prpe-n-,
0,νενησμένος,νέω,v-srpe-n-,
0,νενῆχθαι,νήχω,v--rne---,
1,νενίκηκα,νικάω,v1sria---,lemming;morpheus
1,νένιμμαι,νίζω,v1srie---,lemming;morpheus
1,νενόηθι,νοέω,v2srma---,lemming
1,νενόηκα,νοέω,v1sria---,lemming;morpheus
1,νενόημαι,νοέω,v1srie---,lemming;morpheus
1,νενομίδαται,νομίζω,v3prie---,morpheus
1,νενόμικα,νομίζω,v1sria---,lemming;morpheus
1,νενόμισμαι,νομίζω,v1srie---,lemming;morpheus
1,νενομίχθαι,νομίζω,v--rne---,morpheus
0,νενοσηκός,νοσέω,v-srpa-n-,
0,νενόσφ,νοσφίζω,v1srie---,
1,νενόωται,νοόω,v3srie---,lemming;morpheus
0,νένυγμαι,νύττω,v1srie---,
1,νένωμαι,νοέω,v1srie---,lemming;morpheus
1,νεοίμην,νέομαι,v1spoe---,lemming;morpheus
1,νέομεν,νέω,v1ppia---,lemming;morpheus
0,νεόμην,νέομαι,v1-iie---,
1,νέον,νέω,v1siia---,morpheus
0,νεύμενος,νέομαι,v-sppe-n-,
1,νεῦσα,νεύω,v1saia---,lemming;morpheus
1,νεῦσαι,νέω,v--ana---,lemming;morpheus
0,νεύσομαι,νέω,v1sfie---,
0,νεύσομαι,νεύω,v1sfie---,
1,νεύσω,νεύω,v1sfia---,lemming;morpheus
1,νεώμεθα,νέομαι,v1ppse---,lemming;morpheus
0,νέων,νέω,v-sppa-n-,
1,νεωτεριῶ,νεωτερίζω,v1sfia---,lemming;morpheus
0,γηῆσαι,νἡγέω,v--ana---,
0,γήησαν,νἡγέω,v3paia---,
0,γηησάσθω,νἡγέω,v3same---,
0,γηήσεται,νἡγέω,v3sfie---,
0,νηθέντα,νέω,v-papp-n-,
0,νηξαμένη,νήχω,v-sape-n-,
0,νήξομαι,νήχω,v1sfie---,
1,νήξω,νήχω,v1sfia---,lemming;morpheus
1,νῆσαι,νέω,v--ana---,lemming;morpheus
0,νησάμενος,νέω,v-sape-n-,
0,νήσομαι,νέω,v1sfie---,
0,νγήσω,νέω,v1sfia---,
0,γήσω,νέω,v1sfia---,
1,νηχέμεναι,νήχω,v--pna---,lemming;morpheus
1,νήχοντο,νήχω,v3piie---,lemming;morpheus
0,νήψω,νήω,v1sfia---,
1,νίκα,νικάω,v3siia---,lemming;morpheus
1,νικαθῇ,νικάω,v3sasp---,morpheus
0,νικαξοῦμαι,νικάω,v1sfie---,
1,νικάσκομεν,νικάω,v1piia---,lemming;morpheus
0,νικηθέντες,νικάω,v-papp-n-,
1,ἐνίκησε,νικάω,v3saia---,lemming;morpheus
0,νυκήσομαι,νικάω,v1sfie---,
1,νικήσω,νικάω,v1sfia---,lemming;morpheus
0,νυκῷ,νικάω,v3spoa---,
0,νυκῷεν,νικάω,v3ppoa---,
0,νις,νικάω,v1spoa---,
0,νίσεο,νἰσίομαι,v2spme---,
0,νίσεται,νἰσίομαι,v3spie---,
0,νίσηται,νἰσίομαι,v3spse---,
0,νίσονται,νἰσίομαι,v3ppie---,
0,νίσοντο,νίσσομαι,v3piie---,
1,νίσσει,νίσσομαι,v2spie---,lemming;morpheus
1,νίσσετο,νίσσομαι,v3siie---,lemming;morpheus
0,νιφέμεν,νϊφω,v--pna---,
0,νιφήσομαι,νίζω,,
1,νίψω,νίφω,v1sfia---,morpheus
0,ἐνοεῦντες,νοέω,v-pppa-n-,
1,νοηθήσομαι,νοέω,v1sfip---,lemming;morpheus
1,ἐνόησα,νοέω,v1saia---,lemming;morpheus
0,νογσάμενος,νοέω,v-sape-n-,
0,νομιοῦμαι,νομίζω,v1sfie---,
1,νομιοῦμεν,νομίζω,v1pfia---,lemming;morpheus
1,ἐνόμισα,νομίζω,v1saia---,lemming;morpheus
1,νομισθήσομαι,νομίζω,v1sfip---,lemming;morpheus
1,νομίσω,νομίζω,v1sfia---,lemming;morpheus
1,νοσῆσαι,νοσέω,v--ana---,lemming;morpheus
0,νοστήσατο,νοστέω,v3saie---,
1,νοστήσομεν,νοστέω,v1pfia---,lemming;morpheus
0,νοσφ,νοσφίζω,v-sapp-n-,
0,νοσφισσάμην,νοσφίζω,v1saie---,
0,ἵνοσφ,νοσφίζω,v1sfie---,
0,νοσφ,νοσφίζω,v1sfia---,
1,νουθετηθῆναι,νουθετέω,v--anp---,lemming;morpheus
0,νοωθεῖσα,νοόω,v-sapp-n-,
0,νυγείη,νύττω,v3saop---,
0,νυγείς,νύττω,v-sapp-n-,
0,νυμφεύσομαι,νυμφεύω,v1sfie---,
0,νύξ,νύττω,v3saia---,
0,νύσσεν,νύττω,v3siia---,
0,νυστάξω,νύττω,v1sfia---,
0,νυχεύσω,νύττω,v1sfia---,
0,νυχθῆναι,νύττω,v--anp---,
0,νωμάσας,νύττω,v-sapa-n-,
0,γώμασχε,νύττω,v3siia---,
0,πνωμάσοισι,νύττω,v3pfia---,
1,νώμησαν,νωμάω,v3paia---,lemming;morpheus
0,νωσάμενος,νοέω,v-sape-n-,
0,νῶσι,νέω,v3ppia---,
1,νωτίσαι,νωτίζω,v--ana---,lemming;morpheus
0,ξανήύσω,ξανάω,v1sfia---,
1,ξανῶ,ξαίνω,v1sfia---,lemming;morpheus
0,ξε,ξεἡνίζω,v1saia---,
0,ξενισθείς,ξεἡνίζω,v-sapp-n-,
0,ξενίσω,ξεἡνίζω,v1sfia---,
0,ξενώσεται,ξενόω,v3sfie---,
1,ξέσα,ξέω,v1saia---,lemming;morpheus
1,ξεσθῆναι,ξέω,v--anp---,lemming
1,ξέσω,ξέω,v1sfia---,lemming
1,ξηρᾶναι,ξηραίνω,v--ana---,lemming;morpheus
0,ξῃρανθήσομαι,ξηραίνω,v1sfip---,
0,ξηρανοῦμαι,ξηραίνω,v1sfie---,
1,ξηρανῶ,ξηραίνω,v1sfia---,lemming;morpheus
0,ξυλισάμενος,ξυλίζομαι,v-sape-n-,
0,ξῦν,ξω,v3piia---,
0,ξύρας,ξυρέω,,
1,ξῦσαι,ξύω,v--ana---,lemming;morpheus
0,ξύσας,ξύω,v-sapa-n-,
0,ξύσασθαι,ξύω,v--ane---,
0,ξυσθείς,ξύω,v-sapp-n-,
1,ξύσω,ξύω,v1sfia---,lemming
0,οἷἴήσομαι,οἴομαι,v1sfie---,
0,οῖκα,οἴομαι,v1sria---,
0,οἴκατε,οἴομαι,v2pria---,
1,οἰκέαται,οἰκέω,v3prie---,morpheus
1,οἰκείη,οἰκέω,v3spoa---,lemming
0,ποἴκεις,οἰκέω,v-sppa-n-,
0,ποΐκεον,οἰκέω,v1siia---,
0,οἰκήσομαι,οἰκέω,v1sfie---,
1,οἰκήσω,οἰκέω,v1sfia---,lemming;morpheus
0,οἰκιοῦμαι,οἰκίζω,v1sfie---,
1,ἐοἴκισα,οἰκίζω,v1saia---,lemming
1,οἰκισθήσομαι,οἰκίζω,v1sfip---,lemming;morpheus
0,ἐοἴκισμαι,οἰκίζω,v1srie---,
0,οἱκ,οἰκίζω,v1sfia---,
1,οἰκοδομηθήσεται,οἰκοδομέω,v3sfip---,lemming;morpheus
0,οἰκοδομημένοι,οἰκοδομέω,v-prpe-n-,
1,οἴκτἑἰρα,οἰκτείρω,v1saia---,lemming
1,οἰκτειρηθῆναι,οἰκτείρω,v--anp---,lemming
1,οἰκτειρήσω,οἰκτείρω,v1sfia---,lemming
1,οἰκτιρῶ,οἰκτείρω,v1sfia---,lemming
1,οἰκτιῶ,οἰκτίζω,v1sfia---,lemming;morpheus
0,οἰκώς,ἔοικα,v-srpa-n-,
0,οἵμην,ἴημι,v1saoe---,
1,οἴμησεν,οἰμάω,v3saia---,lemming;morpheus
0,οἴμωγμαι,οἰμώζω,v1srie---,
0,οἰμώξομαι,οἰμώζω,v1sfie---,
1,οἰμώξω,οἰμώζω,v1sfia---,lemming;morpheus
0,οἰμωχθείς,οἰμώζω,v-sapp-n-,
0,οἰνοποίηκα,οἰνοποιξω,v1sria---,
1,οἰνοχόει,οἰνοχοέω,v3siia---,lemming;morpheus
0,οἰνοχοεῦσα,οἰνοχοέω,v-sppa-n-,
1,οἰνοχοήσω,οἰνοχοέω,v1sfia---,morpheus
0,οἶντο,ἴημι,v3paoe---,
0,οἰνωθθήσομαι,οἰνόω,v1sfip---,
0,οἰνωμένος,οἰνόω,v-srpe-n-,
0,οἴξας,οἵἴγνυμι,v-sapa-n-,
1,οἴξω,οἴγω,v1sfia---,lemming;morpheus
1,οἴοιτο,οἴομαι,v3spoe---,lemming;morpheus
0,ὀίσατο,οἴομαι,v3saie---,
1,οἶσε,φέρω,v2spma---,lemming;morpheus
1,οἰσθήσομαι,φέρω,v1sfip---,lemming;morpheus
0,ὀισσάμενος,οἴομαι,v-sape-n-,
0,οἶσται,φέρω,v3srie---,
1,οἴστρησα,οἰστράω,v1saia---,lemming;morpheus
1,οἰστρήσω,οἰστράω,v1sfia---,morpheus
1,οἴσω,φέρω,v1sfia---,lemming;morpheus
0,οἶχε,οἴχομαι,v2spme---,
1,οἴχεαι,οἴχομαι,v2spie---,lemming;morpheus
1,οἴχημαι,οἴχομαι,v1srie---,lemming;morpheus
1,οἰχήσομαι,οἴχομαι,v1sfie---,morpheus
0,οἰχθέντος,οἴγω,v-sapp-g-,
1,οἰχόμην,οἴχομαι,v1siie---,lemming;morpheus
1,οἴχωκα,οἴχομαι,v1sria---,lemming;morpheus
0,οἰχωκώς,οἴχομαι,v-sppa-n-,
1,οἰώθη,οἰόομαι,v3saip---,lemming
1,οἰωνιζόμην,οἰωνίζομαι,v1siie---,lemming;morpheus
1,οἰωνίσαιτο,οἰωνίζομαι,v3saoe---,morpheus
1,ὀκνήσω,ὀκνέω,v1sfia---,lemming;morpheus
0,ὀλέεσθε,ὄλλυμι,v2pfie---,
0,ὁλέεσκον,ὄλλυμι,v1siia---,
1,ὀλεῖ,ὄλλυμι,v3sfia---,lemming;morpheus
0,ὀλιγωθέσεται,ὀλιγόω,v3sfip---,
0,ὀλιγῴσειι,ὀλιγόω,v2sfia---,
1,ὀλισθεῖν,ὀλισθάνω,v--ana---,lemming;morpheus
0,ὀλισθέσω,ὀλισθάνω,v1sfia---,
0,ὀλισθών,ὀλισθάνω,v-sapa-n-,
0,ὄλκασον,ὁλκάζω,v2sama---,
0,ὀλλύς,ὄλλυμι,v-sppa-n-,
0,ὅλοιντο,ὄλλυμι,v3paoe---,
0,ὀλοκαυτῶσαι,ὁλοκαυτόω,v--ana---,
1,κὀλόλυξα,ὀλολύζω,v1saia---,lemming
0,ὀλολύξομαι,ὀλολύζω,v1sfie---,
1,ὀλολύξω,ὀλολύζω,v1sfia---,lemming;morpheus
0,ὀλόμενος,ὄλλυμι,v-sape-n-,
0,κὀλόμην,ὄλλυμι,v1saie---,
0,ὀλοῦμαι,ὄλλυμι,v1sfie---,
0,κὀλοφύραο,ὀλοφύρομαι,v2saie---,
1,ὀλοφύρατο,ὀλοφύρομαι,v3saie---,morpheus
0,ὀλοφυρθείς,ὀλοφύρομαι,v-sapp-n-,
1,ὀλοφυροῦμαι,ὀλοφύρομαι,v1sfie---,morpheus
1,ὅλωλα,ὄλλυμι,v1sria---,lemming
1,ὀλώλειν,ὄλλυμι,v1slia---,morpheus
1,ὁμαλίσω,ὁμαλίζω,v1sfia---,morpheus
0,ὅμαρτεν,ὁμαρτέω,v3saia---,
1,ὁμαρτήσειεν,ὁμαρτέω,v3saoa---,lemming;morpheus
0,ὀνόπγνα,ὀνομαίνω,v1saia---,
0,ὀνόσασθαι,δα ΜἝΝΦ,v--ane---,
0,ὀνόσομαι,δα ΜἝΝΦ,v1sfie---,
0,ὀνμαα,ὀνομέζω,v1saia---,
0,ὀνυμάξει,δι ΔΝ,v3sfia---,
0,ἰὀνυμάξομαι,δι ΔΝ,v1sfie---,
1,ὀξῦναι,ὀξύνω,v--ana---,lemming;morpheus
0,ὀξυνθέσομαι,ὀξύνω,v1sfip---,
0,ὀπάσσατο,ὀὁπάζω,v3saie---,
0,ὁπάσω,ὀὁπάζω,v1sfia---,
0,ὀπιυτεύσε,ὀπιπτεύω,v-sapa-n-,
0,ὁπλιοῦμαι,ὁπλίξω,v1sfie---,
0,ὁπλίσσατο,ὀπλίζω,v3saie---,
0,ὀπτᾶντες,ὀπτάω,v-pppa-n-,
0,ὀπτεύμενος,ὀπτάω,v-sppe-n-,
1,ὀπτηθῆναι,ὀπτάω,v--anp---,lemming;morpheus
0,ὀπτήσαντες,ὀπτάω,v-papa-n-,
0,ὀπτήσομαι,ὀπτάω,v1sfie---,
1,ὀπτήσω,ὀπτάω,v1sfia---,lemming;morpheus
0,ὀπυασθώμεθα,ὀπυάζομαι,v1pasp---,
0,ὀπύσομαι,ὀπυῇω,v1sfie---,
0,ὀπύσω,ὀπυῇω,v1sfia---,
0,ὅπωα,ὁράω,,
0,ὀπωριεῦντες,ὀπωρίζω,v-pfpa-n-,
0,ὀπωριξάμην,ὀπωρίζω,v1saie---,
0,ὀπωρίξασθαι,ὀπωρίζω,v--ane---,
1,ὀπωρίσω,ὀπωρίζω,v1sfia---,morpheus
1,ὅρα,ὁράω,v3siia---,morpheus
0,δρᾷ,ὁράω,v3spia---,
0,δράας,ὁράω,v2spia---,
0,δραθῆναι,ὁράω,v--anp---,
0,ὁραθήσομαι,ὁράω,v1sfip---,
1,ὁρᾶν,ὁράω,v--pna---,lemming;morpheus
0,ὀρᾶτο,ὁράω,v3siie---,
0,ὀργανῷῶ,ὀργαίνω,v1sfia---,
1,ὀργάσαι,ὀργάζω,v--ana---,lemming;morpheus
0,ὀργάσασθαι,ὀργάζω,v--ane---,
1,ὄργασον,ὀργάζω,v2sama---,lemming;morpheus
0,ὀργηκότες,ὄργάω,v-prpa-n-,
0,ὀργιοῦμαι,ὀργίζω,v1sfie---,
1,ὀργίσαι,ὀργίζω,v--ana---,lemming;morpheus
1,ὀργισθῆναι,ὀργίζω,v--anp---,lemming;morpheus
1,ὀργισθήσομαι,ὀργίζω,v1sfip---,lemming;morpheus
0,ὀργῶ,ὀργίζω,v1sfia---,
0,ὀρεῖται,ὄρνυμι,v3sfie---,
1,ὀρέξαι,ὀρέγω,v--ana---,lemming;morpheus
0,ὄρεξαι,ὀρέγω,v2same---,
0,ὀρεξάμενος,ὀρέγω,v-sape-n-,
0,ὄρεξν,ὀρέγω,v2sama---,
1,ὀρέξω,ὀρέγω,v1sfia---,lemming;morpheus
0,ὀρέοντο,ὄρνυμι,v3piie---,
0,ὀρεχθείη,ὁρέγω,v3saop---,
0,ὁρεχθῆναι,ὁρέγω,v--anp---,
1,ὁρῇ,ὁράω,v3spia---,morpheus
1,ὅρηαι,ὁράω,v2spie---,lemming;morpheus
0,ὄρηται,ὄρνυμι,v3sase---,
0,ὄρθαι,ὄρνυμι,v--ane---,
0,ὀρθωθείς,ὀρθόω,v-sapp-n-,
1,ὀρθωθῇ,ὀρθόω,v3sasp---,lemming;morpheus
1,ὀρθῶσαι,ὀρθόω,v--ana---,lemming;morpheus
0,ὀρθώσατο,ὀρθόω,v3saie---,
1,ὀριγνήσομαι,ὀριγνάομαι,v1sfie---,morpheus
1,ὀρίνθην,ὀρίνω,v1saip---,lemming;morpheus
0,ὁριοῦμαι,ὀρίζω,v1sfie---,
0,ὁρισθήσομαι,ὀρίζω,v1sfip---,
0,ὁρίσω,ὀρίζω,v1sfia---,
0,ὅρμαον,ὁρμάω,v2sama---,
0,ὀρμάσω,ὁρμάω,v1sfia---,
1,ὁρμέαται,ὁρμάω,v3prie---,morpheus
1,ὁρμέατο,ὁρμάω,v3plie---,morpheus
0,ὄρμενος,ὄρνυμι,v-sape-n-,
1,ὁρμηθήσομαι,ὁρμάω,v1sfip---,lemming;morpheus
0,ὁρμήσομαι,ὁρμάω,v1sfie---,
1,ὁρμήσω,ὁρμάω,v1sfia---,lemming;morpheus
0,ὁρμιοῦμαι,ὁρμίζω,v1sfie---,
0,δὁρμίσσω,ὁρμίζω,v1sfia---,
1,κὄρνυθι,ὄρνυμι,v2spma---,lemming
0,κὀρνύμενἁι,ὄρνυμι,v--pna---,
1,ὅρνυτε,ὄρνυμι,v2ppma---,lemming
1,ἐὀρόθυνα,ὀροθύνω,v1saia---,lemming
0,εὀρόθυνεν,ὀροθύνω,v3siia---,
1,κὀρόθυνον,ὀροθύνω,v2sama---,lemming
0,ὁροθυνῶ,ὀροθύνω,v1sfia---,
0,ὁρόμενος,ὄρνυμι,v-sape-n-,
0,ὄροντο,ὄρνυμι,v3piie---,
0,ὄρουσα,ὀρύω,v1saia---,
1,ὀτρυνέμεν,ὀτρύνω,v--pna---,lemming;morpheus
1,ὀτρυνέω,ὀτρύνω,v1sfia---,lemming;morpheus
1,ὀτρύνῃσι,ὀτρύνω,v3sasa---,lemming;morpheus
1,ὄτρυνον,ὀτρύνω,v1siia---,lemming;morpheus
1,ὄτρυνον,ὀτρύνω,v2sama---,lemming;morpheus
0,οὗ,ἴημι,v2same---,
0,οὐδεΐσαντες,οὐδεΐζω,v-papa-n-,
1,οὐνομανέω,ὀνομαίνω,v1sfia---,lemming
0,οὔρεον,οὐρέω,v1piia---,
1,οὐρήθην,οὐρέω,v1saip---,lemming;morpheus
1,οὐρήκειν,οὐρέω,v1slia---,morpheus
1,οὔρησα,οὐρέω,v1saia---,lemming;morpheus
0,οὐρήσομαι,οὐρέω,v1sfie---,
1,οὐρήσω,οὐρέω,v1sfia---,lemming;morpheus
1,οὔρισα,οὐρίζω,v1saia---,lemming;morpheus
1,οὐριῶ,οὐρίζω,v1sfia---,lemming;morpheus
0,οὖσα,εἰμί,v-sppa-n-,
1,οὐτᾷ,οὐτάω,v3spia---,lemming;morpheus
0,οὗτα,οὐτάω,v3saia---,
1,οὔταε,οὐτάω,v2spma---,lemming;morpheus
0,οὐτάμενἁ,οὐτάω,v--ana---,
0,οὐτάμενος,οὐτάω,v-sape-n-,
1,οὕτασα,οὐτάω,v1saia---,lemming
0,οὐτασθείς,οὐτάω,v-sapp-n-,
1,οὕτασκε,οὐτάω,v3siia---,lemming
1,οὔτασται,οὐτάω,v3srie---,lemming
1,οὐτάσω,οὐτάω,v1sfia---,lemming
0,οὐτηθείς,οὐτάω,v-sapp-n-,
1,οὔτησα,οὐτάω,v1saia---,lemming;morpheus
1,οὐτήσασκε,οὐτάω,v3saia---,lemming;morpheus
0,ὀφειλέσω,ὀφείλω,v1sfia---,
1,ὀφείλετο,ὀφείλω,v3siie---,lemming;morpheus
0,ὀφειληθείς,ὀφείλω,v-sapp-n-,
1,ὀφέλλειεν,ὀφέλλω,v3paoa---,lemming
1,ὀφελλέμεν,ὀφέλλω,v--pna---,lemming;morpheus
1,ὀφέλλετο,ὀφέλλω,v3siie---,lemming;morpheus
1,ὄφελλον,ὀφέλλω,v1siia---,lemming;morpheus
0,παοδεῖν,ὀφέλλω,v--ana---,
0,παρδήσομαι,ὀφέλλω,v1sfie---,
1,παρενόμησα,παρανομέω,v1saia---,lemming;morpheus
1,παρενόμουν,παρανομέω,v1siia---,morpheus
0,παρηγορέεσχε,παρηγορέω,v3siia---,
1,παρηγόρησα,παρηγορέω,v1saia---,lemming;morpheus
0,παρηγορήσομαι,παρηγορέω,v1sfie---,
1,παρηγορήσω,παρηγορέω,v1sfia---,lemming;morpheus
0,παρηνομήθην,παρανομξω,v1saip---,
0,παρηνόμηκα,παρανομξω,v1sria---,
0,παρηνομήκειν,παρανομξω,v1slia---,
0,πυρηνόμησα,παρανομξω,v1saia---,
0,πχρηνόμουν,παρανομξω,v1siia---,
1,παρρησιασθήσομαι,παρρησιάζομαι,v1sfip---,lemming
0,παροησιάσομαι,παρρησιάζομαι,v1sfie---,
0,πάσαι,πάττω,v--ana---,
0,πασαμένα,πατέομαι,v-pape-n-,
0,πασάμην,πατέομαι,v1saie---,
0,πάσασθαι,πατέομαι,v--ane---,
0,πασθησόμενος,πάττω,v-sfpp-n-,
0,πάσομαι,πάομαι,v1sfie---,
0,πάσομαι,πατέομαι,v1sfie---,
0,πάσσασθαι,πατέομαι,v--ane---,
0,πάσω,πάττω,v1sfia---,
0,πατάνεσκον,παταγέω,v1siia---,
1,πατάξαι,πατάσσω,v--ana---,lemming;morpheus
1,πάταξον,πατάσσω,v2sama---,lemming;morpheus
1,πατάξω,πατάσσω,v1sfia---,lemming;morpheus
1,παταχθήσομαι,πατάσσω,v1sfip---,lemming;morpheus
0,πατηθέντες,πατέω,v-papp-n-,
0,πατήσομαι,πατέω,v1sfie---,
1,πατήσω,πατέω,v1sfia---,lemming;morpheus
1,ἐπαύεσκον,παύω,v1siia---,lemming
1,ἐπαύετο,παύω,v3siie---,lemming;morpheus
1,ἐπαύθην,παύω,v1saip---,lemming;morpheus
1,παῦσα,παύω,v1saia---,lemming;morpheus
1,παύσαι,παύω,v3saoa---,lemming;morpheus
1,παῦσαι,παύω,v--ana---,lemming;morpheus
0,παύσαιτο,παύω,v3saoe---,
0,παυς,παύω,v1sfip---,
0,παύσομαι,παύω,v1sfie---,
1,παύσω,παύω,v1sfia---,lemming;morpheus
1,παχθῇ,πήγνυμι,v3sasp---,lemming
1,παχυνθῇ,παχύνω,v3sasp---,lemming;morpheus
0,πεδηθείς,πεδάω,v-sapp-n-,
0,πίδησεν,πεδάω,v3saia---,
0,πειιθέμεν,πείθω,v--pna---,
0,πείθο,πείθω,v2spme---,
1,πεῖθον,πείθω,v1siia---,lemming;morpheus
0,ὶ,πέκω,v--pna---,
1,πείκετε,πέκω,v2ppma---,lemming;morpheus
0,ἐπεῖν,πίνω,v--ana---,
0,ἐπεινᾶμες,πεινάω,v1ppia---,
1,πεινάσω,πεινάω,v1sfia---,lemming;morpheus
1,πεινῆν,πεινάω,v--pna---,lemming;morpheus
1,πεινῇς,πεινάω,v2spia---,lemming;morpheus
1,πείρα,πειράω,v2spma---,lemming;morpheus
1,πεῖρα,πείρω,v1saia---,lemming;morpheus
0,πειραθείς,πειράω,v-sapp-n-,
1,πειραθῆναι,πειράω,v--anp---,lemming;morpheus
1,πειραθήσομαι,πειράω,v1sfip---,lemming;morpheus
0,πειράξωη,πειράω,v1sfia---,
0,πειρασάμενος,πειράω,v-sape-n-,
0,πειρασεῖσθε,πειράω,v2pfie---,
0,πειράσομαι,πειράω,v1sfie---,
1,πείρασον,πειράω,v2sama---,lemming;morpheus
1,πειράσω,πειράω,v1sfia---,lemming;morpheus
0,ἐπειρηθείην,πειράω,v1saop---,
0,ἐπειρηθῆναι,πειράω,v--anp---,
0,ἐπειρήναντε,πειραίνω,v-dapa-n-,
0,πειρήνας,περαίνω,v-sapa-n-,
1,πείρησα,πειράω,v1saia---,lemming;morpheus
0,πειρήσομαι,πειράω,v1sfie---,
1,πειρήσω,πειράω,v1sfia---,lemming;morpheus
0,ἐπείσαις,πείθω,v-sapa-n-,
0,ἐπείσεαι,πείθω,v2sfie---,
1,πείσειε,πείθω,v3saoa---,lemming;morpheus
1,πεισέμεν,πείθω,v--fna---,lemming;morpheus
1,πεισθῆναι,πείθω,v--anp---,lemming;morpheus
1,πεισθήσομαι,πείθω,v1sfip---,lemming;morpheus
0,πείσοιτο,πείθω,v3sfoe---,
0,πείσομαι,πάσχω,v1sfie---,
0,πείσομαι,πείθω,v1sfie---,
1,πείσω,πείθω,v1sfia---,lemming;morpheus
1,πέλα,πελάω,v2spma---,lemming;morpheus
1,πελάαν,πελάω,v--pna---,morpheus
1,πελάει,πελάω,v3spia---,lemming;morpheus
1,ἐπέλαζε,πελάζω,v3siia---,lemming;morpheus
1,πέλασα,πελάζω,v1saia---,lemming;morpheus
0,πελασαίατο,πελάζω,v3paoe---,
0,πελάσασθαι,πελάζω,v--ane---,
0,πελασθείς,πελάζω,v-sapp-n-,
0,πέλασθεν,πελάζω,v3-aip---,
1,πελασθῆναι,πελάζω,v--anp---,lemming;morpheus
0,πελάσσαι,πελάω,v--ana---,
1,πελάσω,πελάζω,v1sfia---,lemming;morpheus
1,πέλε,πέλω,v2spma---,lemming;morpheus
1,πέλει,πέλω,v2spie---,lemming;morpheus
1,πέλει,πέλω,v3spia---,lemming;morpheus
1,πέλεις,πέλω,v2spia---,lemming;morpheus
1,πελέμεναι,πέλω,v--pna---,lemming;morpheus
1,πελεμιζέμεν,πελεμίζω,v--pna---,lemming;morpheus
1,πελεμίζετο,πελεμίζω,v3siie---,lemming;morpheus
0,πέλεσθε,πελεμίζω,v2ppie---,
0,πέλοι,πελεμίζω,v3spoa---,
0,πελόμεσθα,πελεμίζω,v1-pie---,
0,ἐπέλον,πελεμίζω,v1siia---,
0,ἐπέλονται,πελεμίζω,v3ppie---,
0,ἐπέλουσα,πελεμίζω,v-sppa-n-,
0,ἐπελῶ,πελιαω,v1sfia---,
0,ἐπελώμεθα,πέλω,v1pase---,
1,πέμπον,πέμπω,v1siia---,lemming;morpheus
1,πεμφθῆναι,πέμπω,v--anp---,lemming;morpheus
1,πέμψα,πέμπω,v1saia---,lemming;morpheus
0,πέμψασθαι,πέμπω,v--ane---,
1,πεμψέμεναι,πέμπω,v--fna---,lemming;morpheus
0,πέμψομαι,πέμπω,v1sfie---,
1,πέμψω,πέμπω,v1sfia---,lemming;morpheus
0,πενηθεῖς,πενέω,v-sapp-n-,
1,πενθείετον,πενθέω,v2dpia---,lemming
1,πενθήμεναι,πενθέω,v--pna---,lemming;morpheus
1,πενθήσω,πενθέω,v1sfia---,lemming;morpheus
1,πένοντο,πένομαι,v3piie---,lemming;morpheus
0,πενωθείς,πένομαι,v-sapp-n-,
0,πέξασθαι,πέκω,v--ane---,
0,πέξηται,πέκω,v3sase---,
1,πέπαγα,πήγνυμι,v1sria---,lemming
1,πεπαγοίην,πήγνυμι,v1sroa---,lemming
0,πεπαθυῖαχ,πήγνυμι,v-srpa-n-,
1,πέπαιγμαι,παίζω,v1srie---,lemming;morpheus
1,πεπαιδαγώγηκα,παιδαγωγέω,v1sria---,lemming;morpheus
1,πεπαιδαγώγημαι,παιδαγωγέω,v1srie---,lemming;morpheus
1,πεπαίδευκα,παιδεύω,v1sria---,lemming;morpheus
1,πεπαίδευμαι,παιδεύω,v1srie---,lemming;morpheus
1,πέπαικα,παίω,v1sria---,lemming;morpheus
1,πεπαίσθω,παίζω,v3srme---,lemming;morpheus
1,πέπαισμαι,παίζω,v1srie---,lemming;morpheus
1,πέπαισμαι,παίω,v1srie---,lemming;morpheus
1,πέπαιχα,παίζω,v1sria---,lemming;morpheus
1,πεπαῖχθαι,παίζω,v--rne---,lemming;morpheus
0,πεπάλαγμαι,παλᾶάσσω,v1srie---,
1,πεπάλαικα,παλαιός,v1sria---,lemming
0,πεπάλαισμαι,παλαιός,v1srie---,
0,πεπαλαιῶσθαι,παλαιόω,v--pne---,
1,πεπάλακτο,παλάσσω,v3slie---,lemming;morpheus
0,ἱπεπαλάσθαι,παλάσσω,v--pne---,
0,πεπᾶάλασθε,παλάσσω,v2prie---,
1,πέπαλμαι,πάλλω,v1srie---,lemming;morpheus
0,πεπαλών,πάλλω,v-sapa-n-,
1,πέπαμαι,πάομαι,v1srie---,lemming;morpheus
0,πεπαμένος,πάομαι,v-srpe-n-,
0,πεπάνθαι,πεπαίνω,v--rne---,
1,πεπανθήσομαι,πεπαίνω,v1sfip---,lemming;morpheus
1,πεπανούργηκα,πανουργέω,v1sria---,lemming;morpheus
1,πέπαρμαι,πείρω,v1srie---,lemming;morpheus
1,πεπαρρησίασμαι,παρρησιάζομαι,v1srie---,lemming;morpheus
0,πεπαρρησιασμένα,παρρησιάζομαι,v-prpe-n-,
1,πέπαρτο,πείρω,v3slie---,lemming;morpheus
1,πεπαρῴνηκα,παροινέω,v1sria---,lemming
1,πεπαρῴνημαι,παροινέω,v1srie---,lemming
0,πεπασμένος,πάττω,v-srpe-n-,
1,πεπάσμην,πατέομαι,v1slie---,lemming;morpheus
0,πεπάσομαι,πάομαι,v1stie---,
0,πέπαστο,πάττω,v3slie---,
1,πεπάταγμαι,πατάσσω,v1srie---,lemming;morpheus
0,πεπάτηκας,πατέω,v2-ria---,
0,πεπατημένην,πατέω,v-srpe-a-,
1,ἐπέπατο,πάομαι,v3slie---,lemming;morpheus
1,πέπαυκα,παύω,v1sria---,lemming;morpheus
1,πέπαυμαι,παύω,v1srie---,lemming;morpheus
1,πεπαύσομαι,παύω,v1stie---,morpheus
1,πεπαχνῶσθαι,παχνόω,v--rne---,lemming;morpheus
1,πεπάχυμμαι,παχύνω,v1srie---,morpheus
0,πεπεδημένος,πεδάω,v-srpe-n-,
1,πεπείνηκα,πεινάω,v1sria---,lemming;morpheus
1,πεπείρακα,πειράω,v1sria---,lemming;morpheus
1,πεπείραμαι,πειράω,v1srie---,lemming;morpheus
1,πεπείρανται,περαίνω,v3srie---,morpheus
1,πεπειράσθω,πειράω,v3srme---,lemming;morpheus
0,πεπειρασμένος,πειράω,v-srpe-n-,
1,πεπεῖσθαι,πείθω,v--rne---,lemming;morpheus
1,πέπεισθι,πείθω,v2srma---,morpheus
1,πέπεισμαι,πείθω,v1srie---,lemming;morpheus
0,πέπεκται,πέσω,v3srie---,
0,πέπεμμαι,πέττω,v1srie---,
0,πεπεμμένον,πέττω,v-srpe-n-,
0,πεπεμμένος,πέμπω,v-srpe-n-,
1,πέπεμπται,πέμπω,v3srie---,lemming;morpheus
1,πεπέμφθαι,πέμπω,v--rne---,lemming;morpheus
1,πεπένθηκα,πενθέω,v1sria---,lemming;morpheus
1,πεπέρακα,περάω,v1sria---,lemming;morpheus
1,πεπεράνθαι,περαίνω,v--rne---,lemming;morpheus
1,πεπεράνθω,περαίνω,v3srme---,lemming
1,πεπέρανται,περαίνω,v3srie---,lemming;morpheus
0,πεπερασμένος,περαίνω,v-srpe-n-,
0,πεπερημένος,περάω,v-srpe-n-,
0,πεπερονημέναι,περονάω,v-prpe-n-,
1,πεπέτακα,πετάννυμι,v1sria---,lemming
1,πεπέτασμαι,πετάννυμι,v1srie---,morpheus
0,πεπέφθαι,πέττω,v--rne---,
1,πέπηγα,πήγνυμι,v1sria---,lemming;morpheus
0,πεπῆγει,πήγνυμι,v3slia---,
1,πέπηγμαι,πήγνυμι,v1srie---,lemming;morpheus
1,πεπήδηκα,πηδάω,v1sria---,lemming;morpheus
1,πεπήδημαι,πηδάω,v1srie---,lemming;morpheus
1,πέπηκτο,πήγνυμι,v3slie---,lemming;morpheus
0,πεπηλωμένος,πηλόω,v-srpe-n-,
0,πεπηρωμένος,πηρόω,v-srpe-n-,
0,πέπης,πήγνυμι,v1sria---,
1,πεπήχεσαν,πήγνυμι,v3plia---,lemming
1,πεπίασμαι,πιάζω,v1srie---,lemming;morpheus
0,πεπίασμαι,πιαίΐνω,v1srie---,
1,πεπίεσμαι,πιέζω,v1srie---,lemming;morpheus
0,πέπιιε,πείθω,v2sama---,
0,ἐπεπιθεῖν,πείθω,v--ana---,
0,πεπιθέσθαι,πείθω,v--ane---,
0,πεπιλημένον,πιλέω,v-srpe-n-,
1,ἐπεπιστεύκειν,πιστεύω,v1slia---,morpheus
1,πεπίστευται,πιστεύω,v3srie---,lemming;morpheus
0,πέπλακα,πλάττω,v1sria---,
1,πεπλάνημαι,πλανάω,v1srie---,lemming;morpheus
0,πέπλασμαι,πλάττω,v1srie---,
1,πέπλεγμαι,πλέκω,v1srie---,lemming;morpheus
1,πεπλεόνακα,πλεονάζω,v1sria---,lemming;morpheus
1,πεπλεόνασμαι,πλεονάζω,v1srie---,lemming;morpheus
1,πέπλευκα,πλέω,v1sria---,lemming;morpheus
1,πέπλευσμαι,πλέω,v1srie---,lemming;morpheus
0,πεπλευσμένος,πλέω,v-srpe-n-,
0,ἐπέπλεχε,πλέκω,v3sria---,
0,ἐπεπλήαται,πελάω,v3prie---,
0,πεπληγέμεν,πλήττω,v--ana---,
0,πεπληγέναο,πλήττω,v--rna---,
0,πεπλήγετο,πλήττω,v3saie---,
0,πεπλήγῃ,πλήττω,v3srsa---,
0,πέπληγον,πλήττω,v1saia---,
0,πεπλήγοντο,πλήττω,v3paie---,
0,πεπληγώς,πλήττω,v-srpa-n-,
1,πέπληθα,πλήθω,v1sria---,lemming;morpheus
1,πέπληκα,πίμπλημι,v1sria---,lemming;morpheus
0,πέπλημαι,πελάω,v1srie---,
0,πεπλημένος,πελάω,v-srpe-n-,
0,πεπλημμελημένα,πλημμελέω,v-prpe-n-,
0,πέπληνταιἩ,πίμπλημι,v3prie---,
0,πεπλήξομαι,πλήττω,v1stie---,
1,πεπλήρωκα,πληρόω,v1sria---,lemming;morpheus
1,πεπληρώσομαι,πληρόω,v1stie---,morpheus
1,πεπλήρωται,πληρόω,v3srie---,lemming;morpheus
1,πεπλησίακα,πλησιάζω,v1sria---,lemming;morpheus
1,πέπλησμαι,πίμπλημι,v1srie---,lemming;morpheus
1,πεπλήσομαι,πίμπλημι,v1stie---,lemming;morpheus
0,πέπληχα,πλήττω,v1sria---,
1,πέπλιγμαι,πλίσσομαι,v1srie---,lemming;morpheus
1,πεπλουτηκέναι,πλουτέω,v--rna---,lemming;morpheus
1,πέπλοχα,πλέκω,v1sria---,lemming
1,πέπλυμαι,πλύνω,v1srie---,lemming;morpheus
0,πεπλυμένος,πλύνω,v-srpe-n-,
0,πέπλωχα,πλέω,,
1,πέπνευκα,πνέω,v1sria---,lemming;morpheus
0,πέπνευσμαι,πνέω,v1srie---,
1,πέπνιγμαι,πνίγω,v1srie---,lemming;morpheus
0,πεπνίξομαι,πνίγω,v1stie---,
1,πέπνυμαι,πέπνυμαι,v1srie---,lemming;morpheus
0,πεπνυμένος,πέπνυμαι,v-srpe-n-,
1,πεπνῦσθαι,πέπνυμαι,v--rne---,lemming
0,ἐπέπνυσο,πέπνυμαι,v2srme---,
1,πέπνυσο,πέπνυμαι,v2slie---,lemming;morpheus
0,πεποδισμένος,ποδίζω,v-srpe-n-,
1,πεπόθηκα,ποθέω,v1sria---,lemming;morpheus
1,πεπόθημαι,ποθέω,v1srie---,lemming
1,πέποιθα,πείθω,v1sria---,lemming;morpheus
1,πεποίθεα,πείθω,v1slia---,lemming;morpheus
0,πεποίθῃ,πείθω,v3spsa---,
1,πεποιθοίη,πείθω,v3sroa---,lemming;morpheus
0,πεποίθομεν,πείθω,v1prsa---,
0,πεποίκ,ποικίλλω,v1sria---,
0,πεποίκ,ποικίλλω,v3srie---,
0,πεποιωμένον,ποιόω,v-srpe-n-,
1,πεπολέμηκα,πολεμέω,v1sria---,lemming;morpheus
1,πεπολέμημαι,πολεμέω,v1srie---,lemming;morpheus
1,πεπολιόρκημαι,πολιορκέω,v1srie---,lemming;morpheus
1,πεπόλισται,πολίζω,v3srie---,lemming;morpheus
1,ἐπεπόλιστο,πολίζω,v3slie---,lemming;morpheus
1,πεπολίτευμαι,πολιτεύω,v1srie---,lemming;morpheus
1,πέπομαι,πίνω,v1srie---,lemming;morpheus
1,πέπομφα,πέμπω,v1sria---,lemming;morpheus
0,ἐπεπονήατο,πονέω,v3-lie---,
1,πεπόνηκα,πονέω,v1sria---,lemming;morpheus
1,πεπόνημαι,πονέω,v1srie---,lemming;morpheus
0,πεπόνητο,πονέω,v3-lie---,
1,πεπόνθειν,πάσχω,v1slia---,morpheus
0,πεπονθώς,πάσχω,v-srpa-n-,
1,πέπορδα,πέρδομαι,v1sria---,lemming;morpheus
0,πεπορεῖν,πορεῖν,v--ana---,
1,πεπόρευμαι,πορεύω,v1srie---,lemming;morpheus
0,πεπορθημένης,πορθέω,v-srpe-g-,
1,πεπόρισμαι,πορίζω,v1srie---,lemming;morpheus
1,πεπόσθαι,πίνω,v--rne---,lemming;morpheus
0,πέποσθε,πάσχω,v2prie---,
0,ἐπέποσχα,πάσχω,v1sria---,
0,ἐπεπόταμαι,ποτάομαι,v1srie---,
1,πεποτήατο,ποτάομαι,v3plie---,lemming;morpheus
1,πεπότημαι,ποτάομαι,v1srie---,lemming;morpheus
1,πεποτῆσθαι,ποτάομαι,v--rne---,lemming;morpheus
1,ἐπεπότητο,ποτάομαι,v3slie---,lemming;morpheus
0,ἐπέπραγα,πράττω,v1spia---,
0,πέπραγμαι,πράττω,v1srie---,
1,πεπραγμάτευμαι,πραγματεύομαι,v1srie---,lemming;morpheus
0,πέπρακα,πέρνημι, -ιπράσκω,
0,πέπραμαι,πέρνημι, -ιπράσκω,
0,πεπρᾶσθαι,πέρνημι, -ιπράσκω,
0,πεπράσομαι,πέρνημι, -ιπράσκω,
0,πεπραύσμένος,πραΐνω,v-srpe-n-,
0,πέπραχα,πράττω,v1sria---,
1,πεπρέσβευκα,πρεσβεύω,v1sria---,lemming;morpheus
1,πεπρέσβευμαι,πρεσβεύω,v1srie---,lemming;morpheus
0,πέπρηγα,πράττω,v1sria---,
0,πέπρηγμαι,πράττω,v1srie---,
1,πέπρηκα,πίμπρημι,v1sria---,lemming
1,πέπρημαι,πίμπρημι,v1srie---,lemming
0,ὑπέπρημαι,πέρνημι, -ιπράσκω,
0,ὑπεπρῆσθαι,πέρνημι, -ιπράσκω,
1,πέπρησμαι,πίμπρημι,v1srie---,lemming;morpheus
1,πέπρησμαι,πίμπρημι,v1srie---,lemming;morpheus
0,πέπρησο,πέρνημι, -ιπράσκω,
0,πέπρηχα,πράττω,v1sria---,
1,πέπρικα,πρίω,v1sria---,lemming
1,πέπρισμαι,πρίω,v1srie---,lemming;morpheus
1,πεπροοιμίασμαι,προοιμιάζομαι,v1srie---,lemming;morpheus
1,πεπροφήτευμαι,προφητεύω,v1srie---,morpheus
0,πεπρυτανευμένον,πρυτανεύω,v-srpe-n-,
0,πέπρωται,πορεῖν,v3srie---,
0,πέπρωτο,πορεῖν,v3-lie---,
1,πέπταμαι,πετάννυμι,v1srie---,lemming;morpheus
0,πέπτατο,πετάννυμι,v3-lie---,
1,πεπτερύγωμαι,πτερυγόω,v1srie---,morpheus
0,πεπτεώς,πίπτω,v-srpa-n-,
1,πέπτυγμαι,πτύσσω,v1srie---,lemming;morpheus
1,πέπτωκα,πίπτω,v1sria---,lemming;morpheus
1,πεπτώκειν,πίπτω,v1slia---,morpheus
0,πεπτωκώς,πίπτω,v-srpa-n-,
1,πεπύγικα,πυγίζω,v1sria---,lemming;morpheus
0,πεπύθοιτο,πυνθάνομαι,v3saoe---,
0,πεπυκάδμενος,πυκάζω,v-srpe-n-,
1,πεπύκασμαι,πυκάζω,v1srie---,lemming;morpheus
0,πεπυχνωκότες,πυχνόω,v-prpa-n-,
0,πεπύχνωνται,πυχνόω,v3prie---,
0,πεπύκτευται,πυχτεύω,v3srie---,
0,πεπυρακτωμένα,πυρακτόω,v-prpe-n-,
0,πεπυργωμέναι,πυργόω,v-prpe-n-,
0,πεπύρεγμαι,πυρέττω,v1srie---,
0,πεπύρεχα,πυρέττω,v1sria---,
0,πεπυρωμένος,πυρόω,v-srpe-n-,
1,πεπύσθαι,πυνθάνομαι,v--rne---,lemming;morpheus
0,πεπύσθην,πυνθάνομαι,v2dlie---,
1,πέπυσμαι,πυνθάνομαι,v1srie---,lemming;morpheus
0,πεπυσμένος,πυνθάνομαι,v-srpe-n-,
0,ἐπέπυσσαι,πυνθάνομαι,v2srie---,
1,ἐπέπυστο,πυνθάνομαι,v3slie---,lemming;morpheus
1,πεπωλήσεται,πωλέω,v3stie---,lemming;morpheus
1,πέπωκα,πίνω,v1sria---,lemming;morpheus
0,περάαν,περάω,v--fna---,
1,περάαν,περάω,v--pna---,lemming;morpheus
0,περάασχε,περάω,v3siia---,
1,περαιωθήσομαι,περαιόω,v1sfip---,lemming;morpheus
1,περαιώσω,περαιόω,v1sfia---,lemming;morpheus
1,πέραον,περάω,v1siia---,lemming
1,περανθῆναι,περαίνω,v--anp---,lemming;morpheus
1,περανθήσομαι,περαίνω,v1sfip---,lemming;morpheus
0,περανοῦμαι,περαίνω,v1sfie---,
1,περανῶ,περαίνω,v1sfia---,lemming;morpheus
1,περᾶσαι,περάω,v--ana---,lemming;morpheus
0,περάσαις,περάω,v-sapa-n-,
0,περάσαντες,περάω,v-papa-n-,
1,περάσειε,περάω,v3saoa---,lemming;morpheus
1,περάσητε,περάω,v2pasa---,lemming;morpheus
0,περασθήσομαι,περαίνω,v1sfip---,
1,πέρασσα,περάω,v1saia---,lemming;morpheus
1,περάσω,περάω,v1sfia---,lemming;morpheus
1,περάσω,περάω,v1sfia---,lemming;morpheus
1,πέρησα,περάω,v1saia---,lemming;morpheus
1,περησέμεναι,περάω,v--fna---,lemming;morpheus
1,περήσω,περάω,v1sfia---,lemming;morpheus
0,ἐπέρθαι,πέρθω,v--ane---,
1,ἐπέρθετο,πέρθω,v3siie---,lemming;morpheus
0,ἐπερνᾶσι,πέρνημι, -ιπράσκω,
0,ἐπερόνησε,πέρνημι, -ιπράσκω,
0,ππερόων,πέρνημι, -ιπράσκω,
0,περόωντο,πέρνημι, -ιπράσκω,
1,πέρσαι,πέρθω,v--ana---,lemming;morpheus
0,πέρσομαι,πέρθω,v1sfie---,
1,πέρσω,πέρθω,v1sfia---,lemming;morpheus
1,πεσεῖν,πίπτω,v--ana---,lemming;morpheus
1,πεσοίης,πίπτω,v2saoa---,morpheus
0,πεσοῦμαι,πίπτω,v1sfie---,
0,ἐπεσσέμεν,πέττω,v--pna---,
0,πεσών,πίπτω,v-sapa-n-,
0,ἐπετάσαντο,πετάννυμι,v3paie---,
1,ἐπετάσθησαν,πετάννυμι,v3paip---,lemming;morpheus
0,ἐπετασθήσομαι,πέτομαι,v1sfip---,
0,ἐπέτασσαι,πέτομαι,v2same---,
0,πετάσω,πετάννυμ,v1sfia---,
1,πέτει,πέτομαι,v2spie---,lemming;morpheus
0,πετήσομαι,πέτομαι,v1sfie---,
1,ἐπετόμην,πέτομαι,v1siie---,lemming;morpheus
0,πετρώσατο,πετρόω,v3saie---,
0,πετῶ,πετάννυμι,v2-fia---,
0,ἐπεύσασα,υνθάνομαι, -εύθομαι,
0,πεύσι,υνθάνομαι, -εύθομαι,
0,πεύσομαι,υνθάνομαι, -εύθομαι,
1,πέφαγκα,φαίνω,v1sria---,morpheus
0,πεφάναντι,φαίνω,v3pria---,
0,πεφανέρωται,φχνερόω,v3srie---,
1,πεφάνθαι,φαίνω,v--rne---,lemming;morpheus
1,πέφανται,φαίνω,v3srie---,lemming;morpheus
1,πεφιλήσομαι,φιλέω,v1stie---,lemming;morpheus
0,πεφιλοδοξηκώς,φιλοδοξέω,v-srpa-n-,
0,πεφιλοκαληκότων,φιλοκαλέω,v-prpa-g-,
0,πεφιλολογῇ,φιλολογέω,v--rne---,
1,πεφιλοσόφηκα,φιλοσοφέω,v1sria---,lemming;morpheus
1,πεφιλοτέχνημαι,φιλοτεχνέω,v1srie---,lemming;morpheus
1,πεφίμωσο,φιμόω,v2srme---,lemming;morpheus
1,πέφλασμαι,φλάω,v1srie---,lemming
1,πέφλεγμαι,φλέγω,v1srie---,lemming
0,πεφνέμεν,πεφνεῖν,v--ana---,
0,πέφνῃ,πεφνεῖν,v3sasa---,
0,πέφνον,πεφνεῖν,v1saia---,
0,πεφνών,πεφνεῖν,v-sapa-n-,
0,πεφοβήατο,φοβέω,v3-lie---,
1,πεφόβημαι,φοβέω,v1srie---,lemming;morpheus
1,πεφόρημαι,φορέω,v1srie---,lemming;morpheus
1,πεφόρητο,φορέω,v3slie---,lemming;morpheus
0,πεφορτισμένος,φορτίζω,v-srpe-n-,
0,πεφορτωμένος,φορτόω,v-srpe-n-,
1,πεφόρυγμαι,φορύσσω,v1srie---,lemming;morpheus
0,πέφραγα,φράττω,v1sria---,
0,πέφραγμαι,φράττω,v1srie---,
1,πέφραδε,φράζω,v2sama---,lemming;morpheus
1,πεφραδέειν,φράζω,v--ana---,lemming;morpheus
0,πεφραδμένος,φράζω,v-srpe-n-,
0,πέφραδοι,φράζω,v3saoa---,
1,πέφραδον,φράζω,v1saia---,lemming;morpheus
1,πέφρακα,φράζω,v1sria---,lemming;morpheus
0,πέφρακα,φράττω,v1sria---,
0,πεφράκεσαν,φράττω,v3plia---,
1,πέφρασμαι,φράζω,v1srie---,lemming;morpheus
0,πέφρικα,φρίττω,v1sria---,
0,πεφρίκοντες,φρίττω,v-prpa-n-,
0,πεφροιμίασμαι,οἰμιάζομαι,v1srie---,
0,πεφρονηματισμένοι,φρονηματίζομαι,v-prpe-n-,
1,πεφρόντικα,φροντίζω,v1sria---,lemming;morpheus
0,πεφροντισμένος,φροντίζω,v-srpe-n-,
1,πεφρούρημαι,φρουρέω,v1srie---,lemming;morpheus
0,πέφρυγμαι,φρουρέω,v1srie---,
0,πῆξα,πέρννυκ,v1saia---,
0,ἱπίανας,σιια ίνω,v1saia---,
0,πιασθῆνι,παίω,v--anp---,
1,πιέξαι,πιέζω,v--ana---,lemming;morpheus
0,πιέξας,πιέζω,v-sapa-n-,
0,πιίξῃς,πιέζω,v2sasa---,
0,ἱπιέουσα,πίνω,v-sapa-n-,
0,πίεσαι,πίνω,v2sfie---,
0,πιεσθείς,πιέζω,v-sapp-n-,
0,πιεσθήσουχι,πιέζω,v1sfip---,
1,πιέσω,πιέζω,v1sfia---,lemming;morpheus
0,πίσαυαιι,πίνω,v2sasa---,
1,πιθεῖν,πείθω,v--ana---,lemming;morpheus
0,ἐπίθεο,πείθω,v2same---,
0,πιθέσθαι,πείθω,v--ane---,
0,πιθήσας,πείθω,v-sapa-n-,
1,πιθήσω,πείθω,v1sfia---,lemming
1,πῖθι,πίνω,v2sama---,morpheus
0,πιθοίμῃν,πείθω,v1saoe---,
0,πιθόμενος,πείθω,v-sape-n-,
0,πιθόμην,πείθω,v1saie---,
1,πίθον,πείθω,v1saia---,lemming;morpheus
0,πιθοῦ,πείθω,v2same---,
1,πίθωμαι,πείθω,v1sase---,morpheus
0,πιθών,πείθω,v-sapa-n-,
0,πικρανέομαι,πυκραίνω,v1sfie---,
0,πικρανῶ,πυκραίνω,v1sfia---,
0,πιληθεῖσα,πιλέω,v-sapp-n-,
0,πιλήσαντες,πιλέω,v-papa-n-,
1,πιλνᾷ,πιλνάω,v3spia---,lemming;morpheus
0,πιλώσας,πιλόω,v-sapa-n-,
1,πίμπλαντο,πίμπλημι,v3piie---,lemming;morpheus
0,πιμπλάς,πίμπλημι,v-sppa-n-,
0,πίμπλεισι,πίμπλημι,v3ppia---,
0,πίλπλη,πίμπλημι,v2spma---,
0,πιπμλῇσι,πίμπλημι,v3spsa---,
0,πιμπρᾶναι,πίμπρημι,v--pna---,
0,πιμπράντες,πίμπρημι,v-pppa-n-,
1,πίμπρη,πίμπρημι,v2spma---,lemming;morpheus
0,πινέμενἁι,πίνω,v--pna---,
1,πίνεο,πίνω,v2spme---,lemming;morpheus
1,πίνεσκον,πίνω,v1siia---,lemming;morpheus
1,πίνετο,πίνω,v3siie---,lemming;morpheus
0,πινεύμενος,πίνω,v-sppe-n-,
1,πινώμεθα,πίνω,v1ppse---,lemming;morpheus
0,πίομαι,πίνω,v1sfie---,
0,πιοῦμαι,πίνω,v1sfie---,
0,πιοῦσα,πίνω,v-sapa-n-,
1,πίπτῃσι,πίπτω,v3spsa---,lemming;morpheus
1,πῖπτον,πίπτω,v1siia---,lemming;morpheus
0,πισαίμην,τιιπίσκω,v1saoe---,
0,πιστευθησόμενος,πιστεύω,v-sfpp-n-,
1,πιστεῦσαι,πιστεύω,v--ana---,lemming;morpheus
1,πιστεύσω,πιστεύω,v1sfia---,lemming;morpheus
0,πιστωθείς,πιστόω,v-sapp-n-,
1,πίσω,πιπίσκω,v1sfia---,lemming;morpheus
0,πίτνα,πετάννυμι,,
0,πίτνατο,πετάννυμι,,
0,πιών,πίνω,v-sapa-n-,
0,πλαγείς,πλήττω,v-sapp-n-,
0,πλαγῆναι,πλήττω,v--anp---,
0,πλαγήσομαι,πλήττω,v1sfip---,
1,πλάγξα,πλάζω,v1saia---,lemming;morpheus
0,πλάγξομαι,πλάζω,v1sfie---,
1,πλάγχθην,πλάζω,v1saip---,lemming;morpheus
1,πλάζετο,πλάζω,v3siie---,lemming;morpheus
1,πλάζον,πλάζω,v1siia---,lemming;morpheus
0,πλαθείς,πελάζω,v-sapp-n-,
0,πλαναθ,πλανάω,v2sasp---,
0,πλαννθήσομαι,πλανάω,v1sfip---,
0,πλανήσομαι,πλανάω,v1sfie---,
1,πλανήσω,πλανάω,v1sfia---,lemming;morpheus
0,πλακείς,πλέκω,v-sapp-n-,
1,πλακῆναι,πλέκω,v--anp---,lemming;morpheus
1,πλακήσομαι,πλέκω,v1sfip---,morpheus
0,πλᾶξα,πλήττω,v1saia---,
0,πλασθήσομαι,πλάττω,v1sfip---,
0,πλάσομαι,πλάττω,v1sfie---,
0,πλάσσα,πλάττω,v1saia---,
0,πλάσω,πλάττω,v1sfia---,
1,πλεῖ,πλέω,v3spia---,morpheus
1,πλεῖ,πλέω,v2spma---,morpheus
0,πλεχείς,πλέκω,v-sapp-n-,
1,πλέξαι,πλέκω,v--ana---,lemming;morpheus
0,πλέξασθαι,πλέκω,v--ane---,
0,πλέξομαι,πλέκω,v1sfie---,
1,πλέξω,πλέκω,v1sfia---,lemming;morpheus
1,πλεονάσω,πλεονάζω,v1sfia---,lemming;morpheus
0,πλεονεκτήσω,πλεονεκτέ οὐ,v1sfia---,
1,πλέον,πλέω,v1siia---,lemming;morpheus
1,πλευσθήσομαι,πλέω,v1sfip---,morpheus
0,πλεύσομαι,πλέω,v1sfie---,
1,πλεύσω,πλέω,v1sfia---,morpheus
0,πλεχθείς,πλέκω,v-sapp-n-,
1,πλεχθήσομαι,πλέκω,v1sfip---,lemming;morpheus
0,πληγείς,πλήττω,v-sapp-n-,
0,πληγῆναι,πλήττω,v--anp---,
0,πληγήσομαι,πλήττω,v1sfip---,
0,πλήμενος,πλήττω,v-sape-n-,
0,πλημμεχηθέντα,πλήττω,v-papp-n-,
0,πλημμελῆσας,πλήττω,v-sapa-n-,
0,ἐπλῆντι,πίμπλημι,v3prie---,
0,πλῆντο,πίμπλημι,v3paie---,
0,πλῆντο,πελάω,v3paie---,
0,πλῆξα,πλήττω,v1saia---,
0,πλῆξαι,πλήττω,v--ana---,
0,πληξάμενος,πλήττω,v-sape-n-,
0,πληξάμην,πλήττω,v1saie---,
0,πλήξω,πλήττω,v1sfia---,
0,πλὴρ,πληρόω,v-sapp-n-,
1,πληρωθήσομαι,πληρόω,v1sfip---,lemming;morpheus
0,πληρώσομαι,πληρόω,v1sfie---,
1,πληρώσω,πληρόω,v1sfia---,lemming;morpheus
1,πλῆσα,πίμπλημι,v1saia---,lemming;morpheus
1,πλῆσαι,πίμπλημι,v--ana---,lemming;morpheus
0,πλησάμενος,πίμπλημι,v-sape-n-,
0,πλήσατο,πίμπλημι,v3saie---,
0,πλησθείς,πίμπλημι,v-sapp-n-,
0,πλῇσθεν,πίμπλημι,v3paip---,
1,πλησθῆναι,πίμπλημι,v--anp---,lemming;morpheus
1,πλησθήσομαι,πίμπλημι,v1sfip---,lemming;morpheus
0,πλήσομαι,πίμπλημι,v1sfie---,
1,πλήσω,πίμπλημι,v1sfia---,lemming;morpheus
0,πλῆτο,πίμπλημι,v3saie---,
0,πλῆτο,πελάω,v3saie---,
0,πληχθεῖς,πλήττω,v-sapp-n-,
1,πλίσσοντο,πλίσσομαι,v3piie---,lemming;morpheus
0,πλόμενος,πέλω,v-sape-n-,
1,πλουτιῶ,πλουτίζω,v1sfia---,lemming;morpheus
0,πλυθείσης,πλύνω,v-sapp-g-,
1,πλυθῇ,πλύνω,v3sasp---,lemming;morpheus
1,πλυθήσομαι,πλύνω,v1sfip---,lemming;morpheus
1,πλῦνα,πλύνω,v1saia---,lemming;morpheus
0,πλυνάμενος,πλύνω,v-sape-n-,
0,πλύνεσχον,πλύνω,v1siia---,
0,πλυνοῦμαι,πλύνω,v1sfie---,
0,πλώειν,πλέω,,
1,πλωισθῆναι,πλωίζω,v--anp---,lemming;morpheus
0,πλῶον,πλωίζω,v1siia---,
0,πλωούσας,πλωίζω,v-pppa-a-,
0,πλώς,πλωίζω,v-sapa-n-,
0,πλῶσαι,πλωίζω,v--ana---,
0,πλώσομαι,πλωίζω,v1sfie---,
0,πλώσω,πλωίζω,v1sfia---,
0,πνέον,πλωίζω,v1siia---,
0,πνεῦσαι,πλωίζω,v--ana---,
0,πνευσθήσομαι,πλωίζω,v1sfip---,
0,πνεύσομαι,πλωίζω,v1sfie---,
0,πνεύσω,πλωίζω,v1sfia---,
0,πνιγήσομαι,πλωίζω,v1sfip---,
0,πνιξεῖσθε,πλωίζω,v2pfie---,
0,πνίξον,πλωίζω,v2sama---,
0,πνίξω,πλωίζω,v1sfia---,
0,ἐπνυθείης,πέπνυμαι,v2saop---,
0,ποδισθείς,ποδίζω,v-sapp-n-,
1,ἐπόθεον,ποθέω,v1siia---,lemming;morpheus
1,πόθεσα,ποθέω,v1saia---,lemming;morpheus
1,ποθέσαι,ποθέω,v--ana---,lemming;morpheus
0,ποθέσομαι,ποθέω,v1sfie---,
1,ποθήμεναι,ποθέω,v--pna---,lemming;morpheus
1,ποθήσομαι,πίνω,v1sfip---,morpheus
1,ποθήσω,ποθέω,v1sfia---,lemming;morpheus
1,ἐποίεον,ποιέω,v1siia---,lemming;morpheus
0,ποιεύμενος,ποιέω,v-sppe-n-,
0,ποίησαι,ποιέω,v1saia---,
0,πο,ποιέω,v--fna---,
0,πουκῖλαι,ποικίλλω,v--ana---,
0,πο,ποικίλλω,v-sapa-n-,
0,ποὺς,ποικίλλω,v-sapp-n-,
0,ἐποίκ,ποικίλλω,v3siia---,
1,ποικιλῶ,ποικίλλω,v1sfia---,lemming;morpheus
1,ποινασόμεσθα,ποινάομαι,v1pfie---,morpheus
1,ποινίξασθαι,ποινίζομαι,v--ane---,morpheus
0,ποίπνυον,πὸ ἱπνύω,v1siia---,
0,ποιφύξαντος,ποιφύσσω,v-sapa-g-,
1,ποιφυξεῖς,ποιφύσσω,v2sfia---,morpheus
0,ποιωθέν,ποιόω,v-sapp-n-,
0,ποχίσω,ποχίζω,v1sfia---,
1,ἐπολεμέεσκε,πολεμέω,v3siia---,lemming
1,πολεμηθήσομαι,πολεμέω,v1sfip---,lemming;morpheus
0,πολεμήσομαι,πολεμέω,v1sfie---,
1,πολεμήσω,πολεμέω,v1sfia---,lemming;morpheus
0,πολεμιζέμενίἁ,πολεμίζω,v--pna---,
1,πολέμιξα,πολεμίζω,v1saia---,morpheus
1,πολεμίξω,πολεμίζω,v1sfia---,lemming;morpheus
0,πολεμώσεσθε,πολεμόω,v2pfie---,
1,πολιορκηθήσομαι,πολιορκέω,v1sfip---,lemming;morpheus
0,πολιορκήσομαι,πολιορκέω,v1sfie---,
1,πολιορκήσω,πολιορκέω,v1sfia---,lemming;morpheus
1,πόλισσα,πολίζω,v1saia---,lemming;morpheus
0,πολιτεύσομαι,πολιτεύω,v1sfie---,
1,πολιτεύσω,πολιτεύω,v1sfia---,lemming;morpheus
0,πολλαπλασιάσαντες,πολλαπλασιάζω,v-papa-n-,
1,πονέεσθαι,πονέω,v--pne---,lemming;morpheus
0,πονείατο,πονέω,v3plie---,
1,πόνησα,πονέω,v1saia---,lemming;morpheus
1,πονήσατο,πονέω,v3saie---,morpheus
1,πονήσομαι,πονέω,v1sfie---,morpheus
1,πονήσω,πονέω,v1sfia---,lemming
0,ποντισθε,ποντίζω,v-sapp-n-,
0,πορεῖν,πορεῖν,v--ana---,
1,πορευθήσομαι,πορεύω,v1sfip---,lemming;morpheus
1,πόρευσα,πορεύω,v1saia---,lemming;morpheus
0,πορεύσομαι,πορεύω,v1sfie---,
1,πορεύσω,πορεύω,v1sfia---,lemming;morpheus
1,πορθῆσαι,πορθέω,v--ana---,lemming;morpheus
1,πόρθμευσον,πορθμεύω,v2sama---,lemming;morpheus
0,ποριοῦμαι,πορίζω,v1sfie---,
0,πορσανέω,ἱπορσύνω,,
0,πορσυνῶ,ἱπορσύνω,,
0,πορὼν,πορεῖν,v-sapa-n-,
0,ποταθείην,ποτάομαι,v1saop---,
1,ἐποτᾶτο,ποτάομαι,v3siie---,lemming;morpheus
1,ἐποτέοντο,ποτάομαι,v3piie---,lemming;morpheus
0,ποτεῦ,ποτάομαι,v2spma---,
0,πότῃ,ποτάομαι,v2spie---,
0,ποτήμενος,ποτάομαι,v-sppe-n-,
1,ποτήσομαι,ποτάομαι,v1sfie---,morpheus
1,ποτῆται,ποτάομαι,v3spie---,morpheus
0,ποτιῶ,ποτζω,v1sfia---,
0,πραθείη,πέρνημι, -ιπράσκω,
0,πραθῆναι,πέρνημι, -ιπράσκω,
0,πραθήσομαι,πέρνημι, -ιπράσκω,
1,πράθον,πέρθω,v1saia---,morpheus
0,πράξομαι,πράττω,v1sfie---,
0,πράξω,πράττω,v1sfia---,
0,πραῦνθήσομαι,πραὔΐνω,v1sfip---,
0,πραὐνῷ,πραὔΐνω,v1sfia---,
0,πραχθήσομαι,πράττω,v1sfip---,
1,πρέπον,πρέπω,v1siia---,lemming;morpheus
1,πρέψω,πρέπω,v1sfia---,lemming;morpheus
0,πρηθείς,πέρνημι, -ιπράσκω,
1,πρήνιξα,πρηνίζω,v1saia---,morpheus
0,πρηνιχθείς,πρηνίζω,v-sapp-n-,
0,πρήξω,πράττω,v1sfia---,
1,πρῆσα,πίμπρημι,v1saia---,lemming;morpheus
1,πρῆσαι,πίμπρημι,v--ana---,lemming;morpheus
1,πρησθῆναι,πίμπρημι,v--anp---,lemming;morpheus
1,πρησθήσομαι,πίμπρημι,v1sfip---,lemming;morpheus
1,πρήσω,πίμπρημι,v1sfia---,lemming;morpheus
0,πρηΐνατο,πραύΐνω,v3saie---,
0,ἐπρία,πρίαμαι,v2same---,
0,πρ,πρίαμαι,v1saoe---,
0,πριάμενος,πρίαμαι,v-sape-n-,
0,πρίασθαι,πρίαμαι,v--ane---,
0,ἐπρίατο,πρίαμαι,v3saie---,
1,πρῖε,πρίω,v2spma---,morpheus
0,πρίῃ,πρίαμαι,v2sase---,
0,πρίηται,πρίαμαι,v3sase---,
0,πο,πρίω,v1sfip---,
0,πρίωο᾽,πρίω,v1sfia---,
0,πρίω,πρίω,v2same---,
0,πρίωμαι,πρίω,v1sase---,
1,προεθυμέετο,προθυμέομαι,v3siie---,morpheus
1,προεφήτευον,προφητεύω,v1siia---,lemming;morpheus
1,προεφήτευσα,προφητεύω,v1saia---,lemming;morpheus
1,προηνάλωσα,προαναλίσκω,v1saia---,morpheus
1,προθυμηθήσομαι,προθυμέομαι,v1sfip---,lemming;morpheus
1,προκαλίζεο,προκαλίζομαι,v2spme---,lemming;morpheus
1,προκαλίζετο,προκαλίζομαι,v3siie---,lemming;morpheus
1,προξενήσω,προξενέω,v1sfia---,lemming;morpheus
1,προοιμιασάμην,προοιμιάζομαι,v1saie---,morpheus
1,προπεφήτευμαι,προφητεύω,v1srie---,morpheus
1,προὐφασισάμην,προφασίζομαι,v1saie---,morpheus
0,προὐφασίσθην,προφασίζομαι,v1saip---,
1,προφασιοῦμαι,προφασίζομαι,v1sfie---,morpheus
1,προφητεύσω,προφητεύω,v1sfia---,lemming;morpheus
0,πρυτανεύσαντες,πρυτανεύω,v-papa-n-,
0,πτα,πέτομαι,v2saoa---,
0,πταὰ,πταίω,v-papp-n-,
1,πταίσω,πταίω,v1sfia---,lemming;morpheus
0,πτακών,πτήσσω,v-sapa-n-,
0,πτάμενος,πέτομαι,v-sape-n-,
0,πτάραντες,πταίρω,v-papa-n-,
0,πταρείς,πταίρω,v-sapp-n-,
0,πταρῶ,πταίρω,v1sfia---,
0,πτάς,πέτομαι,v-sapa-n-,
0,πτᾶσα,πέτομαι,v-sapa-n-,
0,πτάσθαι,πέτομαι,v--ane---,
0,πτᾶται,πέτομαι,v3sase---,
0,πτάτο,πέτομαι,v3saie---,
1,πτερνιῶ,πτερνίζω,v1sfia---,lemming;morpheus
0,πτερυγιῷ,πτερυγίζω,v1sfia---,
0,πτερύξομαι,πτερύττομαι,v1sfie---,
0,πτέσθαι,πέτομαι,v--ane---,
1,πτῆξα,πτήσσω,v1saia---,lemming;morpheus
1,πτήξω,πτήσσω,v1sfia---,lemming;morpheus
1,πτῆναι,πέτομαι,v--ana---,morpheus
0,πτήσομαι,πέτομαι,v1sfie---,
1,πτίσω,πτίσσω,v1sfia---,morpheus
0,πτοήσω,πτοἡέω,v1sfia---,
1,πτολέμιξε,πολεμίζω,v3saia---,morpheus
1,πτολεμίξω,πολεμίζω,v1sfia---,morpheus
0,πτόμενος,πέτομαι,v-sape-n-,
0,πτυέντα,πτύω,v-sapa-a-,
0,πτύξατο,πτύσσω,v3saie---,
0,πτύξομαι,πτύσσω,v1sfie---,
1,πτυρῆναι,πτύρομαι,v--anp---,lemming;morpheus
0,πτύσα,πτύω,v--ana---,
0,πτυσθήσομα,πτύω,v1sfip---,
0,πτύσομαι,πτύω,v1sfie---,
1,πτύσω,πτύω,v1sfia---,lemming;morpheus
0,πυθέσθαι,πυνθάνομαι,v--ane---,
0,ῥαγείς,δήγνυμι,v-sapp-n-,
1,ῥαίῃσι,ῥαίω,v3spsa---,lemming;morpheus
1,ῥαινέμεν,ῥαίνω,v--pna---,lemming;morpheus
0,ῥαίνοντο,ῥαίνω,v3-iie---,
1,ῥαῖσαι,ῥαίω,v--ana---,lemming;morpheus
1,ῥαισέμεναι,ῥαίω,v--fna---,lemming;morpheus
1,ῥαίσῃ,ῥαίω,v3sasa---,lemming;morpheus
0,ῥαίσομαι,ῥαίω,v1sfie---,
1,ῥαίσω,ῥαίω,v1sfia---,lemming;morpheus
0,ῥάνασθαι,ῥαίνω,v--ane---,
0,ῥανθείς,ῥαίνω,v-sapp-n-,
1,ῥανῶ,ῥαίνω,v1sfia---,lemming;morpheus
0,ῥάξομαι,ῥάττω,v1sfie---,
1,ῥαπισθείην,ῥαπίζω,v1saop---,lemming;morpheus
1,ῥάσσατε,ῥάζω,v2pama---,morpheus
1,ῥαφῆναι,ῥάπτω,v--anp---,lemming;morpheus
1,ῥαφήσομαι,ῥάπτω,v1sfip---,morpheus
0,ῥαχθῆναι,ῥάττω,v--anp---,
1,ῥάψα,ῥάπτω,v1saia---,lemming;morpheus
1,ῥέε,ῥέω,v3siia---,lemming;morpheus
1,ῥέζον,ῥέζω,v1siia---,lemming;morpheus
0,ῥέξα,ον,v1saia---,
0,ῥέξαις,ον,v-sapa-n-,
0,ῥέξω,ον,v1sfia---,
1,ῥέον,ῥέω,v1siia---,lemming;morpheus
0,ῥεράπισμαι,ῥαπίζω,v1srie---,
0,ῥέρευκα,ῥέω,v1sria---,
0,ῥέριμμαι,ῥίπτω,v1srie---,
0,ῥερίφθαι,ῥίπτω,v--rne---,
0,ῥερυπωμένος,ῥυπάω,v-srpe-n-,
1,ῥεῦσαι,ῥέω,v--ana---,morpheus
0,ῥεύσομαι,ῥέω,v1sfie---,
0,ῥεχθείη,ῥδέζω,v3saop---,
0,ῥέφω,ῥέπτω,v1sfia---,
0,εδηγνύατο,ῥήγνυμι,v3piie---,
0,ῥηθείς,εἴρω,v-sapp-n-,
1,ῥηθῆναι,εἴρω,v--anp---,lemming
1,ῥηθήσομαι,εἴρω,v1sfip---,lemming
0,ερρῆξα,δήγνυμι,v1saia---,
0,ἐῥδίγησα,ῥιγέω,v1saia---,
0,ὁ,ῥιγόω,v-sppa-a-,
1,ῥιγῷ,ῥιγόω,v3spsa---,lemming;morpheus
1,ῥιγῴη,ῥιγόω,v3spoa---,morpheus
0,ῥιγῶν,ῥιγέω,v-sppa-n-,
0,ἐῥιγῶν,ῥιγόω,v--pna---,
0,κὀιγῶσα,ῥιγόω,v-sppa-n-,
1,ῥιγώσω,ῥιγόω,v1sfia---,lemming;morpheus
0,ῥινηθέν,ῥινάω,v-sapp-n-,
0,εδιπτάζεσκε,ῥιπτάζω,v3siia---,
1,ῥιπτάσαι,ῥιπτάζω,v--ana---,lemming;morpheus
1,ῥίπτασκον,ῥίπτω,v1siia---,lemming;morpheus
0,κῥύοιτο,δρύομαι,v3spoe---,
0,ἐῥύοντο,δρύομαι,v3piie---,
1,ῥυπανῶ,ῥυπαίνω,v1sfia---,lemming;morpheus
0,ἐδύσατο,ἐρύομαι,v3saie---,
0,ἐῥυσεῦνται,ἐρύομαι,v3pfie---,
0,ἐῥύσηται,ἐρύομαι,v3sase---,
0,ἐῥῦσθαι,ἐρύομαι,v--pne---,
0,ἐῥύσκευ,ἐρύομαι,v2siie---,
0,ῥύσομαι,ρύομαι,v1sfie---,
0,ῥυφῆσαι,ῥυφάω,v--ana---,
0,ῥυφήσασθαι,ως ι,,
1,ῥωσθήσομαι,ῥώννυμι,v1sfip---,lemming;morpheus
0,ῥώσονται,δώομαι,v3pase---,
0,ῥώσω,ῥώννυμι,v1-fia---,
0,σαβάξας,σαβάζω,v-sapa-n-,
1,σαγηνεύσαιεν,σαγηνεύω,v3paoa---,lemming;morpheus
0,σαῖνον,σαγηνεύω,v1siia---,
0,σαλευθήσομαι,σαγηνεύω,v1sfip---,
0,σαλεύσω,σαγηνεύω,v1sfia---,
0,σάλπιξ,σαλπίζω,v1saia---,
1,σαλπίσω,σαλπίζω,v1sfia---,lemming;morpheus
0,σανῶ,σαλπίζω,v1sfia---,
0,σάξω,σαλπίζω,v1sfia---,
0,σαοῖ,σῴζω,,
0,σαπείς,σῴζω,,
0,σαπῇ,σῴζω,,
0,σαπήσομαι,σῴζω,,
0,σαρῶ,σῴζω,,
0,σάσω,σάττω,v1sfia---,
0,ἔσζω,σῴζω,,
0,σβείς,σβέννυμι,v-sapa-n-,
1,σβέννυντο,σβέννυμι,v3piie---,lemming;morpheus
0,σβεσθείς,σβέννυμι,v-sapp-n-,
1,σβεσθήσομαι,σβέννυμι,v1sfip---,lemming;morpheus
1,σβέσσαι,σβέννυμι,v--ana---,lemming;morpheus
0,σβέσσατο,σβέννυμι,v3saie---,
0,σθβέτω,σβέννυμι,v1sfia---,
0,σθῆναι,σβέννυμι,v--ana---,
0,σθήσομαι,σβέννυμι,v1sfie---,
0,σθῆτε,σβέννυμι,v2pama---,
0,σβῶσαι,σβέννυμι,v--ana---,
1,σεβάσσατο,σεβάζομαι,v3saie---,morpheus
0,σεβήσομαι,σέβομαι,v1sfie---,
0,σεβισθείς,σεβίζω,v-sapp-n-,
1,σεβιῶ,σεβίζω,v1sfia---,lemming;morpheus
1,σείετο,σείω,v3siie---,lemming;morpheus
1,σεῖον,σείω,v1siia---,lemming;morpheus
1,σεῖσα,σείω,v1saia---,lemming;morpheus
0,σείσατο,σείω,v3saie---,
1,σείσω,σείω,v1sfia---,lemming;morpheus
0,σεσαγηνευένοι,σαγηνεύω,v-prpe-n-,
0,σεσαγμένος,σἄττω,v-srpe-n-,
0,σέσακται,σἄττω,v3srie---,
0,σεύατο,σεύω,v3saie---,
0,σευέμενἁ,σεύω,v--pna---,
0,σεύεσχε,σεύω,v3siia---,
1,σεύῃ,σεύω,v3sasa---,lemming;morpheus
0,σεύονται,σεύω,v3-ase---,
1,σεῦται,σεύω,v3spie---,morpheus
0,σεφθείς,σέβομαι,v-sapp-n-,
0,σέψω,σέβομαι,v1sfia---,
1,σήκασθεν,σηκάζω,v3paip---,lemming;morpheus
0,σηκασθέντες,σηκάζω,v-papp-n-,
1,σήμαινε,σημαίνω,v3siia---,lemming;morpheus
1,σημανθήσομαι,σημαίνω,v1sfip---,lemming;morpheus
0,σημανοῦμαι,σημαίνω,v1sfie---,
1,σημανῶ,σημαίνω,v1sfia---,lemming;morpheus
0,σήμηα,σημαίνω,v1saia---,
0,σήσας,σήθω,v-sapa-n-,
1,σήψω,σήπω,v1sfia---,lemming;morpheus
1,σιαλῶσαι,σιαλόω,v--ana---,lemming;morpheus
1,σίγα,σιγάω,v2spma---,lemming;morpheus
0,σιγάσας,σιγάζω,v-sapa-n-,
1,σιγάσω,σιγάω,v1sasa---,morpheus
1,σιγηθήσομαι,σιγάω,v1sfip---,lemming;morpheus
1,σιγῆν,σιγάω,v--pna---,morpheus
1,σιγῇς,σιγάω,v2spsa---,morpheus
0,σιγήσομαι,σιγάω,v1sfie---,
1,σιγήσω,σιγάω,v1sfia---,lemming;morpheus
1,σιγῷμι,σιγάω,v1spoa---,lemming;morpheus
1,σινέσκετο,σίνομαι,v3siie---,lemming;morpheus
1,σίνηαι,σίνομαι,v2spse---,lemming;morpheus
1,σινήσομαι,σίνομαι,v1sfie---,morpheus
1,σινοίατο,σίνομαι,v3ppoe---,lemming;morpheus
1,σίξα,σίζω,v1saia---,morpheus
1,σιτέσκοντο,σιτέω,v3piie---,morpheus
1,σιτήθην,σιτέω,v1saip---,lemming;morpheus
0,σιτήσομαι,σιτέω,v1sfie---,
1,σιωπᾶν,σιωπάω,v--pna---,lemming;morpheus
1,σιώπησα,σιωπάω,v1saia---,lemming;morpheus
0,σκαφήσομαι,σχάπτω,v1sfip---,
0,σκάψω,σχκάπτω,v1sfia---,
0,κσχέδασα,σκεδάννυμι,v1saia---,
0,σχεδασθήσομαι,σκεδάννυμι,v1sfip---,
1,σκεδάσω,σκεδάννυμι,v1sfia---,lemming;morpheus
0,σκελοῦμαι,σκάλλω,v1sfie---,
1,σκελῶ,σκάλλω,v1sfia---,lemming;morpheus
0,σκεπάσω,σχεπάζω,v1sfia---,
0,σχεπήσομαι,σκέπτομαι,v1sfip---,
0,σχέπτετο,σκέπτομαι,v3siie---,
1,σκευασθῇ,σκευάζω,v3sasp---,lemming;morpheus
0,σχευασθήσομαι,σκευάζω,v1sfip---,
1,σκευάσω,σκευάζω,v1sfia---,lemming;morpheus
0,σχεφθῆναι,σκέπτομαι,v--anp---,
0,σκεψάμῃν,σκέπτομαι,v1saie---,
0,σχέψασθαι,σκέπτομαι,v--ane---,
1,σκέψομαι,σκέπτομαι,v1sfie---,morpheus
0,ἐσχήλειε,σχέλλω,v3saoa---,
0,σκηνησάμενος,σχῃνάω,v-sape-n-,
0,σκήψαιτο,σκήπτω,v3saoe---,
0,σκῆψας,σκήπτω,v-sapa-n-,
0,σκήψομαι,σκήπτω,v1sfie---,
1,σκήψω,σκήπτω,v1sfia---,lemming;morpheus
0,σκιμφθῇ,σχκίμπτομαι,v3sasp---,
0,σκίμψατο,σχκίμπτομαι,v3saie---,
0,σκλῆναι,σκάλλω,v--ana---,
0,σκλήσομαι,σκάλλω,v1sfie---,
0,σκολοπιοῦμαι,σκολοπίζω,v1sfie---,
0,σχκοπήσω,σκοπέω,v1sfia---,
0,σχορπιῶ,σκορπίζω,v1sfia---,
0,σκχοτισθήτωσαν,σκοτίζω,v3pamp---,
1,σκοτώσω,σκοτόω,v1sfia---,lemming;morpheus
1,σκύζοντο,σκύζομαι,v3piie---,lemming;morpheus
1,σκύσσαιτο,σκύζομαι,v3saoe---,morpheus
0,σχκώψομαι,σκώπτω,v1sfie---,
1,σκώψω,σκώπτω,v1sfia---,lemming;morpheus
1,σμαραγήσῃ,σμαραγέω,v3sasa---,lemming;morpheus
0,σμασαμένα,σμάο,v-sape-n-,
0,σμῇ,σμάο,v3spia---,
0,σμησάμενοι,σμάο,v-pape-n-,
1,σμῆται,σμάω,v3spie---,lemming;morpheus
0,σμώμενος,σμάω,v-sppe-n-,
0,σοβήσετο,σοβέω,v3saie---,
1,σόει,σοέω,v3siia---,lemming;morpheus
0,σόῃ,σῴζω,,
0,σολοικιῷ,σολουκίζω,v1sfia---,
0,σοῦ,σε,v2spme---,
0,σοῦνται,σε,v3ppie---,
0,σοῦσθαι,σε,v--pne---,
0,σούσθω,σε,v3spme---,
0,σοφίσασθαι,σοφίζω,v--ane---,
0,σοῷ,σῴζω,,
0,σπαοάξομαι,σπαράττω,v1sfie---,
0,σπαράξω,σπαράττω,v1sfia---,
0,σπαρές,σπίρω,v--ane---,
1,σπάσα,σπάω,v1saia---,lemming;morpheus
0,σπασάμην,σπάω,v1saie---,
0,σπάσας,σπάω,v-sapa-n-,
0,σπασθήσοιλαι,σπάω,v1sfip---,
0,σπάσομαι,σπάω,v1sfie---,
0,σπασσάμενος,σπάω,v-sape-n-,
0,σπάσσασθε,σπάω,v2pame---,
1,σπάσω,σπάω,v1sfia---,lemming;morpheus
0,σπεῖν,ἔπω,v--ana---,
0,σπεῖο,ἔπω,v2same---,
0,σπείρασθαι,σπείρω,v--ane---,
1,σπείρεσκον,σπείρω,v1siia---,lemming;morpheus
0,σπειρηθείς,σπειράομαι,v-sapp-n-,
1,σπεῖσα,σπένδω,v1saia---,lemming;morpheus
1,σπεῖσαι,σπένδω,v--ana---,lemming;morpheus
1,σπεΐσομεν,σπένδω,v1pasa---,morpheus
1,σπείσω,σπένδω,v1sfia---,lemming;morpheus
1,σπένδεσκον,σπένδω,v1siia---,lemming;morpheus
0,σπένδῃησθα,σπένδω,v2spsa---,
0,σπέρξομχι,σπεῦχὼ,v1sfie---,
0,σπέρσω,σπείρω,v1sfia---,
0,σπερχθείς,σπέρχω,v-sapp-n-,
0,στειλάμην,στέλλω,v1saie---,
0,στείομεν,ἴστημι,v1pasa---,
0,στειρωθείσης,στειρόω,v-sapp-g-,
1,στεῖχον,στείχω,v1siia---,lemming;morpheus
1,στείψω,στείβω,v1sfia---,morpheus
0,στελοῦμαι,στέλλω,v1sfie---,
1,στελῶ,στέλλω,v1sfia---,lemming;morpheus
1,στενάξω,στενάζω,v1sfia---,morpheus
1,στενάχεσκον,στενάχω,v1siia---,lemming;morpheus
1,στενάχιζε,στεναχίζω,v3siia---,lemming;morpheus
1,στεναχίζετο,στεναχίζω,v3siie---,lemming;morpheus
1,στέξω,στέγω,v1sfia---,lemming;morpheus
0,στερείς,στερέω,v-sapa-n-,
1,στερεῖσθαι,στερέω,v--pne---,lemming;morpheus
1,στερείσθω,στερέω,v3spme---,lemming;morpheus
1,στερέσαι,στερέω,v--ana---,lemming;morpheus
0,στερέσας,στερέω,v-sapa-n-,
1,στερηθήσομαι,στερέω,v1sfip---,lemming;morpheus
0,στερήσομαι,στερέω,v1sfie---,
1,στερήσω,στερέω,v1sfia---,lemming;morpheus
1,στέρξω,στέργω,v1sfia---,lemming;morpheus
1,στεροῖτο,στερέω,v3spoe---,lemming;morpheus
0,στερουμένους,στερέω,v-pppe-a-,
1,στεφανωθήσομαι,στεφανόω,v1sfip---,lemming;morpheus
0,στεφανώσομαι,στεφανόω,v1sfie---,
0,στεφθείς,στέφω,v-sapp-n-,
1,στεφθήσομαι,στέφω,v1sfip---,lemming;morpheus
1,στέφον,στέφω,v1siia---,lemming;morpheus
0,στέψομαι,στέφω,v1sfie---,
1,στέψω,στέφω,v1sfia---,lemming;morpheus
1,στέωμεν,ἵστημι,v1pasa---,lemming;morpheus
0,στῇ,ἵστημι,v3saia---,
0,στῆῃς,ἵστημι,v2sasa---,
1,στῆθι,ἵστημι,v2sama---,lemming;morpheus
1,στῆν,ἵστημι,v1saia---,lemming;morpheus
1,στῆναι,ἵστημι,v--ana---,lemming;morpheus
0,στήρια,στηρίζω,v1saia---,
1,στηρίξαι,στηρίζω,v--ana---,lemming;morpheus
1,στηρίξειεν,στηρίζω,v3saoa---,lemming;morpheus
0,στηρίξομαι,στηρίζω,v1sfie---,
1,στηρισάτω,στηρίζω,v3sama---,lemming;morpheus
0,στοέψομσι,στροέφωικ,v1sfie---,
0,στρέφω,στροέφωικ,v1sfia---,
0,στροβύσω,στροβέω,v1sfia---,
0,στρώσομσι,τ ἢ στρώννραι,v1sfie---,
0,στρώσω,τ ἢ στρώννραι,v1sfia---,
0,στυφέλιξε,στυφελίξω,v3saia---,
0,στυφθείς,στόω,v-sapp-n-,
0,σῶ,ἴστημι,v1sasa---,
0,στωμυλοῦμαι,στωμύλλω,v1sfie---,
0,ἰσύλα,συλάω,v3siia---,
1,συληθήσομαι,συλάω,v1sfip---,lemming;morpheus
0,συλήσας,συλάω,v-sapa-n-,
0,συλήσομαι,συλάω,v1sfie---,
0,σύμενος,συ ὃ ὃἕὃὁ,v-sape-n-,
0,συνεργήσω,συνεργω,v2-fia---,
1,συνήργησα,συνεργέω,v1saia---,lemming;morpheus
1,συνήργουν,συνεργέω,v1siia---,lemming;morpheus
1,συννένοφα,συννέφω,v1sria---,lemming
0,συνοχωχότε,συνόχωκα,v-drpa-n-,
1,σύριξα,συρίζω,v1saia---,lemming;morpheus
1,συρίσω,συρίζω,v1sfia---,morpheus
1,συρῶ,σύρω,v1sfia---,lemming;morpheus
0,σύτο,σεω,v3saie---,
0,σφαγεῖς,σφάζω,v-sapp-n-,
1,σφαγῆναι,σφάζω,v--anp---,lemming;morpheus
1,σφαγήσομαι,σφάζω,v1sfip---,lemming;morpheus
1,σφάλαι,σφάλλω,v3saoa---,morpheus
0,σφαλείς,σφάλλω,v-sapp-n-,
0,σφαλῇναι,σφάλλω,v--anp---,
1,σχοίησαν,ἔχω,v3paoa---,morpheus
0,σχοῖσα,ἔχω,v-sapa-n-,
0,σχολασθέντα,σχολάζω,v-papp-n-,
0,σχόμενος,ἔχω,v-sape-n-,
0,σχοῦ,ἔχω,v2same---,
1,σχῶ,ἔχω,v1sasa---,lemming;morpheus
0,σχών,ἔχω,v-sapa-n-,
0,σώεσθαι,σῴζω,,
0,σῶμαι,σεύω,v1spie---,
0,σωματίσαντος,σωματίζω,v-sapa-g-,
0,σωματωθεῖσα,σωματόω,v-sapp-n-,
0,σῴξω,σῴζω,v1sfia---,
0,σωόμην,σῴζω,v1siie---,
0,σωπάσομαι,σιωπάω,v1sfie---,
1,σῶσαι,σῴζω,v--ana---,lemming
1,σώσαιεν,σῴζω,v3paoa---,lemming
0,σωσαίμην,σῴζω,v1saoe---,
0,σωσο,σῴζω,v3pfoe---,
0,σώσομαι,σῴζω,v1-fie---,
1,σῶσον,σῴζω,v2sama---,lemming
1,σώσω,σῴζω,v1sfia---,lemming
0,σωφρονήσεις,σωρφονέω,v2sfia---,
0,σώωντες,σῴζω,,
0,ταγείς,τάττω,v-sapp-n-,
0,τάγευσαι,ταγεύω,v2same---,
0,ταγήσομαι,τάττω,v1sfip---,
0,ταθείς,τείνω,v-sapp-n-,
1,τάθην,τείνω,v1saip---,lemming;morpheus
1,ταθήσομαι,τείνω,v1sfip---,lemming;morpheus
0,ἔτχεαι,τήκω,v2spie---,
0,ιττάκήσομαι,τήκω,v1sfip---,
0,τακόμενος,τήκω,v-sppe-n-,
0,ταλαιϊιπορήσομαι,τήκω,v1sfie---,
0,ταμεῖν,τήκω,v--ana---,
0,ταμέσθαι,τήκω,v--ane---,
0,ταμιεύσομαι,τήκω,v1sfie---,
0,ταμιεύσω,τήκω,v1sfia---,
0,ταμνέμεν,τήκω,v--pna---,
0,ἐτάμοιμι,τήκω,v1saoa---,
0,εταμῶ,τήκω,v1sfia---,
0,ἔσάνυσθεν,τήκω,v3paip---,
0,τανύσας,τήκω,v-sapa-n-,
0,ἐτάνυσσα,τήκω,v1saia---,
0,ἐτανυσσάμενος,τήκω,v-sape-n-,
1,τάξω,τήκω,v1sfia---,morpheus
0,ταπεινωθείς,τήκω,v-sapp-n-,
0,ταπεινωθήσεται,τήκω,v3sfip---,
0,ταράξομαι,τήκω,v1sfie---,
0,ταράξω,τήκω,v1sfia---,
0,ταρασσέμεν,τήκω,v--pna---,
0,ταραχθήσομαι,τήκω,v1sfip---,
0,ταρβῆσας,ταρβέω,v-sapa-n-,
1,ταριχευθῆναι,ταριχεύω,v--anp---,lemming;morpheus
1,τάρπην,τέρπω,v1saip---,lemming;morpheus
1,ταρπῆναι,τέρπω,v--anp---,lemming;morpheus
0,τάρφθν,τέρπω,v1saip---,
0,ταρχυθεῖσαν,ταρχύω,v-sapp-a-,
1,ταρχύθην,ταρχύω,v1saip---,lemming;morpheus
1,τάρχυσα,ταρχύω,v1saia---,lemming;morpheus
0,ταρχυσάμην,ταρχύω,v1saie---,
1,ταρχύσω,ταρχύω,v1sfia---,lemming;morpheus
0,ταφείς,θάπτω,v-sapp-n-,
1,ταφῆναι,θάπτω,v--anp---,lemming;morpheus
0,ταχθείς,θάπτω,v-sapp-n-,
0,ταχθήσομαι,θάπτω,v1sfip---,
0,τέγξας,θάπτω,v-sapa-n-,
0,τέγξω,θάπτω,v1sfia---,
1,τέθαλα,θάλλω,v1sria---,lemming;morpheus
1,τεθάλφθαι,θάλπω,v--rne---,lemming;morpheus
0,τεθαλώς,θάλλω,v-srpa-n-,
0,τεθαμβημένος,θαμβέω,v-srpe-n-,
0,τεθαμβωμένος,θαμβόομαι,v-srpe-n-,
1,τέθαμμαι,θάπτω,v1srie---,lemming;morpheus
1,τεθανάτωκα,θανατόω,v1sria---,lemming;morpheus
1,τεθανάτωμαι,θανατόω,v1srie---,lemming;morpheus
0,τεθαρσήχκασι,θαρρέω,v3pria---,
1,τεθαύμακα,θαυμάζω,v1sria---,lemming;morpheus
1,τεθαύμασμαι,θαυμάζω,v1srie---,lemming;morpheus
1,τεθάφαται,θάπτω,v3prie---,lemming;morpheus
1,τεθάφθαι,θάπτω,v--rne---,lemming;morpheus
1,τεθάφθω,θάπτω,v3srme---,lemming;morpheus
1,τεθάψομαι,θάπτω,v1stie---,lemming;morpheus
1,τεθέαμαι,θεάομαι,v1srie---,lemming;morpheus
1,τέθειμαι,τίθημι,v1srie---,lemming;morpheus
1,τεθεῖσθαι,τίθημι,v--rne---,lemming;morpheus
0,τεθειωμένον,θειόω,v-srpe-n-,
0,τεθέληκα,ἐγθέλω,v1sria---,
1,τεθεματίσθαι,θεματίζω,v--rne---,lemming
0,τεθεμελιωμένη,θεμελιόω,v-srpe-n-,
1,τεθέρισμαι,θερίζω,v1srie---,lemming;morpheus
0,τεθέρμαγχα,θερμαίνω,v1sria---,
1,τεθέρμασμαι,θερμαίνω,v1srie---,lemming;morpheus
1,τεθέσπισται,θεσπίζω,v3srie---,lemming;morpheus
1,τεθεώρηκα,θεωρέω,v1sria---,lemming;morpheus
1,τεθεώρηται,θεωρέω,v3srie---,lemming;morpheus
1,τέθηγμαι,θήγω,v1srie---,lemming;morpheus
0,τέθηκχα,τίθημι,v1sria---,
0,τεθηλακώς,θηλάζω,v-srpa-n-,
0,τέθηλε,θάλλω,v3-ria---,
1,τεθήλει,θάλλω,v3slia---,lemming;morpheus
0,τεθηλέναι,θάλλω,v--pna---,
1,τεθήλῃ,θάλλω,v3srsa---,lemming;morpheus
0,τεθήλυκα,θάλλω,v1sria---,
0,τεθήλυμμαι,θάλλω,v1srie---,
0,τεθηλύνθαι,θάλλω,v--rne---,
0,τεθηλώς,θάλλω,v-srpa-n-,
0,τεθημένος,θάλλω,v-srpe-n-,
0,τεθῆναι,θάλλω,v--anp---,
0,τέθηπα,τέθηπα,,
1,τεθήρευκα,θηρεύω,v1sria---,lemming;morpheus
1,τεθήρευμαι,θηρεύω,v1srie---,lemming;morpheus
0,τεθηριωμένον,θυηριόω,v-srpe-n-,
0,τεθήσομαι,θυηριόω,v1sfip---,
0,τέθηται,θυηριόω,v3srie---,
0,τεθίξομαι,θιγγάνω,v1stie---,
1,τέθλακα,θλάω,v1sria---,lemming
1,τέθλασμαι,θλάω,v1srie---,lemming
0,τεθλασμένος,θλάω,v-srpe-n-,
1,τέθλιμμαι,θλίβω,v1srie---,lemming;morpheus
1,τέθλιφα,θλίβω,v1sria---,lemming
1,τέθναθι,θνήσκω,v2srma---,lemming;morpheus
1,τεθναῖεν,θνήσκω,v3proa---,lemming;morpheus
0,τεθναίηην,θνήσκω,v1sroa---,
0,τεθνάκην,θνήσκω,v--rna---,
1,τέθναμεν,θνήσκω,v1pria---,lemming;morpheus
1,τεθνάναι,θνήσκω,v--rna---,lemming;morpheus
0,τεθναξοῦμαι,θνήσκω,v1stie---,
0,τεθναότα,θνήσκω,v-srpa-a-,
1,τεθνᾶσι,θνήσκω,v3pria---,lemming;morpheus
1,τέθνατον,θνήσκω,v3dria---,lemming
1,τεθνάτω,θνήσκω,v3srma---,lemming;morpheus
0,τεθνεός,θνήσκω,v-srpa-n-,
0,ιτεθνεώς,θνήσκω,v-srpa-n-,
1,τέθνηκα,θνήσκω,v1sria---,lemming;morpheus
0,τε,θνήσκω,v--rna---,
0,τε,θνήσκω,v-srpa-n-,
0,τε,θνήσκω,v-srpa-n-,
1,τεθνήκω,θνήσκω,v1srsa---,morpheus
0,τεθνηκώς,θνήσχκω,v-sppa-n-,
0,τεθνήξομαι,θνήσχκω,v1stie---,
0,τεθνήξω,θνήσχκω,v1stia---,
1,τεθοίναμαι,θοινάω,v1srie---,lemming;morpheus
0,τεθορυβημόνος,θορυβέω,v-srpe-n-,
0,κχεθορυίης,θρῴσκω,v-srpa-g-,
0,κτεθοωμένος,θοόω,v-srpe-n-,
1,τέθραμμαι,τρέφω,v1srie---,lemming;morpheus
1,τέθραυσμαι,θραύω,v1srie---,lemming;morpheus
1,τεθράφθαι,τρέφω,v--rne---,lemming;morpheus
1,τέθραφθε,τρέφω,v2prie---,lemming;morpheus
1,τεθρήνηται,θρηνέω,v3srie---,lemming;morpheus
0,τεθρυλημένου,θρυλέω,v-srpe-g-,
1,τέθρυμμαι,θρύπτω,v1srie---,lemming;morpheus
1,τέθυκα,θύω,v1sria---,lemming;morpheus
1,τέθυμαι,θύω,v1srie---,lemming;morpheus
0,τεθυμιαμένος,θυμιάω,v-srpe-n-,
1,τέθυμμαι,τύφω,v1srie---,morpheus
0,τεθυμῶσθαι,θθυμόω,v--rne---,
0,τεθυρσωμέναι,θυρσόω,v-prpe-n-,
1,τεθυρῶσθαι,θυρόω,v--rne---,lemming;morpheus
0,τέθυφα,τύφω,v1sria---,
0,τεθωρακ,θωρακίζω,v-srpe-n-,
0,τεθωρηκώς,θωρήσσω,v-srpa-n-,
0,τείλας,τέλλω,v-sapa-n-,
1,τεῖναν,τείνω,v3paia---,lemming;morpheus
0,τείνας,τείνω,v-sapa-n-,
1,τείνεσκε,τείνω,v3siia---,morpheus
1,τεῖρε,τείρω,v3siia---,lemming;morpheus
1,τεῖσαι,τίνω,v--ana---,lemming;morpheus
0,τείσομαι,τίνω,v1sfie---,
1,τείσω,τίνω,v1sfia---,lemming;morpheus
1,τειχιῶ,τειχίζω,v1sfia---,lemming;morpheus
1,τεκεῖν,τίκτω,v--ana---,lemming;morpheus
0,τεκεῖσθαι,τίκτω,v--fne---,
0,τεκέσθαι,τίκτω,v--ane---,
1,τέκηαι,τίκτω,v2sase---,morpheus
0,τεχκμαροῦμαι,τεχμαίρω,v1sfie---,
0,τεχμήραντο,τεχμαίρω,v3paie---,
0,τέκοιτο,τίκτω,v3saoe---,
0,τεχκόμην,τίκτω,v1saie---,
0,ἱτέχον,τίκτω,v1saia---,
0,τεκτανοῦμαι,τεχκταίνομαι,v1sfie---,
0,τεκτήνατο,τεχκταίνομαι,v3saie---,
0,τεκών,τίκτω,v-sapa-n-,
1,τελέεσκον,τελέω,v1siia---,morpheus
0,τελέθεσχε,τελέθω,v3siia---,
0,τελεῖσθαι,τελέω,v--fne---,
0,τελεῖται,τελέω,v3sfie---,
0,τελεόμενος,τελέω,v-sfpe-n-,
1,τέλεον,τελέω,v1siia---,lemming;morpheus
0,τελέσθην,τελέω,v--anp---,
1,τελεσθήσομαι,τελέω,v1sfip---,lemming;morpheus
1,τελέσω,τελέω,v1sfia---,lemming;morpheus
0,τελεύμενος,τελέω,v-sppe-n-,
1,τελεύτα,τελευτάω,v3siia---,lemming;morpheus
1,τελεύτησαν,τελευτάω,v3paia---,lemming;morpheus
0,τελευτήσομαι,τελευτάω,v1sfie---,
1,τελευτήσω,τελευτάω,v1sfia---,lemming;morpheus
0,τελιάσαντα,τελιάζω,v-sapa-a-,
1,τελῶ,τελέω,v1sfia---,lemming;morpheus
1,τεμεῖν,τέμνω,v--ana---,lemming;morpheus
1,τεμένισσε,τεμενίζω,v3saia---,morpheus
0,τεμέσθαι,τέμνω,v--ane---,
1,τέμνεσκον,τέμνω,v1siia---,morpheus
0,τεμοῦμαι,τέμνω,v1sfie---,
1,τεμῶ,τέμνω,v1sfia---,lemming;morpheus
0,τεμών,τέμνω,v-sapa-n-,
0,τενοῦμαι,τείνω,v1sfie---,
0,τεξείεσθε,τίκτω,v2pfie---,
0,τέξομαι,τίκτω,v1sfie---,
1,τέξω,τίκτω,v1sfia---,lemming;morpheus
0,τερέσω,τερέω,v1sfia---,
1,τερετιῶ,τερετίζω,v1sfia---,lemming;morpheus
1,τέρπεσκον,τέρπω,v1siia---,lemming;morpheus
1,τέρπῃσι,τέρπω,v3spsa---,lemming;morpheus
0,τέρσι,τέρσομαι,v--ana---,
0,ἡ,τέρσομαι,v--anp---,
0,τέρσηε,τέρσομαι,v3saia---,
0,τερφθείς,τέρπω,v-sapp-n-,
1,τερφθήσομαι,τέρπω,v1sfip---,lemming;morpheus
0,τέρψαιτο,τέρπω,v3-aoe---,
0,τερψάμενος,τέρπω,v-sape-n-,
0,τέρψομαι,τέρπω,v1sfie---,
0,τέρψομαι,τέρπω,v1sase---,
1,τέρψω,τέρπω,v1sfia---,lemming;morpheus
0,τέταγμαι,τάττω,v1srie---,
1,τέτᾶκα,τείνω,v1sria---,morpheus
0,τέτᾶκα,τήκω,v1sria---,
0,ἐτέτακτο,τι ἅττω,v3slie---,
0,τεταλαιπώρηκα,ταλαιπορέω,v1sria---,
0,τεταλα,ταλαιπορέω,v1srie---,
0,τεταλχώς,τέλλω,v-srpa-n-,
1,τέταλμαι,τέλλω,v1srie---,lemming;morpheus
1,τεταμίευκα,ταμιεύω,v1sria---,lemming;morpheus
1,ἐτέταντο,τείνω,v3plie---,lemming;morpheus
0,τετανυμένος,τανύω,v-srpe-n-,
1,τετανύσσεται,τανύω,v3stie---,lemming
1,τετάνυσται,τανύω,v3srie---,lemming;morpheus
1,τετάνυστο,τανύω,v3slie---,lemming;morpheus
0,τετάξομαι,τανύω,v1stie---,
0,τεταπεινωμένην,τανύω,v-srpe-a-,
0,τετάραγμαι,τανύω,v1srie---,
0,τεταρβηκώς,τανύω,v-srpa-n-,
0,τεταριχευμένους,τανύω,v-prpe-a-,
0,τετάρπετο,τανύω,v3saie---,
0,τεταρπόμενος,τανύω,v-sape-n-,
0,τεταρπώμεθα,τανύω,v1pase---,
0,τεταρσωμέναι,τανύω,v-prpe-n-,
0,τετάρσωται,τανύω,v3srie---,
0,τετάρχυμαι,τανύω,v1srie---,
0,τέταχα,τανύω,v1sria---,
0,τετάχαται,τανύω,v3prie---,
0,τετάχατο,τανύω,v3plie---,
0,τετεικώς,τανύω,v-srpa-n-,
1,τέτεισται,τίνω,v3srie---,lemming;morpheus
1,τετείχισται,τειχίζω,v3srie---,lemming;morpheus
0,τετεκνωμένης,τεχνόω,v-srpe-g-,
1,τετέλεκα,τελέω,v1sria---,lemming;morpheus
1,τετέλεσμαι,τελέω,v1srie---,lemming;morpheus
0,τετέλεστο,τελέω,v3-lie---,
0,τετελεύτηκα,τελευτάω,v1spia---,
0,τετελημένος,τελέω,v-srpe-n-,
1,τετέληνται,τελέω,v3prie---,lemming
1,τετελώνηκα,τελωνέω,v1sria---,lemming;morpheus
1,τέτευγμαι,τυγχάνω,v1srie---,lemming;morpheus
1,τετεύξομαι,τεύχω,v1stie---,lemming;morpheus
1,τετεύτακα,τευτάζω,v1sria---,lemming;morpheus
1,τέτευχα,τεύχω,v1sria---,lemming;morpheus
1,τέτευχα,τυγχάνω,v1sria---,lemming;morpheus
0,ἐτετεύχαται,τεύχω,v3prie---,
1,ἐτετεύχατο,τεύχω,v3plie---,lemming;morpheus
0,ἐτετεύχεν,τυγχάνω,v--rna---,
1,τετέχθαι,τίκτω,v--rne---,lemming;morpheus
0,τετεχνασμέναι,τεχνάζω,v-prpe-n-,
0,τετεχνέαται,τεχνάομαι,v3prie---,
1,τέτηγμαι,τήκω,v1srie---,lemming;morpheus
1,τέτηκα,τήκω,v1sria---,lemming;morpheus
1,τετήρηκα,τηρέω,v1sria---,lemming;morpheus
1,τετήρηται,τηρέω,v3srie---,lemming;morpheus
0,τετιημένος,τετίημαι,v-srpe-n-,
0,τετιηότες,τετίημαι,v-prpa-n-,
1,τέτιλκα,τίλλω,v1sria---,lemming;morpheus
1,τέτιλμαι,τίλλω,v1srie---,lemming;morpheus
1,τέτιμαι,τίω,v1srie---,lemming;morpheus
0,τετιμένος,τίω,v-srpe-n-,
1,τετίμηκα,τιμάω,v1sria---,lemming;morpheus
1,τετίμημαι,τιμάω,v1srie---,lemming;morpheus
1,τετιμήσομαι,τιμάω,v1stie---,morpheus
0,τετιμώρημαι,τιμάω,v1srie---,
0,τετίνακται,τιμάω,v3srie---,
0,τετινάχθαι,τιμάω,v--pne---,
0,τέτλαθι,τιμάω,v2-rma---,
0,τετλαίην,τιμάω,v1sroa---,
0,τέτλαμεν,τιμάω,v1pria---,
0,τετλάναι,τιμάω,v--rna---,
0,τέτληκα,τιμάω,v1sria---,
0,τετληότες,τιμάω,v-prpa-n-,
0,τετληώς,τιμάω,v-srpa-n-,
0,τέτμηκα,τιμάω,v1sria---,
0,τέτμημαι,τιμάω,v1srie---,
0,τετμήσομαιἩ,τιμάω,v1stie---,
0,τετμηώς,τιμάω,v-srpa-n-,
0,τέτοκα,τιμάω,v1sria---,
0,τετόλμηκα,τιμάω,v1sria---,
0,τετολμημέναι,τιμάω,v-prpe-n-,
0,τετόνωται,τιμάω,v3srie---,
0,τετόξευται,τιμάω,v3srie---,
0,τετορευμένα,τορεύω,v-prpe-n-,
0,τετόρημαι,τορεύω,v1srie---,
1,τέτραμμαι,τρέπω,v1srie---,lemming;morpheus
0,τετραμμένος,τρέπω,v-srpe-n-,
1,τετρᾶναι,τετραίνω,v--ana---,lemming
0,τετράνας,τετραίνω,v-sapa-n-,
1,τετρανῶ,τετραίνω,v1sfia---,lemming;morpheus
1,τέτραπτο,τρέπω,v3slie---,lemming;morpheus
1,τετραυμάτικα,τραυματίζω,v1sria---,lemming;morpheus
0,τετραυμάτισμαι,τραυματίζω,v1spie---,
0,τέτραφα,τρέπω,v1sria---,
1,τέτραφα,τρέφω,v1sria---,lemming
1,τετράφαται,τρέπω,v3prie---,lemming;morpheus
1,τετράφατο,τρέπω,v3plie---,lemming;morpheus
0,τετράφθω,τρέπω,v3spme---,
1,τετράχυκα,τραχύνω,v1sria---,lemming;morpheus
1,τετραχύνθαι,τραχύνω,v--rne---,morpheus
1,τετράχυνται,τραχύνω,v3srie---,morpheus
1,τετράχυσμαι,τραχύνω,v1srie---,lemming;morpheus
0,τετράψομαι,τρέπω,v1stia---,
0,τετρέμηκα,τρέα Ο,v1sria---,
0,τετρήατο,πετραίνω,v3plie---,
0,τετρημένος,πετραίνω,v-srpe-n-,
0,τέτρηνα,πετραίνω,v1saia---,
0,ἡτετρήναντο,πετραίνω,v3paie---,
0,τέτριγα,πετραίνω,v1sria---,
0,ἄτετρ,πετραίνω,v-prpa-n-,
0,τετρ,πετραίνω,v1sria---,
0,τέτριμμαι,πετραίνω,v1srie---,
0,τέτριφα,πετραίνω,v1sria---,
0,τετρίφαται,πετραίνω,v3prie---,
0,τέτροφα,πετραίνω,v1sria---,
0,τέτροφα,πετραίνω,v1sria---,
0,τετρυγημένοι,πετραίνω,v-prpe-n-,
0,τέτρυμαι,πετραίνω,v1srie---,
0,τετρυπήσθω,πετραίνω,v3srme---,
0,τετρυχωμένος,πετραίνω,v-srpe-n-,
0,τέτρωγμαι,πετραίνω,v1srie---,
1,τέτρωμαι,τιτρώσκω,v1srie---,lemming;morpheus
1,τετρώσομαι,τιτρώσκω,v1stie---,morpheus
0,ἐτετυκεῖν,τεύχω,v--ana---,
0,τετυκέσθαι,τεύχω,v--ane---,
0,πτέτυμμαι,τύπτω,v1srie---,
0,τεσυπόντες,τύπτω,v-papa-n-,
0,τετύπτηκα,τύπτω,v1sria---,
0,τετύπτημαι,τύπτω,v1srie---,
0,τετυπωμένα,τυπόω,v-prpe-n-,
0,τετυρωμένοι,τυρόω,v-prpe-n-,
1,τέτυφα,τύπτω,v1sria---,lemming;morpheus
1,τετύφθαι,τύπτω,v--rne---,lemming;morpheus
1,τετύφλωται,τυφλόω,v3srie---,lemming;morpheus
1,τετύφωμαι,τυφόω,v1srie---,lemming;morpheus
1,τέτυχα,τυγχάνω,v1sria---,lemming
0,τετυχηκώς,τυγχάνω,v-srpa-n-,
0,τετύχοιμι,τυγχάνω,v1saoa---,
0,τετυχώς,τυγχάνω,v-srpa-n-,
1,τεῦξαν,τεύχω,v3paia---,lemming;morpheus
0,τεύξασθαι,τεύχω,v--ane---,
0,τεύξασθαι,τυγχάνω,v--ane---,
0,τεύξομαι,τυγχάνω,v1sfie---,
0,τεύξομαι,τυγχάνω,v1sfie---,
1,τεύξω,τυγχάνω,v1sfia---,lemming
0,τεχθήσομαι,τυγχάνω,v1sfip---,
0,τεχνήσομαι,τυγχάνω,v1sfie---,
0,τήξαιο,τυγχάνω,v2saoe---,
0,τήξομαι,τυγχάνω,v1sfie---,
0,τήξω,τυγχάνω,v1sfia---,
0,τηρήσαντες,τηρέω,v-papa-n-,
0,τηχθείς,τήκω,v-sapp-n-,
0,ἐτιέμεν,τίω,v--pna---,
1,ἐτιέσκετο,τίω,v3siie---,lemming
0,ἐτιεσκόμενοι,τίω,v-pppe-n-,
1,ἐτίεσκον,τίω,v1siia---,lemming
1,τιθέασι,τίθημι,v3ppia---,lemming;morpheus
1,τίθει,τίθημι,v2spma---,morpheus
1,τίθει,τίθημι,v3siia---,lemming;morpheus
1,τιθεῖ,τίθημι,v3spia---,lemming;morpheus
1,τιθεῖεν,τίθημι,v3ppoa---,morpheus
1,τιθείην,τίθημι,v1spoa---,lemming;morpheus
0,τιθεῖν,τίθημι,v--pna---,
0,τιθείς,τίθημι,v-sppa-n-,
1,τιθεῖς,τίθημι,v2spia---,morpheus
1,τιθεῖσι,τίθημι,v3ppia---,lemming;morpheus
1,τιθεῖτο,τίθημι,v3spoe---,lemming;morpheus
1,τιθέναι,τίθημι,v--pna---,lemming;morpheus
1,τίθεντι,τίθημι,v3ppia---,morpheus
1,τίθεντο,τίθημι,v3piie---,lemming;morpheus
1,τίθεσαν,τίθημι,v3piia---,lemming;morpheus
0,τίθεσίσὀ,τίθημι,v2spme---,
0,τιθεῦντες,τίθημι,v-pppa-n-,
1,τίθου,τίθημι,v2spme---,morpheus
1,τιθῶ,τίθημι,v1spsa---,lemming;morpheus
1,τιθῶμαι,τίθημι,v1spse---,lemming;morpheus
1,τιθῶνται,τίθημι,v3ppse---,lemming;morpheus
1,τιθῶσι,τίθημι,v3ppsa---,lemming;morpheus
0,τιθ,τίθημι,v3spsa---,
0,τι,τίθημι,v2spse---,
0,τίθη,τίθημι,v2spie---,
0,τιθήμενος,τίθημι,v-sppe-n-,
0,τίθησαι,τίθημι,v2spie---,
0,τιθήσας,τίθημι,v-sapa-n-,
0,τιθήσεσθαι,τίθημι,v--fne---,
1,τίθησι,τίθημι,v3spia---,lemming;morpheus
0,τιλλέσθην,τίθημι,v3diie---,
0,τιλοῦμαι,τίθημι,v1sfie---,
0,τιμηθήσομαι,τίθημι,v1sfip---,
0,τίμησα,τίθημι,v1saia---,
0,τίμησαι,τίθημι,v2same---,
0,τιμῆσαι,τίθημι,v3saoa---,
0,τιμῆσαι,τίθημι,v--ana---,
0,τιμήσομαι,τίθημι,v1sfie---,
0,τιμήσω,τίθημι,v1sfia---,
0,τιμωρήσομαι,τίθημι,v1sfie---,
0,τιμωρήσω,τίθημι,v1sfia---,
0,τιναγείς,τινάσσω,v-sapp-n-,
1,ἐτίναξα,τινάσσω,v1saia---,lemming;morpheus
0,τιναξάσθην,τινάσσω,v3daie---,
0,τινάξεται,τινάσσω,v3sfie---,
1,τινάξω,τινάσσω,v1sfia---,lemming;morpheus
0,τιναχθείς,τινάσσω,v-sapp-n-,
0,ἐτινέμεν,τίνω,v--pna---,
0,ἐτίνεσκον,τίνω,v1siia---,
0,τιννύς,τίνω,v-sppa-n-,
1,τίον,τίω,v1siia---,lemming;morpheus
0,τῖσα,τίω,v1saia---,
0,τίσασθαι,τίνω,v--ane---,
0,τίσομαι,τίνω,v1sfie---,
1,τίσω,τίνω,v1sfia---,lemming;morpheus
1,τίσω,τίω,v1sfia---,lemming;morpheus
0,τιτῆνας,τιταίνω,v-sapa-n-,
0,τίτρα,τετραίνω,,
0,τιτρᾶσα,τετραίνω,,
0,τιτρᾶται,τετραίνω,,
1,τλᾶθι,τλάω,v2sama---,morpheus
1,τλαῖεν,τλάω,v3paoa---,lemming;morpheus
1,τλαίην,τλάω,v1saoa---,morpheus
0,τλάς,τλάω,v-sapa-n-,
0,τλᾶσα,τλάω,v-sapa-n-,
1,τλῆθι,τλάω,v2sama---,lemming;morpheus
0,τλῆς,τλάω,v2sasa---,
0,τλήσομαι,τλάω,v1sfie---,
0,τμηθείς,τέμνω,v-sapp-n-,
1,τμηθήσομαι,τέμνω,v1sfip---,morpheus
1,τμήξω,τμήγω,v1sfia---,lemming;morpheus
0,τοῖς,τολμάω,v2spia---,
1,τολμήσω,τολμάω,v1sfia---,lemming;morpheus
1,τολύπευσε,τολυπεύω,v3saia---,lemming;morpheus
1,τονθορύξει,τονθορύζω,v3sfia---,morpheus
0,τοξεύσας,τοξεύω,v-sapa-n-,
0,τορευθέν,τορεύω,v-sapp-n-,
0,τορήσας,τορέω,v-sapa-n-,
1,τορνώσαντο,τορνόομαι,v3paie---,morpheus
1,τορνώσεται,τορνόομαι,v3sfie---,morpheus
0,τόσσαι,τυγχάνω,v--ana---,
1,τραγεῖν,τρώγω,v--ana---,lemming;morpheus
0,τραπείς,τρέπω,v-sapp-n-,
0,τραπέσθαι,τρέπω,v--ane---,
1,τραπήσομαι,τρέπω,v1sfip---,morpheus
0,τραπόμην,τρέπω,v1saie---,
1,τράπον,τρέπω,v1saia---,morpheus
0,τραποῦ,τρέπω,v2same---,
1,τραπῶ,τρέπω,v1sasp---,lemming;morpheus
1,τράπωνται,τρέπω,v3pase---,morpheus
1,τράφεν,τρέφω,v3saia---,morpheus
1,τρᾶφεν,τρέφω,v3paip---,lemming
1,τράφεν,τρέφω,v--pna---,morpheus
1,τραφῆναι,τρέφω,v--anp---,lemming;morpheus
1,τραφήσομαι,τρέφω,v1sfip---,morpheus
0,τραφθεῖίς,τρέπω,v-sapp-n-,
1,τραφθῆναι,τρέπω,v--anp---,lemming;morpheus
1,τραχηλιῶ,τραχηλίζω,v1sfia---,lemming;morpheus
0,τραχυνθείς,τραχύνω,v-sapp-n-,
0,τραψῶ,τρέπω,v1sfia---,
0,τρεέτην,τρέω,v2diia---,
1,τρέον,τρέω,v1siia---,lemming;morpheus
1,τρέπεσκε,τρέπω,v3siia---,morpheus
1,τρέσσα,τρέω,v1saia---,lemming;morpheus
1,τρεφθῆναι,τρέφω,v--anp---,morpheus
0,τρέφοιν,τρέφω,v1spoa---,
1,τρέψα,τρέπω,v1saia---,lemming;morpheus
1,τρέψαιμι,τρέπω,v1saoa---,lemming;morpheus
0,τρέψομαι,τρέπω,v1sfie---,
1,τρέψον,τρέπω,v2sama---,lemming;morpheus
1,τρέψω,τρέπω,v1sfia---,lemming;morpheus
1,τρήσω,τετραίνω,v1sfia---,morpheus
0,τρ,τριάζω,v--anp---,
0,κτριβέμενἁι,τρίβω,v--pna---,
0,κτρίβεσκον,τρίβω,v1siia---,
1,τριβῆναι,τρίβω,v--anp---,lemming;morpheus
1,τριβήσομαι,τρίβω,v1sfip---,morpheus
0,τριφθείς,τρίβω,v-sapp-n-,
1,τριφθήσομαι,τρίβω,v1sfip---,morpheus
0,τρίψας,τρίβω,v-sapa-n-,
1,τρίψω,τρίβω,v1sfia---,lemming;morpheus
1,τρομέοντο,τρομέω,v3piie---,lemming;morpheus
1,τρόμεσκε,τρομέω,v3siia---,morpheus
1,τρομεῦσι,τρομέω,v3ppia---,lemming;morpheus
0,τροπώσασθαι,τροπόω,v--ane---,
0,τροχάσαι,τροπόω,v--ana---,
1,τροχιῶ,τροχίζω,v1sfia---,lemming;morpheus
0,τρυγήσαντες,τροχίζω,v-papa-n-,
0,τρυγήσομεν,τροχίζω,v1pfia---,
0,τρύξεσκον,τροχίζω,v1siia---,
0,τρύξω,τροχίζω,v1-fia---,
0,τρύσω,τροχίζω,v1sfia---,
0,τρυφέν,θρύπτω,v-sapp-n-,
1,τρυφῆσαι,τρυφάω,v--ana---,lemming;morpheus
1,τρύχεσκεν,τρύχω,v3siia---,morpheus
0,τρωθε,τιτρώσκω,v-sapp-n-,
1,τρωθήσομαι,τιτρώσκω,v1sfip---,lemming;morpheus
0,τρώξομαι,τρώγω,v1sfie---,
1,τρωπᾶσθαι,τρωπάω,v--pne---,lemming;morpheus
0,τρωπάσχετο,τρωπάω,v3siie---,
1,τρῶσα,τιτρώσκω,v1saia---,lemming;morpheus
0,τρώσομαι,τιτρώσκω,v1sfie---,
1,τρώσω,τιτρώσκω,v1sfia---,lemming;morpheus
0,τρωχῶσι,τρωχάω,v3-pia---,
0,τυθῆσο,θύω,v1sfip---,
1,τυμβεῦσαι,τυμβεύω,v--ana---,lemming;morpheus
0,τυμπανιῶ,τύμπαν ζω,v1sfia---,
1,τυπεῖν,τύπτω,v--ana---,lemming
0,τυπείς,τύπτω,v-sapp-n-,
1,τυπήσομαι,τύπτω,v1sfip---,morpheus
0,τυπτήσομαι,τύπτω,v1sfie---,
1,τυπτήσω,τύπτω,v1sfia---,lemming;morpheus
0,τυπωθετίς,τύπτω,v-sapp-n-,
0,τυραννηθήσομαι,τύπτω,v1sfip---,
0,τυραννήσομχι,τύπτω,v1sfie---,
0,τυραννήσω,τύπτω,v1sfia---,
0,τυρβάσεις,τύπτω,v2sfia---,
1,τυφήσομαι,τύπτω,v1sfip---,lemming;morpheus
0,τυφθείς,τύπτω,v-sapp-n-,
0,τυφλωθέν,τύπτω,v-sapp-n-,
0,τυφλώσατο,τύπτω,v3saie---,
0,τυφωθείς,τύπτω,v-sapp-n-,
0,τυχεῖν,τύπτω,v--ana---,
0,τύχῃσι,τύπτω,v3sasa---,
0,τυχθέν,τύπτω,v-sapp-n-,
0,τυχών,τύπτω,v-sapa-n-,
1,τύψω,τύπτω,v1sfia---,lemming;morpheus
0,τύψωνται,τύπτω,v3pase---,
0,τωθάσομαι,τύπτω,v1sfie---,
0,τωθάσω,τύπτω,v1sasa---,
0,ὑβριεῖν,ὑβροίζω,v--fna---,
0,ὑβρίκασι,ὑβροίζω,v3pria---,
0,ὑβρίκειν,ὑβροίζω,v1slia---,
0,ὑβριοῦμαι,ὑβροίζω,v1sfie---,
0,ὕβρισα,ὑβροίζω,v1saia---,
0,ὑβρίσθην,ὑβροίζω,v1saip---,
0,ὑβρισθήσομαι,ὑβροίζω,v1sfip---,
0,ὕβρισμαι,ὑβροίζω,v1srie---,
0,ὕβριστο,ὑβροίζω,v3slie---,
0,ὑβοίσω,ὑβροίζω,v1sfia---,
0,ὑγίχχα,ὑγιάζω,v1sria---,
1,ὑγίανα,ὑγιαίνω,v1saia---,lemming;morpheus
1,ὑγιανῶ,ὑγιαίνω,v1sfia---,lemming;morpheus
0,ὑγιασθείς,ὑγιάζω,v-sapp-n-,
1,ὑγιάσθην,ὑγιάζω,v1saip---,lemming;morpheus
1,ὑγιασθήσομαι,ὑγιάζω,v1sfip---,lemming;morpheus
0,ὑγιίσω,ὑγιάζω,v1sfia---,
1,ὑλάκτει,ὑλακτέω,v3siia---,lemming;morpheus
1,ὕλαξα,ὑλάσκω,v1saia---,lemming
0,ὑμάρτη,ὁμαρτέω,v2spma---,
0,ὑμνεῦσα,ὑμνέω,v-sppa-n-,
1,ὑμνεῦσιν,ὑμνέω,v3ppia---,lemming;morpheus
0,ὕμνην,ὑμνέω,v--pna---,
1,ὕμνησα,ὑμνέω,v1saia---,lemming;morpheus
1,ὑμνήσω,ὑμνέω,v1sfia---,lemming;morpheus
1,ὑπέσχημαι,ὑπισχνέομαι,v1srie---,morpheus
1,ὑπέσχηντο,ὑπισχνέομαι,v3plie---,morpheus
0,ὑπεσχόμην,ὑπισχνέομαι,v1saie---,
1,ὑπετοπήθην,ὑποτοπέω,v1saip---,lemming;morpheus
1,ὑπετόπησα,ὑποτοπέω,v1saia---,lemming;morpheus
1,ὑπετόπουν,ὑποτοπέω,v1siia---,lemming;morpheus
0,ὑπηρετηθέν,ὑπηρετέω,v-sapp-n-,
1,ὑπηρετήκειν,ὑπηρετέω,v1slia---,morpheus
1,ὑπηρετήσω,ὑπηρετέω,v1sfia---,lemming;morpheus
0,ὑπισχνέετο,πισχνέομαι,v3siie---,
0,ὑπισχνοῦ,πισχνέομαι,v2spme---,
0,ὑπίσχοντο,πισχνέομαι,v3piie---,
0,ὑπνώεσκε,ὑπνάω,v3siia---,
1,ὑπνώθην,ὑπνόω,v1saip---,lemming;morpheus
0,ὑπνωμένος,ὑπνόω,v-srpe-n-,
0,ὑπνώοντας,ὑπνάω,v-pppa-a-,
1,ὕπνωσα,ὑπνόω,v1saia---,lemming;morpheus
0,ὑπνώσομαι,ὑπνόω,v1sfie---,
0,ὑπνώσω,ὑπνόω,v2-fia---,
0,ὑπόπτευκα,ὑποπτεῦε,v1sria---,
0,ὑπόπτευσα,ὑποπτεῦε,v1saia---,
0,ὑποπτεύσω,ὑποπτεῦε,v1sfia---,
0,ἔφ,φημᾷ,v3siia---,
1,ἐφάανθεν,φαίνω,v3paip---,lemming;morpheus
0,ἐφἁάνθην,φαίνω,v1saip---,
1,φαγεῖν,ἐσθίω,v--ana---,lemming;morpheus
0,φαθί,φημέ,v2sama---,
0,φαῖεν,φημέ,v3paoa---,
0,φαίην,φημέ,v1saoa---,
0,φαῖμεν,φημέ,v1paoa---,
1,φαινέμεν,φαίνω,v--pna---,lemming;morpheus
1,φαινέσκετο,φαίνω,v3siie---,lemming;morpheus
1,φαίνεσκον,φαίνω,v1siia---,morpheus
1,ἐφαίνοντο,φαίνω,v3piie---,lemming;morpheus
0,φαῖσι,φημί,v3spia---,
1,φαμέν,φημί,v1ppia---,lemming;morpheus
0,φάμεν,φημί,v--ana---,
0,φάμενος,φημί,v-sppe-n-,
0,φάν,φημί,v3paia---,
0,φάναι,φημί,v--ana---,
1,φανεῖεν,φαίνω,v3paop---,lemming;morpheus
1,φανείην,φαίνω,v1saop---,lemming;morpheus
0,φανείς,φαίνω,v-sapp-n-,
0,φανεῖσθαι,φαίνω,v--fne---,
0,φανεῖται,φαίνω,v3sfie---,
1,φάνεν,φαίνω,v3paip---,lemming;morpheus
0,φανέομαι,φαίνω,v1sfie---,
1,φάνεσκε,φαίνω,v3saia---,lemming;morpheus
0,φάνευ,φαίνω,v2same---,
0,φανῆῃ,φαίνω,v3sasp---,
1,φάνηθι,φαίνω,v2samp---,morpheus
1,φανῆναι,φαίνω,v--anp---,lemming;morpheus
1,φανήσειν,φαίνω,v--fna---,lemming
1,φανήσομαι,φαίνω,v1sfip---,lemming;morpheus
0,φανθέντα,φαίνω,v-papp-n-,
1,φανοίην,φαίνω,v1sfoa---,morpheus
0,φανοῖσθε,φαίνω,v2pfoe---,
1,φαντασθήσομαι,φαντάζω,v1sfip---,lemming;morpheus
0,φαντασιωθείς,φαντασιόω,v-sapp-n-,
0,φάντες,φημί,v-papa-n-,
1,φαντί,φημί,v3ppia---,morpheus
0,φᾶντι,φημί,v3pasa---,
1,φάντο,φημί,v3piie---,lemming
1,φανῶ,φαίνω,v1sfia---,lemming;morpheus
0,φάο,φηί,v2same---,
0,φαρμακεύσαντες,φαρμαχκεύω,v-papa-n-,
0,φαρμακώσαισα,φαρμακόω,v-sapa-n-,
0,φάρξαι,φράττω,v--ana---,
0,φάρξας,φράττω,v-sapa-n-,
0,φάς,φημί,v-sapa-n-,
0,φᾶσα,φημί,v-sapa-n-,
0,φάσαν,φημί,v3paia---,
1,φάσῃς,φημί,v2sasa---,morpheus
0,φάσθαι,φημί,v--ane---,
0,φάσθε,φημί,v2paie---,
0,φάσθω,φημί,v3same---,
1,φασί,φημί,v3ppia---,lemming;morpheus
1,φασί,φημί,v3spia---,lemming;morpheus
0,φάσχκε,φημί,v2spma---,
0,φατισθεῖσα,φατίζω,v-sapp-n-,
0,φάτο,φέ,v3saie---,
0,φέβοντο,φοβέω,,
1,φείδοντο,φείδομαι,v3piie---,lemming;morpheus
0,φείσατο,φείδομαι,v3saie---,
0,φεισθήσομαι,φείδομαι,v1sfip---,
0,φθάμενος,φθάνω,v-sape-n-,
0,φθαρείς,φθείρω,v-sapp-n-,
1,φθαρῆναι,φθείρω,v--anp---,lemming;morpheus
0,φθαροῦμαι,φθείρω,v1sfie---,
0,φθάς,φθάνω,v-sapa-n-,
0,φθάσας,φθάνω,v-sapa-n-,
1,φθάσειαν,φθάνω,v3paoa---,lemming;morpheus
1,φθάσειε,φθάνω,v3saoa---,lemming;morpheus
1,φθάσον,φθάνω,v2sama---,lemming;morpheus
1,φθάσω,φθάνω,v1sfia---,morpheus
0,φθατήσῃ,φθατέω,v3-asa---,
0,ἐφθέγγετο,φθέγγομαι,v3-iie---,
0,ἐφθεγξάμην,φθέγγομαι,v1saie---,
0,φθέγξομαι,φθέγγομαι,v1sfie---,
0,φθείρας,φθείρω,v-sapa-n-,
1,φθείρεσκε,φθείρω,v3siia---,lemming;morpheus
0,φθείσομαι,φθίω,v1sfie---,
1,φθείσω,φθίω,v1sfia---,lemming
0,φθερεῖ,φθείρω,v2sfie---,
0,ἐφθερεῖς,φθείρω,v-sapp-n-,
0,φθεροῦμαι,φθείρω,v1sfie---,
1,φθέρσει,φθείρω,v3sfia---,morpheus
1,φθερῶ,φθείρω,v1sfia---,lemming;morpheus
0,φθέωμν,φθάνω,v1pasa---,
1,φθέωσι,φθάνω,v3pasa---,morpheus
1,φθῆ,φθάνω,v3saia---,lemming;morpheus
1,φθήῃ,φθάνω,v3sasa---,lemming;morpheus
1,φθῆναι,φθάνω,v--ana---,lemming;morpheus
0,φθήσομαι,φθάνω,v1sfie---,
0,φθίεται,φθίω,v3sase---,
1,φθίῃς,φθίω,v2sasa---,lemming
0,φθίμενος,φθίνω,v-sape-n-,
0,φθίμην,φθίνω,v1saoe---,
0,φθινῆσω,φθίνω,v1sfia---,
0,φθίνυθον,φθίνω,v1siia---,
0,φθιόμεσθα,φθίω,v1pase---,
0,φθίσας,φθίω,v-sapa-n-,
0,φθίσθαι,φθίω,v--ane---,
1,φθίσω,φθίω,v1sfia---,lemming;morpheus
0,φθονηθήσομαι,φθίω,v1sfip---,
0,φθονήσομαι,φθίω,v1sfie---,
0,φθῶ,φθίω,v1sasa---,
0,πφιαλεῖς,ἐγφιάλλω,v2sfia---,
0,ἐφῖλαι,φιλέω,v2same---,
0,φιλανθρωπηθείς,φιλανθρωπέω,v-sapp-n-,
0,φίλαντο,φιλέω,v3paie---,
0,φίλατο,φιλέω,v3saie---,
0,ἐφιλέῃσι,φιλέω,v3spsa---,
1,φίλει,φιλέω,v2spma---,lemming;morpheus
0,ἐφίλεισι,φιλέω,v3ppia---,
1,ἡφίλεον,φιλέω,v1siia---,lemming
0,ἐφιλήμεναι,φιλέω,v--pna---,
0,ἐφιλησέμεν,φιλέω,v--fna---,
0,φιλήσομαι,φιλέω,v1sfie---,
1,φίλησον,φιλέω,v2sama---,lemming;morpheus
1,φιλήσω,φιλέω,v1sfia---,lemming;morpheus
0,φιλολογηθέντα,φιλολογέω,v-sapp-a-,
1,φιλοτιμηθήσομαι,φιλοτιμέομαι,v1sfip---,lemming
1,φιλοτιμήσομαι,φιλοτιμέομαι,v1sfie---,morpheus
1,φιλοφρονήσομαι,φιλοφρονέομαι,v1sfie---,morpheus
0,ἐφ,φιέω,v3pase---,
1,φιμώσεις,φιμόω,v2sfia---,lemming;morpheus
0,φιτύσεαι,φιτύω,v2sfie---,
1,φιτύσω,φιτύω,v1sfia---,morpheus
1,φλάσα,φλάω,v1saia---,lemming;morpheus
1,φλασθῶ,φλάω,v1sasp---,lemming
0,φλάσσαμι,φλάω,v1saoa---,
1,φλάσω,φλάω,v1sfia---,lemming;morpheus
1,φλέγετο,φλέγω,v3siie---,lemming;morpheus
1,φλεγήσομαι,φλέγω,v1sfip---,morpheus
1,φλέξαι,φλέγω,v--ana---,lemming;morpheus
0,φλίψετι,θλίβω,,
1,φλογίσω,φλογίζω,v1sfia---,lemming;morpheus
0,φλυαρηθέντες,φλυαρέω,v-papp-n-,
1,φλύσαι,φλύω,v--ana---,morpheus
1,φοβέαι,φοβέω,v2spie---,morpheus
0,ἀφοβέεσχον,φοβέω,v1siia---,
0,ἐφοβέο,φοβέω,v2spme---,
1,ἐφοβέοντο,φοβέω,v3piie---,lemming;morpheus
0,ἐφόβηθεν,φοβέω,v3-aip---,
1,φοβηθήσομαι,φοβέω,v1sfip---,lemming;morpheus
1,φοβῆσαι,φοβέω,v--ana---,lemming;morpheus
0,φόβησαι,φοβέω,v2same---,
1,ἐφόβησε,φοβέω,v3saia---,lemming;morpheus
0,φοβήσομαι,φοβέω,v1sfie---,
1,φοβήσω,φοβέω,v1sfia---,lemming;morpheus
1,φοβοῦ,φοβέω,v2spme---,lemming;morpheus
0,φοιβανάτω,φοιβαίνω,v3-ama---,
1,φοίβασε,φοιβάζω,v3saia---,lemming;morpheus
0,φοιβήσασα,φοιβάω,v-sapa-n-,
0,φοινίξατο,φοινίσσω,v3saie---,
0,φοινίξῳ,φοινίσσω,v1sfia---,
1,φοίτα,φοιτάω,v3siia---,lemming;morpheus
0,φοιτάσῃς,φοιτάω,v2sasa---,
1,φοίτεσκον,φοιτάω,v1siia---,morpheus
1,φοιτῆν,φοιτάω,v--pna---,morpheus
0,φοιτήσασα,φοιτάω,v-sapa-n-,
1,φοιτήτην,φοιτάω,v3diia---,lemming;morpheus
1,φοιτίζεσκε,φοιτίζω,v3siia---,morpheus
1,φονεύσῃ,φονεύω,v3sasa---,lemming;morpheus
0,φονώσαισιν,φονάω,v-pppa-d-,
0,φορέεσχκον,φορέω,v1siia---,
1,φορέῃσι,φορέω,v3spsa---,lemming;morpheus
1,φορέσω,φορέω,v1sfia---,lemming
1,φορεῦμαι,φορέω,v1spie---,lemming;morpheus
0,φορηθείς,φορέω,v-sapp-n-,
0,φορήμεθι,φορέω,v1ppie---,
1,φορῆναι,φορέω,v--pna---,lemming;morpheus
0,φορῆσας,φορέω,v-sapa-n-,
0,φορήσομαι,φορέω,v1sfie---,
1,φορήσω,φορέω,v1sfia---,lemming;morpheus
0,φορτιούμενος,φορτίζω,v-sfpe-n-,
0,φορτίσας,φορτίζω,v-sapa-n-,
1,φορύξαι,φορύσσω,v--ana---,morpheus
0,φορύξας,φορύσσω,v-sapa-n-,
0,φραγείς,φράττω,v-sapp-n-,
0,φραγήσομαι,φράττω,v1sfip---,
1,ἐφράδασσε,φραδάζω,v3saia---,morpheus
1,φράζεο,φράζω,v2spme---,lemming;morpheus
0,ἐφράξα,φράττω,v1saia---,
0,φράξαι,φράττω,v--ana---,
0,φράξαι,φράττω,v2same---,
0,φράξομαι,φράττω,v1sfie---,
0,φράξω,φράττω,v1sfia---,
1,φράσα,φράζω,v1saia---,morpheus
1,φράσαι,φράζω,v--ana---,lemming;morpheus
0,φράσαι,φράζω,v2same---,
0,φρασάμην,φράζω,v1saie---,
0,φράσομαι,φράζω,v1sfie---,
1,φράσον,φράζω,v2sama---,morpheus
0,φράσσαντο,φράζω,v3paie---,
0,φράσσασθαι,φράζω,v--ane---,
1,φράσσατε,φράζω,v2pama---,morpheus
1,φράσσεν,φράζω,v3saia---,morpheus
0,φράσσεται,φράζω,v3sase---,
0,φράσσομαι,φράζω,v1sfie---,
1,φράσω,φράζω,v1sfia---,lemming;morpheus
0,φραχθείς,φράττω,v-sapp-n-,
0,φραχθήσομαι,φράττω,v1sfip---,
0,φρες,φρέω,v-sapa-n-,
0,φρές,φρέω,v2sama---,
0,φρῆναι,φρέω,v--ana---,
1,φρήσετε,φρέω,v2pfia---,lemming;morpheus
0,φρίξα,φρίττω,v1saia---,
0,φρίξας,φρίττω,v-sapa-n-,
0,φρίξω,φρίττω,v1sfia---,
1,φρονέῃσι,φρονέω,v3spsa---,lemming;morpheus
1,φρονείσθω,φρονέω,v3spme---,lemming;morpheus
0,φρονηματισθέντες,φρονηματίζομαι,v-papp-n-,
1,φρονήσω,φρονέω,v1sfia---,lemming;morpheus
0,φροντιοῦμαι,φροντίζω,v1sfie---,
1,φρόντισον,φροντίζω,v2sama---,lemming;morpheus
1,φροντιῶ,φροντίζω,v1sfia---,lemming;morpheus
0,φρουρήσομαι,φρουρέω,v1sfie---,
1,φρουρήσω,φρουρέω,v1sfia---,lemming;morpheus
1,ἐφρούρουν,φρουρέω,v1siia---,lemming;morpheus
0,φρύξω,φρύγω,v2-fia---,
1,φυγεῖν,φεύγω,v--ana---,lemming;morpheus
1,φύγῃ,φεύγω,v3sasa---,lemming;morpheus
1,φύγον,φεύγω,v1saia---,lemming;morpheus
0,φυγών,φεύγω,v-sapa-n-,
0,φυείς,φύω,v-sapp-n-,
1,φύεν,φύω,v3siia---,lemming
0,φυζηθέντες,φυζάω,v-papp-n-,
1,φύῃ,φύω,v3spsa---,lemming;morpheus
1,φυῇ,φύω,v3sasp---,lemming;morpheus
1,φυῆναι,φύω,v--anp---,lemming;morpheus
1,φυήσομαι,φύω,v1sfip---,lemming;morpheus
1,φυήσω,φύω,v1sfia---,lemming
0,φυθείς,φύω,v-sapp-n-,
0,φύλαξα,φυλάττω,v1saia---,
0,φύλαξαι,φυλάττω,v2same---,
0,φυλάξαι,φυλάττω,v--ana---,
0,φυλάξομαι,φυλάττω,v1sfie---,
0,φυλάξομεν,φυλάττω,v1pasa---,
0,φύλαξον,φυλάττω,v2sama---,
1,φυλάξω,φυλάττω,v1sfia---,lemming
0,φύλασσε,φυλάττω,v3siia---,
0,φυλασσέμεναι,φυλάττω,v--pna---,
0,φυλαχθήσομαι,φυλάττω,v1sfip---,
1,φῦναι,φύω,v--ana---,lemming;morpheus
1,ἐφύοντο,φύω,v3piie---,lemming;morpheus
1,φυράσω,φυράω,v1sfia---,lemming;morpheus
1,φυρήσομαι,φύρω,v1sfip---,morpheus
1,φύρσαι,φύρω,v--ana---,morpheus
0,φυρσάμενος,φύρω,v-sape-n-,
1,φύρσω,φύρω,v1sfia---,lemming
1,φυρῶσι,φυράω,v3ppia---,lemming;morpheus
0,φύς,φύω,v-sapa-n-,
1,φῦσαι,φύω,v--ana---,morpheus
0,φυσέων,φυσάω,v-sppa-n-,
1,φυσηθῇ,φυσάω,v3sasp---,lemming;morpheus
0,φύσομαι,φυσάω,v1sfie---,
0,φύσω,φυσάω,v1sfia---,
0,φυτευέμεν,φυσάω,v--pna---,
0,φυτευθήσομαι,φυσάω,v1sfip---,
0,φυτεύσομαι,φυσάω,v1sfie---,
0,φυτεύσω,φυσάω,v1sfia---,
0,φύω,φυσάω,v1spsa---,
0,φυῶ,φυσάω,v1sasp---,
0,φῶ,φυσάω,v1sasa---,
0,φῶγε,φυσάω,v2spma---,
0,φωγνύναι,φυσάω,v--pna---,
0,φώγνυται,φυσάω,v3spie---,
0,φωνηθέντα,φυσάω,v-sapp-a-,
0,φωνήσας,φυσάω,v-sapa-n-,
0,φωτισθέντος,φυσάω,v-sapp-g-,
0,φωτίσω,φυσάω,v1sfia---,
0,φωχθείς,φυσάω,v-sapp-n-,
0,χάδν,φυσάω,v1saia---,
0,χαδών,φυσάω,v-sapa-n-,
1,χάζεο,χάζω,v2spme---,lemming;morpheus
1,ἐχαζέσθην,χάζω,v3diie---,morpheus
1,ἐχάζετο,χάζω,v3siie---,lemming;morpheus
0,κχαῖρε,χαίρω,v3siia---,
0,χαῖει,χαίρω,v2spma---,
1,χαῖρον,χαίρω,v1siia---,lemming;morpheus
1,χαιρόντων,χαίρω,v3ppma---,lemming;morpheus
0,χαιρησάμενος,χαίρω,v-sape-n-,
1,χαιρήσω,χαίρω,v1sfia---,lemming;morpheus
0,χαλάξαις,χαλάω,v-sapa-n-,
1,χαλάξει,χαλάω,v3sfia---,morpheus
0,χαλάσαντο,χαλάω,v3paie---,
0,χ,χαλάω,v3sasp---,
1,χάλασον,χαλάω,v2sama---,lemming;morpheus
0,ἰχάλασσα,χαλάω,v1saia---,
0,τχαλάσσομεν,χαλάω,v1pasa---,
1,χαλάσω,χαλάω,v1sfia---,lemming;morpheus
0,χαλεπανῶ,χαλάω,v1sfia---,
0,χαλεπῆναι,χαλάω,v--ana---,
0,χαλεφθείς,χαλάω,v-sapp-n-,
0,κχαλκωθε,χαλάω,v-sapp-n-,
0,κχαλόωσιν,χαλάω,v3ppia---,
0,κχάνδανεν,χαλάω,v3siia---,
0,χανεῖν,χαλάω,v--ana---,
0,χανοῦμαι,χαλάω,v1sfie---,
0,χανών,χαλάω,v-sapa-n-,
0,χαραδρωθείη,χαλάω,v3saop---,
0,χαρακτὴρ,χαλάω,v1sfia---,
0,χάραξε,χαλάω,v3saia---,
0,χαράξω,χαλάω,v1sfia---,
0,χαραχθείς,χαλάω,v-sapp-n-,
0,χαρείΐην,χαλάω,v1saop---,
0,χαρείς,χαλάω,v-sapp-n-,
0,χάρη,χαλάω,v3saip---,
0,χαρῆναι,χαλάω,v--anp---,
0,χαρῇς,χαλάω,v2sasp---,
0,χαρήσομαι,χαλάω,v1sfie---,
0,χαριεῖ,χαρίζομκαι,v2sfie---,
0,χαριεῖσθαι,χαρίζομκαι,v--fne---,
0,χαριξάμην,χαρίζομκαι,v1saie---,
0,χαριοῦμαι,χαρίζομκαι,v1sfie---,
0,χαρισαίμην,χαρίζομκαι,v1saoe---,
0,χαρίσαιτο,χαρίζομκαι,v3saoe---,
0,χαρισθείς,χαρίζομκαι,v-sapp-n-,
0,χαρισθῆναι,χαρίζομκαι,v--anp---,
0,χαὰρ,χαρίζομκαι,v1sfip---,
0,χὰρ,χαρίζομκαι,v1sfie---,
0,χάρισον,χαρίζομκαι,v2sama---,
0,χάρισσαι,χαρίζομκαι,v2same---,
0,χαριτώσομαι,χαριτόω,v1sfie---,
0,χαρῶ,χαρίζομαι,v1sfia---,
0,ἰχάροντο,χαίρω,v3paie---,
0,χαροῦμαι,χαίρω,v1sfie---,
1,χαρῶ,χαίρω,v1sfia---,morpheus
0,χάσχκῃς,χάσκω,v2spsa---,
0,χάσκων,χάσκω,v-sppa-n-,
0,κχασσάμενος,χάζω,v-sape-n-,
0,κχάσσασθαι,ἦν Ὗ,v--ane---,
0,ἐγχάσσατο,ἦν Ὗ,v3saie---,
0,χάσσομαι,ἦν Ὗ,v1sfie---,
0,ἐχατέεσχε,χατέω,v3siia---,
0,ἐχέας,χέω,v-sapa-n-,
0,χέασθαι,ἢ,v--ane---,
0,χέε,ἢ,v3siia---,
0,χεεῖτε,ἢ,v2pfia---,
0,χεθήσομαι,ἢ,v1sfip---,
0,χεῖ,ἢ,v2spma---,
1,χειμασθῇ,χειμάζω,v3sasp---,lemming;morpheus
0,χειμασθῆν,χειμάζω,v--anp---,
1,χειμάσω,χειμάζω,v1sfia---,lemming;morpheus
1,χεῖν,χέω,v--pna---,lemming;morpheus
0,χειριξοῦντας,χειρίζω,v-pfpa-a-,
0,χειριξοῦντι,τν Ν,v3pfia---,
0,χειριοῦμαι,τν Ν,v1sfie---,
0,χειρισθείς,τν Ν,v-sapp-n-,
0,χειριῶ,τν Ν,v1sfia---,
0,χειρουργηθείς,χειρουργέω,v-sapp-n-,
0,χειρουργήσασα,χειρουργέω,v-sapa-n-,
0,χειρωθείς,χειρόω,v-sapp-n-,
0,χειρώσομαι,χειρόω,v1sfie---,
1,χεῖσθαι,χέω,v--pne---,lemming;morpheus
0,χείσομαι,χανδάνω,v1sfie---,
1,χείω,χέω,v1spsa---,morpheus
0,χέομαι,χέω,v1sfie---,
0,χεόμενος,χέω,v-sppe-n-,
1,χέον,χέω,v1siia---,lemming;morpheus
1,χεοῦσι,χέω,v3pfia---,morpheus
0,χερνιφθεῖς,χερνίπτομαι,v-sapp-n-,
1,χερνίψομαι,χερνίπτομαι,v1sfie---,morpheus
1,χεσεῖν,χέζω,v--ana---,lemming;morpheus
1,χεῦαν,χέω,v3paia---,lemming;morpheus
0,χεύατο,χέω,v3saie---,
1,χευάτω,χέω,v3sama---,lemming;morpheus
0,χεύεται,χέω,v3sase---,
0,χηράμενος,χαίρω,v-sape-n-,
0,χήρατο,χαίρω,v3-aie---,
1,χηρεύσει,χηρεύω,v3sfia---,lemming;morpheus
1,ἐχήρωσε,χηρόω,v3saia---,lemming;morpheus
0,χλιανθείς,χλιαίνω,v-sapp-n-,
1,χλιανῶ,χλιαίνω,v1sfia---,lemming;morpheus
1,χοῖ,χόω,v3spia---,morpheus
0,χόλαισι,χαλω,v3ppia---,
0,χολώθην,χολέω,v1saip---,
0,ἐχολώσατο,ἃ,v3saie---,
0,ἰχολωσέμεν,ἃ,v--fna---,
0,χολώσομαι,ἃ,v1sfie---,
1,χορεῦσαι,χορεύω,v--ana---,lemming;morpheus
0,χορεύσομαι,νῶν ΝΗ,v1sfie---,
0,χορεύσω,νῶν ΝΗ,v1sfia---,
0,χορηγηθέντων,χορηγέω,v-papp-g-,
1,χορτάσω,χορτάζω,v1sfia---,lemming;morpheus
1,χοῦν,χόω,v--pna---,morpheus
0,χοῦσι,ον Ν,v3ppia---,
1,χρᾷ,χράω,v3spia---,morpheus
1,χραῖσμε,χραισμέω,v3saia---,lemming;morpheus
1,χραισμεῖν,χραισμέω,v--ana---,lemming;morpheus
1,χραισμῆσαι,χραισμέω,v--ana---,lemming;morpheus
1,χραίσμησε,χραισμέω,v3saia---,lemming;morpheus
1,χραισμήσει,χραισμέω,v3sfia---,lemming;morpheus
1,χραισμησέμεν,χραισμέω,v--fna---,lemming;morpheus
1,χρᾶν,χράω,v--pna---,morpheus
1,χρᾶναι,χραίνω,v--ana---,lemming;morpheus
0,χρανθεῖσα,χραίνω,v-sapp-n-,
1,χρανῶ,χραίνω,v1sfia---,lemming;morpheus
1,χρᾶσθαι,χράομαι,v--pne---,morpheus
1,χρᾶσθαι,χράω,v--pne---,lemming;morpheus
1,χρᾶται,χράω,v3spie---,lemming;morpheus
0,κχρέεσθαι,χράω,v--pne---,
0,χρείη,χη,v3spoa---,
0,ἀχρείων,χράω,v-sppa-n-,
0,ἐχρείωνται,χράομαι,v3ppse---,
0,ἐχρέο,χράομαι,v2spme---,
0,ἐχρέοιτο,χράομαι,v3spoe---,
0,ἐχρέομαι,χράομαι,v1spie---,
0,ἐχρέομαι,χρΐζω,v1spie---,
0,κχρεώμενος,χράομαι,v-sppe-n-,
0,κχρεώμενος,χράω,v-sppe-n-,
0,ἐχρέωνται,χράομι,v3ppse---,
0,ἐχρέωσα,χράω,v-sppa-n-,
1,χρῇ,χράομαι,v2spie---,morpheus
1,χρῇ,χράω,v3spia---,morpheus
0,χρηίζων,χρήζω,v-sppa-n-,
0,ἐχρηΐσαι,χρήζω,v--ana---,
0,χρηίσας,χρήζω,v-sapa-n-,
0,ἰχρηίσειν,χρήζω,v--fna---,
0,ἰχρηίσω,χρήζω,v1sfia---,
0,χρηματίσαι,χοηματίζω,v--ana---,
0,χρηματίσω,χοηματίζω,v1sfia---,
0,χρῆν,χρὴ,v--pna---,
0,χρῆν,χρὴ,v3siia---,
0,χρῆναι,χρὴ,v--pna---,
0,χρησάμενος,χρᾶομαι,v-sape-n-,
0,χρησάμενος,χράω,,
1,χρήσει,χρή,v3sfia---,lemming
1,χρῆσθαι,χράομαι,v--pne---,morpheus
1,χρῆσθε,χράομαι,v2ppie---,morpheus
0,χρησθὲν,χράω,v-sapp-n-,
0,χρησθῇ,χράομαι,v3sasp---,
0,χρῆσθων,χράομαι,v3ppme---,
0,χρησμοδοτισθῆναι,χρησμοδοτίζω,v--anp---,
0,χρησόμενος,χράω,v-sfpe-n-,
0,χρῆσον,χράω,,
0,πχρῆσται,χρή, - δ πο Ν,
1,χρηστηριασθῆναι,χρηστηριάζω,v--anp---,lemming;morpheus
0,χρήσω,χράω,,
0,χρήσω,χράω,,
1,χρῆται,χράομαι,v3spie---,morpheus
0,χριμφθείς,χρίμπτω,v-sapp-n-,
0,ἐχρῖον,χρίω,v1siia---,
0,ἐχρῖσα,χρίω,v1saia---,
0,χρισάμενος,χρίω,v-sape-n-,
0,χρίσας,χρίω,v-sapa-n-,
1,χρισθήσομαι,χρίω,v1sfip---,morpheus
0,χρίσομαι,χρίω,v1sfie---,
1,χρίσω,χρίω,v1sfia---,lemming;morpheus
0,χροιισθεῖσαι,χροΐζω,v-papp-n-,
0,χρονισθέντος,χρονίζω,v-sapp-g-,
1,χρονιωθῇ,χρονιόομαι,v3sasp---,lemming
1,χρυσώσω,χρυσόω,v1sfia---,lemming;morpheus
1,χρῶ,χράομαι,v2spme---,morpheus
1,χρώμεθα,χράομαι,v1ppie---,morpheus
0,χρώμενος,χράομαι,v-sppe-n-,
1,χρῴμην,χράομαι,v1spoe---,morpheus
0,χρωσθεῖσα,χρῴζω,v-sapp-n-,
0,χρωσθήσομαι,χρῴζω,v1sfip---,
1,χρώσω,χρῴζω,v1sfia---,lemming
1,χρῷτο,χράομαι,v3spoe---,morpheus
1,χυθείην,χέω,v1saop---,lemming;morpheus
0,χυθείς,χέω,v-sapp-n-,
1,χυθήσομαι,χέω,v1sfip---,lemming;morpheus
1,χυθῶ,χέω,v1sasp---,lemming;morpheus
0,χυλισθέν,χυλίζω,v-sapp-n-,
0,χύμενος,χέω,v-sape-n-,
0,χύντο,χέω,v3paie---,
1,χύτλασον,χυτλάζω,v2sama---,lemming;morpheus
1,χυτλῶσαι,χυτλόω,v--ana---,lemming;morpheus
0,χυτλώσασθθαι,χυτλόω,v--ane---,
0,χωλανῶ,χωλαίω,v1sfia---,
0,χῶν,χώὠννυμι,,
0,χωνευθείς,χωνεύω,v-sapp-n-,
1,χωνεύσεις,χωνεύω,v2sfia---,lemming;morpheus
0,χωρηθήσομαι,χωρξω,v1sfip---,
0,χώρησα,δια ΗΝ,v1saia---,
0,χωρήσομαι,δια ΗΝ,v1sfie---,
0,χωρήσω,δια ΗΝ,v1sfia---,
1,χωριῶ,χωρίζω,v1sfia---,lemming;morpheus
0,χώσας,χόω,v-sapa-n-,
0,ἐχώσατο,χώομι,v3saie---,
0,ἐχώσεται,χώομι,v3sfie---,
0,ἐχώσεται,χώομι,v3sase---,
1,χωσθῆναι,χόω,v--anp---,lemming
0,χωσθήσομαι,ν,v1sfip---,
0,χώσω,ν,v1sfia---,
1,ψαλίσω,ψαλίζω,v1sfia---,morpheus
1,ψαῦον,ψαύω,v1siia---,lemming;morpheus
1,ψαῦσαι,ψαύω,v--ana---,lemming;morpheus
1,ψαύσω,ψαύω,v1sfia---,lemming;morpheus
0,ψεκασθέντα,ψακάζω,v-papp-n-,
0,ψέξαι,ψέω,v--ana---,
0,ψέξω,ψέω,v1sfia---,
0,ψευσάμην,ψεύδω,v1saie---,
1,ψευσθήσομαι,ψεύδω,v1sfip---,lemming;morpheus
0,ψεύσομαι,ψεύδω,v1sfie---,
1,ψεῦσον,ψεύδω,v2sama---,lemming;morpheus
1,ψεύσω,ψεύδω,v1sfia---,lemming;morpheus
0,ψηλαφησθήσομαι,ψηλαφάω,v1sfip---,
1,ψηλαφήσω,ψηλαφάω,v1sfia---,lemming;morpheus
1,ψῆν,ψάω,v--pna---,morpheus
0,ψήξασθαι,ψήχω,v--ane---,
1,ψήξω,ψήχω,v1sfia---,lemming;morpheus
0,ψήσω,ψήχω,v1sfia---,
0,ψηφ,ψήχω,v1sfie---,
0,ψηφισθῆναι,ψήχω,v--anp---,
0,ψηφιῶ,ψήχω,v1sfia---,
0,ψηχθείς,ψήχω,v-sapp-n-,
0,Ψίσεται,ψήχω,v3sfie---,
0,ψιῶ,ψήχω,v1sfia---,
0,ψογῆσαι,ψήχω,v--ana---,
0,ψογίσαι,ψήχω,v--ana---,
0,ψοφήσετε,ψήχω,v2pfia---,
0,ψυγήσομαι,ψήχω,v1sfip---,
0,ψῦξαι,ψήχω,v--ana---,
0,ψύξω,ψήχω,v1sfia---,
0,ψυχαγωγηθείς,ψυχαγωγέω,v-sapp-n-,
0,ψυχῆνι,ψύγω,v--anp---,
0,ψυχθήσομαι,ψύγω,v1sfip---,
0,ψῶ,ψάω,v2spme---,
1,ψωμιῶ,ψωμίζω,v1sfia---,lemming;morpheus
1,ὦ,εἰμί,v1spsa---,lemming;morpheus
0,ὦ,ἴημι,v1sasa---,
0,ὠγκώθην,ὀγκω,v1saip---,
0,ὥγκωμαι,ὀγκω,v1srie---,
0,ὥγκωσα,ὀγκω,v1saia---,
0,ὠδαγμένος,ὀδάξω,v-srpe-n-,
1,ὠδάγμην,ὀδάξω,v1slie---,lemming
0,ὠδαξάμην,ὀδάξω,v1saie---,
0,ὥδαξον,ὀδάξω,v2sama---,
0,ῷδεον,οἰδέω,v1siia---,
0,ῷδηκα,οἰδέω,v1sria---,
0,φδήκαντι,οἰδέω,v3pria---,
0,ῷᾧδησα,οἰδέω,v1saia---,
1,ὥδινα,ὠδίνω,v1saia---,lemming
0,ὠδινήθην,ὠδίνω,v1saip---,
0,ὠδινησάμην,ὠδίνω,v1saie---,
0,ὠδινήσω,ὠδίνω,v1sfia---,
0,ὡδοπεποίηκα,ὁδοποιέω,v1sria---,
0,ὠδοπεποιήκεσαν,ὁδοποιέω,v3plia---,
0,ὡδοποιημένος,ὁδοποιέω,v-srpe-n-,
1,ὡδοποίουν,ὁδοποιέω,v1siia---,lemming;morpheus
0,ὠδυνήθην,ὄδυνάω,v1saip---,
1,ὠδυράμην,ὀδύρομαι,v1saie---,morpheus
1,ὠδύρθην,ὀδύρομαι,v1saip---,lemming
1,ὠδώδειν,ὄζω,v1slia---,morpheus
1,ὥδωσα,ὁδόω,v1saia---,lemming;morpheus
1,ὧζε,ὄζω,v3siia---,lemming
1,ὥζησα,ὄζω,v1saia---,lemming
1,ὥζηκα,ὄζω,v1sria---,lemming
0,φήθην,οἴομαι,v1saip---,
1,ὥθει,ὠθέω,v3siia---,lemming
1,ὥθεον,ὠθέω,v1siia---,lemming
1,ὥθησα,ὠθέω,v1saia---,lemming
1,ὠθήσω,ὠθέω,v1sfia---,lemming;morpheus
0,ὠϊζετο,οἴομαι,v3siie---,
0,ὦικται,οἴγω,v3srie---,
1,ὦιξε,οἴγω,v3saia---,lemming;morpheus
0,ὠισάμην,οἴομαι,v1saie---,
1,ὠίσθην,οἴομαι,v1saip---,lemming;morpheus
0,ὠίχθην,οἴγω,v1saip---,
0,ὥκειλα,ὁκέλλω,v1saia---,
0,ὥκελλον,ὁκέλλω,v1siia---,
0,ῴκεον,οἰκέω,v1siia---,
0,ὥκήθην,οἰκέω,v1saip---,
1,ᾧκημαι,οἰκέω,v1srie---,lemming
0,ῷᾧκησα,οἰκέω,v1saia---,
0,ῴκησάμην,οἰκέω,v1saie---,
0,ὥκυκα,οἰκίζω,v1sria---,
0,ᾧκίκειν,οἰκίζω,v1slia---,
1,ᾧκισα,οἰκίζω,v1saia---,lemming
0,ᾧκίσθην,οἰκίζω,v1saip---,
1,ᾧκισμαι,οἰκίζω,v1srie---,lemming
1,ὥκλασα,ὀκλάζω,v1saia---,lemming
0,ὦκνεον,ὀκνέω,v1piia---,
1,ὥκνησα,ὀκνέω,v1saia---,lemming
0,ᾧκοδόμηκα,οἰκοδομέω,v1sria---,
0,ὠκοδόμησα,οἰκοδομέω,v1saia---,
1,ᾧκουν,οἰκέω,v1siia---,lemming
1,ᾧκτειρα,οἰκτείρω,v1saia---,lemming
0,ᾧκτίἑλιρον,οἰκτείρω,v1siia---,
1,ᾧκτισα,οἰκτίζω,v1saia---,lemming
1,ὥκχησα,ὀχέω,v1saia---,lemming
1,ὥλβισα,ὀλβίζω,v1saia---,lemming
0,ὧλβ,ὀλβίζω,v3saip---,
0,ὧλβ,ὀλβίζω,v-prpe-n-,
1,ὥλεσα,ὄλλυμι,v1saia---,lemming
1,ὠλέσθην,ὄλλυμι,v1saip---,lemming
0,ὥλετο,ὄλλυμι,v3saie---,
1,ὠλιγώθη,ὀλιγόω,v3saip---,lemming;morpheus
0,ὠλιγωρημένος,ὀλιγωρέω,v-srpe-n-,
1,ὦλισθεν,ὀλισθάνω,v3saia---,lemming;morpheus
1,ὠλίσθηκα,ὀλισθάνω,v1sria---,lemming;morpheus
0,ὧλισθήκειν,ὀλισθάνω,v1slia---,
0,ὠλισθήνασα,ὀλισθάνω,v-sapa-n-,
1,ὠλίσθησαν,ὀλισθάνω,v3paia---,lemming;morpheus
0,ὠλισθών,ὀλισθάνω,v-sapa-n-,
1,ὠλλύμην,ὄλλυμι,v1siie---,lemming;morpheus
1,ὥλλυσαν,ὄλλυμι,v3piia---,lemming
0,ὡλοκαύτει,ὀλοκαυτέω,v3siia---,
0,ὡλοκαύτωσαν,ὀλοκαυτόω,v3paia---,
1,ὠλόλυξα,ὀλολύζω,v1saia---,lemming;morpheus
0,ὠλόμην,ὄλλυμι,v1saie---,
1,ὠλοφυράμην,ὀλοφύρομαι,v1saie---,morpheus
1,ὥλοψεν,ὀλόπτω,v3saia---,lemming
1,ὠλώλειν,ὄλλυμι,v1slia---,morpheus
0,ὧμαι,εἰμί,v1spse---,
0,ὦμαι,ἴημι,v1sase---,
1,ὡμάλισα,ὁμαλίζω,v1saia---,lemming;morpheus
1,ὥξυνα,ὀξύνω,v1saia---,lemming
1,ὠξύνθην,ὀξύνω,v1saip---,lemming;morpheus
0,ὥξυντο,ὀξύνω,v3plie---,
1,ὥπαζον,ὀπάζω,v1siia---,lemming
1,ὥπασα,ὀπάζω,v1saia---,lemming
0,ὠπασάμην,ὀπάζω,v1saie---,
0,ὠπίσατο,ὁπίζομαι,v3saie---,
1,ὥπλεον,ὅπλομαι,v1siia---,morpheus
1,ὦὥπλικα,ὁπλίζω,v1sria---,lemming
1,ὡπλίκει,ὁπλίζω,v3slia---,lemming;morpheus
1,ὥπλισα,ὁπλίζω,v1saia---,lemming;morpheus
0,ὡπλισάμην,ὁπλίζω,v1saie---,
1,ὥπλισθεν,ὁπλίζω,v3paip---,lemming;morpheus
1,ὡπλίσθην,ὁπλίζω,v1saip---,lemming;morpheus
1,ὦπλισμαι,ὁπλίζω,v1srie---,lemming
0,ὠπλιτευκότες,ὁπλιτεύω,v-prpa-n-,
1,ὦπται,ὁράω,v3srie---,lemming;morpheus
1,ὥπτημαι,ὀπτάω,v1srie---,lemming
1,ὥπτησα,ὀπτάω,v1saia---,lemming
0,ὦπυον,ὀπύω,v1siia---,
1,ὥρα,ὁράω,v3siia---,morpheus
0,ὡραΐσθην,ὡράζω,v1saip---,
0,ὡραϊσμένη,ὡράζω,v-srpe-n-,
1,ὡραιώθης,ὡραιόομαι,v2saip---,lemming
0,ὥρακυϊαι,ὁράω,v-prpa-n-,
0,ὠὡργασμένος,ὀργάζω,v-srpe-n-,
1,ὥργισα,ὀργίζω,v1saia---,lemming
1,ὠργίσθην,ὀργίζω,v1saip---,lemming;morpheus
0,ὠὡρδυλευσάμην,ὀρδυλεύω,v1saie---,
0,ὦρεγμαι,ὁρέγω,v1srie---,
0,ὦρεγον,ὁρέγω,v1siia---,
0,ὦρεξα,ὁρέγω,v1saia---,
0,ὠρεξάμην,ὁρέγω,v1saie---,
0,ὥρετο,ὄρνυμι,v3saie---,
1,ὥρθωμαι,ὀρθόω,v1srie---,lemming
1,ὥρθωσεν,ὀρθόω,v3saia---,lemming
1,ὠριγνήθην,ὀριγνάομαι,v1saip---,lemming
1,ὠρίζεσκον,ὀαρίζω,v1siia---,morpheus
0,ὦὥρυκα,ὁρίζω,v1sria---,
1,ὥρινα,ὀρίνω,v1saia---,lemming
0,ὦρ,ὀρίνω,v3saie---,
0,ὠρίνετο,ὀρίνω,v3-iie---,
1,ὠρίνθην,ὀρίνω,v1saip---,lemming;morpheus
1,ὥρισα,ὁρίζω,v1saia---,lemming;morpheus
0,ὧρ,ὁρίζω,v1saie---,
0,ὧρ,ὁρίζω,v1saip---,
1,ὥρισμαι,ὁρίζω,v1srie---,lemming;morpheus
1,ὥριστο,ὁρίζω,v3slie---,lemming;morpheus
0,ὡρκισμένοι,ὀρκίζω,v-prpe-n-,
1,ὥρμαινε,ὁρμαίνω,v3siia---,lemming;morpheus
1,ὥρμᾶτο,ὁρμάω,v3siie---,lemming
0,ὠρμήθην,ὁρμάω,v1saip---,
1,ὥρμηκα,ὁρμάω,v1sria---,lemming;morpheus
0,ὥρμημαι,ὁρμάω,v1spie---,
1,ὥρμηνα,ὁρμαίνω,v1saia---,lemming;morpheus
1,ὥρμηντο,ὁρμάω,v3plie---,lemming;morpheus
1,ὥρμησα,ὁρμάω,v1saia---,lemming;morpheus
0,ὠρμησάμην,ὁρμάω,v1saie---,
1,ὥρμισα,ὁρμίζω,v1saia---,lemming;morpheus
0,ὡρμισάμην,ὁρμίζω,v1saie---,
1,ὡρμίσθην,ὁρμίζω,v1saip---,lemming;morpheus
1,ὡρόθυνα,ὀροθύνω,v1saia---,lemming
0,ὡρόμην,ὄρνυμι,v1saie---,
1,ὥρουον,ὀρούω,v1siia---,lemming
1,ὧρουσα,ὀρούω,v1saia---,lemming
0,ὥρσα,ὄρνυμι,v1saia---,
0,ὥρτο,ὄρνυμι,v3saie---,
0,ὠφείλησα,ὀφείλο,v1saia---,
0,ὥφειλον,ὀφείλο,v1siia---,
1,ὠφελείσθων,ὠφελέω,v3ppme---,lemming;morpheus
1,ὠφέλετε,ὀφείλω,v2paia---,lemming;morpheus
1,ὠφελήθην,ὠφελέω,v1saip---,lemming;morpheus
1,ὠφεληθήσομαι,ὠφελέω,v1sfip---,lemming;morpheus
1,ὠφέληκα,ὠφελέω,v1sria---,lemming;morpheus
1,ὠφελήκη,ὠφελέω,v1slia---,lemming;morpheus
1,ὠφέλημαι,ὠφελέω,v1srie---,lemming;morpheus
1,ὠφέλησα,ὠφελέω,v1saia---,lemming;morpheus
0,ὥφελήσομαι,ὠφελέω,v1sfie---,
1,ὠφελήσω,ὠφελέω,v1sfia---,lemming;morpheus
1,ὥφελλε,ὀφέλλω,v3siia---,lemming
1,ὥφελλον,ὀφείλω,v1siia---,lemming
1,ὥφελον,ὀφείλω,v1saia---,lemming
1,ὠφέλουν,ὠφελέω,v1siia---,lemming;morpheus
0,ὥφθην,δράω,v1saip---,
1,ὦφληκα,ὀφλισκάνω,v1sria---,lemming
1,ὠφλήκει,ὀφλισκάνω,v3slia---,lemming;morpheus
0,ὠφληκώς,ὀφλισκάνω,v-srpa-n-,
0,ὥφλημαι,ὀφλισκάνω,v1srie---,
1,ὦφλησα,ὀφλισκάνω,v1saia---,lemming
1,ὠφλίσκανον,ὀφλισκάνω,v1siia---,lemming;morpheus
0,ὦφλν,ὀφλισκάνω,v1saia---,
1,ὠχεῖτο,ὀχέω,v3siie---,morpheus
1,ὠχέτευκε,ὀχετεύω,v3sria---,lemming;morpheus
1,ᾧχηκα,οἴχομαι,v1sria---,lemming
0,φχήκει,οἴχομαι,v3slia---,
1,ἰὥχθησαν,ὀχθέω,v3paia---,lemming
0,φχόμην,οἴχομαι,v1siie---,
0,ὥχουν,ὀχέω,v1siia---,
0,ὠχρήσαντα,ὠχράω,v-sapa-a-,
0,ὠχριηκὼς,ὠχράω,v-srpa-n-,
0,ὠχριῆσας,ὠχράω,v-sapa-n-,
1,ᾧχωκε,οἴχομαι,v3sria---,lemming
