Count,Word,Max. Freq.,Min. Freq.,This Word,Total,Key Term Score,Definition,Lexicon Entries
,ὁ,17.598,4.581,"5849,85","5849,85","0,0772",the following,"LSJ, Middle Liddell, Slater, Autenrieth"
,δέ,2.538,2.538,2538,"8387,85","0,0111",but,"LSJ, Middle Liddell, Slater, Autenrieth"
,εἰμί,22.990,1.341,"2489,89","10877,74","0,1122",sum,"LSJ, Middle Liddell, Slater, Autenrieth"
,οὗτος,1.557,1.411,"1447,5","12325,24","0,0091",this,"LSJ, Middle Liddell, Slater, Autenrieth"
,φημί,1.591,1.373,"1399,28","13724,52","0,0222","Spir. Prooem., Eratosth.Prooem.","LSJ, Middle Liddell, Autenrieth"
,αὐτός,1.524,1.282,"1342,5","15067,02","0,0074",self,"LSJ, Middle Liddell, Slater, Autenrieth"
,ἐγώ,1.888,1.214,"1333,14","16400,16","0,0215","I at least, for my part, indeed, for myself","LSJ, Middle Liddell, Slater, Autenrieth"
,καί,20.884,0,"1305,25","17705,41","0,1019",and now,LSJ
,καί,20.884,0,"1305,25","19010,66","0,1019","and indeed, and further",LSJ
10,καί,20.884,0,"1305,25","20315,91","0,1019",and,"LSJ, Autenrieth"
,καί,20.884,0,"1305,25","21621,16","0,1019",and so,"LSJ, Middle Liddell, Slater"
,τίς,10.957,0,"1076,43","22697,6","0,0535",who? which?,"Middle Liddell, Slater, Autenrieth"
,μέν,1.014,1.014,1014,"23711,6","0,0054","indeed, of a truth","LSJ, Middle Liddell, Slater, Autenrieth"
,ὅς,10.113,0,"998,58","24710,18","0,0493","yas, yā, yad,","LSJ, Slater, Autenrieth"
,ὅς,10.113,0,"998,58","25708,76","0,0493","his, her,","LSJ, Middle Liddell, Slater, Autenrieth"
,σύ,3.679,117,"967,9","26676,66","0,0271",thou,"LSJ, Slater, Autenrieth"
,γε,764,764,764,"27440,66","0,0134","at least, at any rate","LSJ, Middle Liddell, Slater"
,τε,2.990,0,"747,5","28188,16","0,0371",both . . and,"LSJ, Middle Liddell, Slater"
,τις,9.605,0,"738,43","28926,6","0,0516","anyone, anything",Slater
20,τις,9.605,0,"738,43","29665,03","0,0516","any one, any thing","LSJ, Middle Liddell"
,γάρ,735,735,735,"30400,03","0,0043",for,"LSJ, Middle Liddell, Slater, Autenrieth"
,οὖν,690,578,606,"31006,03","0,0075","certainly, in fact","LSJ, Middle Liddell, Slater, Autenrieth"
,ἄλλος,4.747,0,"586,08","31592,11","0,0279",y,"LSJ, Middle Liddell, Autenrieth"
,ἄλλος,4.747,0,"586,08","32178,2","0,0279","other, another",Slater
,ἐάν,7.582,12,"497,24","32675,44","0,0483","if haply, if","LSJ, Middle Liddell"
,τοιοῦτος,493,493,493,"33168,44","0,0134","such as this,","LSJ, Middle Liddell, Slater, Autenrieth"
,γίγνομαι,491,445,"456,5","33624,94","0,0039",come into a new state of being,"LSJ, Middle Liddell, Autenrieth"
,περί,452,452,452,"34076,94","0,0054","round about, all round","LSJ, Middle Liddell, Slater, Autenrieth"
,πρός,657,445,"446,21","34523,15","0,0048","on the side of, in the direction of,","LSJ, Middle Liddell, Slater, Autenrieth"
30,πολύς,534,403,"423,67","34946,82","0,0045","many,","LSJ, Middle Liddell, Slater, Autenrieth"
,εἰς,4.206,0,"397,48","35344,29","0,0205",into,"LSJ, Middle Liddell, Slater, Autenrieth"
,οὕτως,384,384,384,"35728,29","0,0052",in this way,"LSJ, Middle Liddell"
,ἑαυτοῦ,388,358,"365,5","36093,79","0,0085",Stadtrecht von Gortyn,"LSJ, Middle Liddell"
,πόλις,638,251,"335,67","36429,46","0,0188","city,","LSJ, Middle Liddell, Slater, Autenrieth"
,ἐν,2.788,6,"314,48","36743,94","0,0164","in, into.","LSJ, Middle Liddell, Slater, Autenrieth"
,ἠμί,12.925,0,"283,97","37027,91","0,0758",say,"LSJ, Middle Liddell, Autenrieth"
,ἀλλά,3.265,0,"280,33","37308,25","0,0257",otheruise,"LSJ, Middle Liddell, Slater, Autenrieth"
,ποιέω,845,208,"279,35","37587,6","0,0088",make,"LSJ, Middle Liddell, Autenrieth"
,οἷος,258,258,258,"37845,6","0,0077","such as, of what sort,","LSJ, Middle Liddell, Autenrieth"
40,λέγω,2.517,1,"252,33","38097,93","0,0299","to say, speak",Middle Liddell
,λέγω,2.510,0,"249,83","38347,76","0,0311",pick up,"LSJ, Middle Liddell, Slater"
,λέγω,2.504,0,"248,33","38596,1","0,0285",lay,"LSJ, Middle Liddell, Autenrieth"
,ὅστις,1.643,71,"245,67","38841,76","0,0162",that,"LSJ, Middle Liddell, Slater, Autenrieth"
,ὑπό,279,239,"241,5","39083,26","0,0022",úpa,"LSJ, Middle Liddell, Slater, Autenrieth"
,ἐκ,372,196,240,"39323,26","0,0027","from out of,","LSJ, Middle Liddell, Slater, Autenrieth"
,οὐδείς,239,239,239,"39562,26","0,0037",not one,"LSJ, Middle Liddell, Slater, Autenrieth"
,δέω,4.852,12,239,"39801,26","0,0333","lack, miss, stand in need of,","LSJ, Middle Liddell"
,ἄν,3.740,1,"235,14","40036,41","0,0313","he came,","LSJ, Middle Liddell, Slater, Autenrieth"
,ἀνά,3.756,0,"233,57","40269,98","0,0333",on board,"LSJ, Middle Liddell, Slater, Autenrieth"
50,ἄν,3.735,0,"233,14","40503,12","0,0331",,"LSJ, Middle Liddell, Autenrieth"
,εἶμι,4.217,0,"230,94","40734,06","0,0268",ibo,"LSJ, Slater, Autenrieth"
,εἶμι,4.217,0,"230,94",40965,"0,0268",to go,Middle Liddell
,ἐκεῖνος,373,187,"229,15","41194,15","0,0037","the person there, that person","LSJ, Middle Liddell, Autenrieth"
,δέω,4.804,2,"224,5","41418,65","0,033","bind, tie, fetter,","LSJ, Middle Liddell, Slater, Autenrieth"
,ἐάω,832,21,"221,83","41640,48","0,0159","suffer, permit","LSJ, Middle Liddell, Slater, Autenrieth"
,ὥσπερ,212,212,212,"41852,48","0,0062","like as, even as,","LSJ, Middle Liddell, Slater, Autenrieth"
,μής,3.466,0,"211,5","42063,98","0,0221",[unavailable],LSJ
,δεῖ,4.690,0,"210,33","42274,31","0,0439",there is need,"LSJ, Middle Liddell, Slater, Autenrieth"
,δοκέω,1.004,48,"199,59","42473,9","0,0161",expect,"LSJ, Middle Liddell, Slater, Autenrieth"
60,δίκαιος,355,152,199,"42672,9","0,0191",observant of custom,"LSJ, Middle Liddell, Slater, Autenrieth"
,ἕκαστος,195,195,195,"42867,9","0,009","each,","LSJ, Middle Liddell, Slater, Autenrieth"
,ἄρχω,492,127,"193,5","43061,4","0,0134","to be first,","LSJ, Middle Liddell, Slater, Autenrieth"
,ἔχω,1.499,0,"192,15","43253,55","0,0095",check,"LSJ, Autenrieth"
,ἔχω,1.499,0,"192,15","43445,7","0,0095","bear, carry, bring","LSJ, Middle Liddell, Slater"
,πάνυ,189,189,189,"43634,7","0,0159",altogether,"LSJ, Middle Liddell"
,λόγος,602,108,"188,17","43822,86","0,0115","computation, reckoning","LSJ, Middle Liddell, Slater, Autenrieth"
,ὅσος,188,188,188,"44010,86","0,0044","as great as, how great","LSJ, Middle Liddell, Slater, Autenrieth"
,εἶπον,447,101,"187,5","44198,36","0,0088",said,"LSJ, Middle Liddell, Slater, Autenrieth"
,μέγας,237,159,"178,5","44376,86","0,0031",big,"LSJ, Middle Liddell, Slater, Autenrieth"
70,ὅτι,1.574,2,"176,67","44553,53","0,0203",that,"Middle Liddell, Autenrieth"
,ἀνήρ,270,160,"175,83","44729,36","0,0045",nar-,"LSJ, Middle Liddell, Slater, Autenrieth"
,ἀγαθός,329,126,"175,58","44904,95","0,0117",good:,"LSJ, Middle Liddell, Slater, Autenrieth"
,ὅτι,1.572,0,"174,67","45079,61","0,0219",that,"LSJ, Middle Liddell, Slater, Autenrieth"
,Δεύς,4.264,0,"171,2","45250,81","0,0529",[unavailable],LSJ
,οἴομαι,917,48,"168,37","45419,18","0,0326","forebode, presage,","LSJ, Middle Liddell, Autenrieth"
,οὔτε,394,162,"165,62","45584,81","0,0116",and not,"LSJ, Middle Liddell, Slater, Autenrieth"
,ὡς,2.620,0,"163,75","45748,56","0,0167","so, thus.","LSJ, Middle Liddell, Slater, Autenrieth"
,ὡς,2.620,0,"163,75","45912,31","0,0167","as, how;",Autenrieth
,φαίνω,314,137,"160,28","46072,59","0,0106",A ren.,"LSJ, Middle Liddell, Slater, Autenrieth"
80,μή,2.556,0,"159,75","46232,34","0,0239",mā´,"LSJ, Middle Liddell, Slater"
,μή,2.556,0,"159,75","46392,09","0,0239",[unavailable],LSJ
,μή,2.556,0,"159,75","46551,84","0,0239",lest perchance,"LSJ, Autenrieth"
,ἀληθής,362,92,"156,17","46708,01","0,0177",unconcealed,"LSJ, Middle Liddell, Autenrieth"
,πᾶς,1.998,0,"154,3","46862,3","0,0117",[unavailable],LSJ
,πᾶς,1.998,0,"154,3","47016,6","0,0117",[unavailable],LSJ
,πᾶς,1.998,0,"154,3","47170,9","0,0117",all,"LSJ, Middle Liddell, Slater, Autenrieth"
,ἔοικα,290,119,"153,08","47323,98","0,0052","as,","LSJ, Middle Liddell, Slater, Autenrieth"
,τῇ,612,0,153,"47476,98","0,0079","here, there","LSJ, Middle Liddell, Autenrieth"
,ἐπί,600,0,150,"47626,98","0,0044","on, upon with gen., dat., and acc.","Middle Liddell, Slater, Autenrieth"
90,ἐπί,600,0,150,"47776,98","0,0044",being upon,LSJ
,ἦ,9.560,0,"149,38","47926,36","0,0704","in truth, of a surety","LSJ, Middle Liddell, Slater, Autenrieth"
,ἦ,9.560,0,"149,38","48075,73","0,0704",sum,"LSJ, Slater"
,ἤ,9.560,0,"149,38","48225,11","0,0704",or,"LSJ, Middle Liddell, Slater, Autenrieth"
,ἤ,9.560,0,"149,38","48374,48","0,0704",hi,"LSJ, Middle Liddell"
,ἦ,9.560,0,"149,38","48523,86","0,0704",[unavailable],LSJ
,ἦ,9.560,0,"149,38","48673,23","0,0704","surely, doubtless","LSJ, Autenrieth"
,ὅταν,149,149,149,"48822,23","0,0113",whenever,"LSJ, Middle Liddell, Slater, Autenrieth"
,δή,3.525,0,141,"48963,23","0,075",exactness,Middle Liddell
,δικαιοσύνη,140,140,140,"49103,23","0,0305","righteousness, justice,","LSJ, Middle Liddell"
100,ἀνάγκη,229,125,"138,75","49241,98","0,0129","force, constraint, necessity,","LSJ, Middle Liddell, Autenrieth"
,οἶδα,416,88,"136,5","49378,48","0,0102",to know,"LSJ, Middle Liddell, Slater, Autenrieth"
,ἤν,3.365,0,"134,6","49513,08","0,0591",if;,"LSJ, Autenrieth"
,ἤν,3.365,0,"134,6","49647,68","0,0591",see there!,"LSJ, Middle Liddell"
,τοίνυν,133,133,133,"49780,68","0,0108","therefore, accordingly,","LSJ, Middle Liddell, Slater"
,πράσσω,153,125,132,"49912,68","0,0054","pass through, pass over,","LSJ, Middle Liddell, Slater"
,μάλιστα,128,128,128,"50040,68","0,0043",[unavailable],"Middle Liddell, Autenrieth"
,μετά,138,120,122,"50162,68","0,0028",mip,"LSJ, Middle Liddell, Slater, Autenrieth"
,ὁράω,185,110,"121,87","50284,55","0,0035",Inscr. destombeaux des rois,"LSJ, Middle Liddell, Slater, Autenrieth"
,κακός,349,62,"119,25","50403,8","0,0118",bad,"LSJ, Middle Liddell, Slater, Autenrieth"
110,ἔτι,125,113,"114,33","50518,13","0,0027","yet, still","LSJ, Middle Liddell, Slater, Autenrieth"
,εἷς,412,57,"114,08","50632,21","0,0072",sem,"LSJ, Slater, Autenrieth"
,ὀρθός,302,48,"111,5","50743,71","0,0219","straight,","LSJ, Middle Liddell, Slater, Autenrieth"
,ἀναλάζομαι,1.700,0,"109,33","50853,05","0,0334","take again,","LSJ, Middle Liddell"
,ἡδονή,109,109,109,"50962,05","0,011","enjoyment, pleasure","LSJ, Middle Liddell"
,ἀλλήλων,107,107,107,"51069,05","0,007","of one another, to one another, one another","LSJ, Middle Liddell, Autenrieth"
,σῶμα,114,102,105,"51174,05","0,0046",body,"LSJ, Middle Liddell, Slater, Autenrieth"
,ἕτερος,104,104,104,"51278,05","0,0028",D Mort.,"LSJ, Middle Liddell, Slater, Autenrieth"
,μέντοι,103,103,103,"51381,05","0,0085","indeed, to be
            sure, however;","Middle Liddell, Autenrieth"
,τῷ,2.383,0,"99,1","51480,15","0,0187","therefore, in this wise, then,","LSJ, Middle Liddell, Autenrieth"
120,βούλομαι,173,77,"98,7","51578,85","0,0057","will, wish, be willing","LSJ, Middle Liddell, Slater, Autenrieth"
,σός,476,6,"98,07","51676,91","0,0183","thy, thine","LSJ, Middle Liddell, Slater, Autenrieth"
,τίθημι,194,90,"97,94","51774,85","0,0073",p,"LSJ, Middle Liddell, Slater, Autenrieth"
,ἕ,1.704,2,"97,33","51872,19","0,0134",sui.,"LSJ, Middle Liddell, Slater, Autenrieth"
,μηδείς,97,97,97,"51969,19","0,0033","not one, not even one, nobody","LSJ, Middle Liddell, Slater"
,μανθάνω,107,94,96,"52065,19","0,0073",learn,"LSJ, Middle Liddell, Slater, Autenrieth"
,ὅδε,122,90,"95,5","52160,69","0,0083","this,","LSJ, Middle Liddell, Slater, Autenrieth"
,πρότερος,419,57,"95,22","52255,9","0,0063","before, in front","LSJ, Middle Liddell, Slater, Autenrieth"
,ἄδικος,152,76,95,"52350,9","0,0204","wrongdoing, unrighteous, unjust","LSJ, Middle Liddell, Slater"
,ἀεί,94,94,94,"52444,9","0,0034","ever, always","LSJ, Middle Liddell, Slater, Autenrieth"
130,πολιτεία,94,94,94,"52538,9","0,0162","condition and rights of a citizen, citizenship,","LSJ, Middle Liddell"
,ὦ,834,0,"92,67","52631,57","0,0354",[unavailable],LSJ
,ὦ,834,0,"92,67","52724,24","0,0354",O! oh!,"LSJ, Middle Liddell, Slater, Autenrieth"
,ἧ,1.480,0,"92,5","52816,74","0,0176","where,",LSJ
,ἀκούω,202,83,"91,23","52907,97","0,0068",hear,"LSJ, Middle Liddell, Slater, Autenrieth"
,παῖς,153,86,"90,33","52998,3","0,0056",child,"LSJ, Middle Liddell, Slater, Autenrieth"
,ἵνα,90,90,90,"53088,3","0,0059","in that place, there","LSJ, Middle Liddell, Slater, Autenrieth"
,ἐθέλω,99,85,"88,5","53176,8","0,0049",to be willing,"LSJ, Middle Liddell, Slater, Autenrieth"
,δοκεύς,366,0,"87,75","53264,55","0,0175",[unavailable],LSJ
,μήτε,146,86,"87,67","53352,22","0,0088",and not,"LSJ, Middle Liddell, Slater, Autenrieth"
140,εἰ,2.173,0,"87,1","53439,32","0,0236",[unavailable],LSJ
,εἰ,2.173,0,"87,1","53526,42","0,0236",if,"LSJ, Middle Liddell, Slater, Autenrieth"
,εἶπος,346,0,"86,5","53612,92","0,0159",[unavailable],LSJ
,οὐκοῦν,777,0,"86,33","53699,25","0,1086","therefore, then, accordingly",Middle Liddell
,οὔκουν,777,0,"86,33","53785,59","0,1086","certainly not, at any rate . . not","LSJ, Middle Liddell"
,οὐκοῦν,777,0,"86,33","53871,92","0,1086",;,LSJ
,εὖ,86,86,86,"53957,92","0,0046",well,"LSJ, Middle Liddell, Slater, Autenrieth"
,ἄνθρωπος,233,47,"85,17","54043,09","0,0058","man,","LSJ, Middle Liddell, Slater, Autenrieth"
,ἐναντίος,159,59,84,"54127,09","0,0102",opposite,"LSJ, Middle Liddell, Slater, Autenrieth"
,καλέω,374,77,"83,98","54211,07","0,009","call, summon","LSJ, Middle Liddell, Slater, Autenrieth"
150,πείθω,133,74,"83,38","54294,45","0,0059",persuade,"LSJ, Middle Liddell, Slater, Autenrieth"
,φύσις,544,43,"83,02","54377,46","0,0324","origin,","LSJ, Middle Liddell, Slater, Autenrieth"
,ἀδικέω,140,64,83,"54460,46","0,0139",to be,"LSJ, Middle Liddell"
,φύω,617,17,"79,13","54539,6","0,0244","bring forth, produce, put forth,","LSJ, Middle Liddell, Slater, Autenrieth"
,νῦν,316,0,79,"54618,6","0,0103","now, even now,","LSJ, Middle Liddell, Slater, Autenrieth"
,νῦν,316,0,79,"54697,6","0,0103","now,","LSJ, Middle Liddell"
,μόνος,124,70,"78,83","54776,43","0,0021","alone, solitary","LSJ, Middle Liddell, Slater"
,μέλλω,112,66,"77,5","54853,93","0,0064",to be destined,"LSJ, Middle Liddell, Slater, Autenrieth"
,ψυχή,658,0,"77,4","54931,33","0,0396","life,","LSJ, Middle Liddell, Autenrieth"
,ἡγέομαι,121,70,77,"55008,33","0,0063","go before, lead the way","LSJ, Middle Liddell, Autenrieth"
160,διέρχομαι,77,77,77,"55085,33","0,0126","go through, pass through,","LSJ, Middle Liddell, Slater, Autenrieth"
,ὁμολογέω,87,74,"76,83","55162,16","0,0111",to be,"LSJ, Middle Liddell"
,κάτος,816,0,"76,8","55238,96","0,0068",following,LSJ
,ἀπό,176,71,"75,2","55314,16","0,0025","ápa,","LSJ, Middle Liddell, Slater, Autenrieth"
,ὥστε,75,75,75,"55389,16","0,002","as being, inasmuch as,","LSJ, Middle Liddell, Slater, Autenrieth"
,ἀλήθεια,75,75,75,"55464,16","0,0111",truth,"LSJ, Middle Liddell"
,παντάπασι,74,74,74,"55538,16","0,011","all in all, altogether, wholly","LSJ, Middle Liddell"
,θεός,549,50,"73,9","55612,07","0,0146","God, the Deity","LSJ, Middle Liddell, Slater, Autenrieth"
,δύναμαι,104,66,"73,83","55685,9","0,0033","to be able, strong enough","LSJ, Middle Liddell, Slater, Autenrieth"
,πολέω,343,0,"73,67","55759,57","0,0191","go about, range ouer, haunt,","LSJ, Middle Liddell"
170,οὐ,23.706,0,"73,17","55832,73","0,1157",assuredly not,"LSJ, Middle Liddell"
,οὐ,23.706,0,"73,17","55905,9","0,1157",not however,"LSJ, Middle Liddell"
,οὐ,23.706,0,"73,17","55979,07","0,1157",for I don't suppose,"LSJ, Middle Liddell"
,οὐ,23.706,0,"73,17","56052,23","0,1157",never yet ai any time,"LSJ, Middle Liddell"
,οὐ,23.706,0,"73,17","56125,4","0,1157","no truly, nay verily","LSJ, Middle Liddell"
,οὐ,23.706,0,"73,17","56198,57","0,1157","certainly not, in sooth not","LSJ, Middle Liddell"
,οὐ,23.706,0,"73,17","56271,73","0,1157",for not,"LSJ, Middle Liddell"
,οὐ,23.706,0,"73,17","56344,9","0,1157","nevertheless, notwithstanding, yet, still","LSJ, Middle Liddell"
,οὐ,23.706,0,"73,17","56418,07","0,1157",for in no manner,"LSJ, Middle Liddell"
,οὐ,23.706,0,"73,17","56491,23","0,1157",on the contrary . . not,LSJ
180,οὐ,23.706,0,"73,17","56564,4","0,1157",[unavailable],"LSJ, Middle Liddell"
,οὐ,23.706,0,"73,17","56637,57","0,1157",indeed,"LSJ, Middle Liddell"
,οὐ,23.706,0,"73,17","56710,73","0,1157",fact,"LSJ, Middle Liddell, Slater"
,οὐ,23.706,0,"73,17","56783,9","0,1157","surely not, verily not",LSJ
,οὐ,23.706,0,"73,17","56857,07","0,1157",no truly,"LSJ, Middle Liddell, Autenrieth"
,οὐ,23.706,0,"73,17","56930,23","0,1157",for surely not,"LSJ, Middle Liddell"
,οὐ,23.706,0,"73,17","57003,4","0,1157",since,LSJ
,οὐ,23.706,0,"73,17","57076,57","0,1157","no,—certainly not","LSJ, Middle Liddell"
,λαμβάνω,110,64,"72,17","57148,73","0,0022",a,"LSJ, Middle Liddell, Slater, Autenrieth"
,ἐπεί,198,62,"72,16","57220,9","0,0046","after that, since, when,","LSJ, Middle Liddell, Slater, Autenrieth"
190,κατά,761,0,"70,97","57291,86","0,0067",downwards.,"LSJ, Middle Liddell, Slater, Autenrieth"
,κατά,761,0,"70,97","57362,83","0,0067",[unavailable],LSJ
,δύναμις,70,70,70,"57432,83","0,0048","power, might","LSJ, Middle Liddell, Slater, Autenrieth"
,ἐπιστήμη,102,66,"69,75","57502,58","0,0287",acquaintance with,"LSJ, Middle Liddell"
,ψύχω,623,1,"69,4","57571,98","0,0456",Phdr..,"LSJ, Middle Liddell, Autenrieth"
,λογάω,450,0,"69,17","57641,15","0,0135",to be fond of talking,LSJ
,γυνή,144,64,69,"57710,15","0,0063","woman,","LSJ, Middle Liddell, Autenrieth"
,ἕνεκα,69,69,69,"57779,15","0,005","on account of,","LSJ, Middle Liddell, Slater, Autenrieth"
,ἀδικία,97,59,"68,5","57847,65","0,0239","wrongdoing, injustice","LSJ, Middle Liddell"
,μαλλός,269,1,68,"57915,65","0,0069",flock of wool,"LSJ, Middle Liddell"
200,τρέφω,191,49,"67,17","57982,81","0,0126",thicken,"LSJ, Middle Liddell, Slater, Autenrieth"
,μᾶλλον,268,0,67,"58049,81","0,0069",[unavailable],"LSJ, Middle Liddell"
,ἀρχή,192,52,66,"58115,81","0,0074","beginning, origin,","LSJ, Middle Liddell, Autenrieth"
,οἰμάω,575,0,"65,83","58181,65","0,0535",swoop,"LSJ, Middle Liddell"
,αὖ,573,0,"63,67","58245,31","0,0657","again, anew, afresh, once more,","LSJ, Middle Liddell, Slater, Autenrieth"
,αὗ,573,0,"63,67","58308,98","0,0657","bow wow,",LSJ
,αὖ,573,0,"63,67","58372,65","0,0657",bow wow,Middle Liddell
,ὀρθόω,254,0,"63,5","58436,15","0,0229","set straight,","LSJ, Middle Liddell, Slater, Autenrieth"
,ἵημι,640,1,"62,67","58498,81","0,0133",Ja-c-io,"LSJ, Middle Liddell, Slater, Autenrieth"
,ἀναγκάζω,88,54,"62,5","58561,31","0,0066","force, compel,","LSJ, Middle Liddell"
210,οἴμη,561,0,"62,33","58623,65","0,0616","way of song, song, lay,","LSJ, Middle Liddell, Autenrieth"
,φέρω,68,60,62,"58685,65","0,0018","fero,","LSJ, Middle Liddell, Slater, Autenrieth"
,δῆλος,218,11,"61,7","58747,35","0,0228","visible, conspicuous",Middle Liddell
,πῶς,984,0,"61,5","58808,85","0,0441",how? in what way,"Middle Liddell, Slater"
,πῶς,984,0,"61,5","58870,35","0,0441",how?,"LSJ, Middle Liddell, Autenrieth"
,πως,984,0,"61,5","58931,85","0,0441","in any way, at all, by any means","Middle Liddell, Slater"
,πως,984,0,"61,5","58993,35","0,0441","in any way, at all, by any means",LSJ
,πότερος,69,57,60,"59053,35","0,0084",whether of the two?,"LSJ, Middle Liddell, Autenrieth"
,ἅπας,60,60,60,"59113,35","0,0016","sṃ-,","LSJ, Middle Liddell, Slater, Autenrieth"
,αὐτοῦ,240,0,60,"59173,35","0,0075",just there,"LSJ, Middle Liddell, Slater, Autenrieth"
220,ἱκανός,179,21,58,"59231,35","0,0195","sufficing, becoming, befitting","LSJ, Middle Liddell"
,καλός,1.043,0,"57,83","59289,18","0,0162",beautiful,LSJ
,καλός,1.043,0,"57,83","59347,01","0,0162","beautiful, beauteous, fair","Middle Liddell, Slater, Autenrieth"
,ἔργον,137,31,"57,5","59404,51","0,0047",weorc,"LSJ, Middle Liddell, Slater, Autenrieth"
,δοξάζω,331,26,"57,42","59461,93","0,016","think, imagine,","LSJ, Middle Liddell"
,ποῦ,516,0,"57,33","59519,26","0,034",where?,"LSJ, Middle Liddell, Autenrieth"
,πού,516,0,"57,33","59576,6","0,034","somewhere, anywhere; methinks, doubtless, perhaps.",Autenrieth
,πού,516,0,"57,33","59633,93","0,034","anywhere, somewhere",Middle Liddell
,γένος,97,43,"56,5","59690,43","0,0059","race, stock, kin","LSJ, Middle Liddell, Slater, Autenrieth"
,χαλεπός,65,53,56,"59746,43","0,0055",difficult,"LSJ, Middle Liddell, Slater, Autenrieth"
230,μάθημα,55,55,55,"59801,43","0,0163","that which is learnt, lesson","LSJ, Middle Liddell"
,οἰάω,297,0,"54,87","59856,3","0,0493",[unavailable],LSJ
,ἄρχων,286,0,"54,67","59910,96","0,0305","ruler, commander,","LSJ, Middle Liddell"
,ταὐτός,98,40,"54,5","59965,46","0,0112",identical,LSJ
,τυγχάνω,89,46,"54,08","60019,55","0,003",happen to be at,"LSJ, Middle Liddell, Slater, Autenrieth"
,ἥσσων,58,52,"53,5","60073,05","0,0059",inferior,"LSJ, Middle Liddell, Autenrieth"
,εἶδος,119,31,53,"60126,05","0,0191","that which is seen: form, shape","LSJ, Middle Liddell, Slater, Autenrieth"
,φιλόσοφος,86,42,53,"60179,05","0,0134",lover of wisdom,"LSJ, Middle Liddell"
,συμφέρω,53,53,53,"60232,05","0,0069","bring together, gather, collect","LSJ, Middle Liddell, Autenrieth"
,πάντῃ,698,10,53,"60285,05","0,0178","every way, on every side","LSJ, Middle Liddell, Autenrieth"
240,εἴπερ,52,52,52,"60337,05","0,0084","if really, if indeed","LSJ, Middle Liddell, Slater, Autenrieth"
,μιμέομαι,69,48,52,"60389,05","0,0112","imitate, represent, portray","LSJ, Middle Liddell, Slater"
,ζητέω,65,48,"51,83","60440,88","0,0062","seek, seek for","LSJ, Middle Liddell, Autenrieth"
,οὐδός,1.282,0,"51,7","60492,58","0,0133",way,"LSJ, Middle Liddell, Autenrieth"
,οὐδός,1.282,0,"51,7","60544,28","0,0133",threshold,"LSJ, Middle Liddell, Autenrieth"
,οὐδέ,1.280,0,"51,2","60595,48","0,0133",and) in no wise,LSJ
,οὐδέ,1.280,0,"51,2","60646,68","0,0133","and not yet, not as yet","LSJ, Middle Liddell, Slater, Autenrieth"
,οὐδέ,1.280,0,"51,2","60697,88","0,0133",but not,LSJ
,διαφέρω,51,51,51,"60748,88","0,0047",carry over,"LSJ, Middle Liddell, Slater"
,βέλτιστος,51,51,51,"60799,88","0,0092","best, most excellent","LSJ, Middle Liddell"
250,ἐρῶ,316,38,"50,76","60850,64","0,0132","verbum,","LSJ, Middle Liddell"
,ἐπαινέω,75,46,"50,58","60901,23","0,0044","approve, applaud, commend,","LSJ, Middle Liddell, Slater, Autenrieth"
,προσήκω,55,49,"50,5","60951,73","0,0057","to have come, be at hand, be present","LSJ, Middle Liddell"
,ψυχάζω,415,0,"50,4","61002,13","0,0312","refresh oneself in the shade,",LSJ
,δέομαι,938,0,"49,87","61051,99","0,0199",lack,Slater
,ἀλάομαι,206,0,"49,83","61101,83","0,0243","wander, roam","LSJ, Middle Liddell, Slater, Autenrieth"
,εὑρίσκω,57,47,"49,5","61151,33","0,003",find,"LSJ, Middle Liddell, Slater, Autenrieth"
,εἶδον,245,16,"49,5","61200,82","0,0073",to see,Middle Liddell
,ἀδύνατος,71,45,49,"61249,82","0,0125",unable,"LSJ, Middle Liddell, Slater"
,ἐπιχειρέω,62,44,"48,5","61298,32","0,0091","put one's hand to,","LSJ, Middle Liddell, Autenrieth"
260,Δῆλος,197,0,"48,2","61346,52","0,0249","Delos,","LSJ, Middle Liddell, Autenrieth"
,δυνατός,193,15,"48,17","61394,69","0,0171","strong, mighty","LSJ, Middle Liddell, Slater"
,ἐγγίγνομαι,48,48,48,"61442,69","0,0109",to be born in,"LSJ, Middle Liddell, Autenrieth"
,πατήρ,57,45,48,"61490,69","0,003",pitṛ[snull ]u,"LSJ, Middle Liddell, Slater, Autenrieth"
,χρῆμα,49,47,"47,5","61538,19","0,0035","need,","LSJ, Middle Liddell, Slater, Autenrieth"
,αἴρω,5.249,0,"47,11","61585,3","0,1144","to take up, raise, lift up","LSJ, Middle Liddell, Autenrieth"
,ἄγω,355,24,47,"61632,3","0,0051","lead, carry, fetch, bring","LSJ, Middle Liddell, Slater, Autenrieth"
,ἀποκρίνω,47,47,47,"61679,3","0,0075","set apart,","LSJ, Middle Liddell, Autenrieth"
,ὄντα,188,0,47,"61726,3","0,0081","(sum), the things which actually exist, the present,","LSJ, Middle Liddell"
,φύλαξ,238,22,"46,83","61773,14","0,0444","watcher, guard, sentinel,","LSJ, Middle Liddell, Slater"
270,γιγνώσκω,51,45,"46,5","61819,64","0,0028","come to know, perceive","LSJ, Middle Liddell, Autenrieth"
,ἐμός,241,16,46,"61865,64","0,0107",mine,"LSJ, Middle Liddell, Slater, Autenrieth"
,ἡμός,255,0,"45,83","61911,47","0,0099",[unavailable],Middle Liddell
,λογόω,356,0,"45,67","61957,14","0,0123",introduce,LSJ
,ἑκάτερος,65,39,"45,5","62002,64","0,0094","each of two, each singly,","LSJ, Middle Liddell, Slater"
,τέχνη,152,24,"45,17","62047,8","0,0145","art, skill, cunning of hand","LSJ, Middle Liddell, Autenrieth"
,γοῦν,45,45,45,"62092,8","0,0043",at least then,"LSJ, Middle Liddell, Autenrieth"
,σκοπέω,188,0,"44,67","62137,47","0,019","behold, contemplate","LSJ, Middle Liddell, Slater"
,σκοπάω,188,0,"44,67","62182,14","0,019",[unavailable],LSJ
,θεάω,691,0,"44,5","62226,64","0,0207",[unavailable],LSJ
280,ἀποδίδωμι,56,43,"44,25","62270,89","0,0046",give up,"LSJ, Middle Liddell, Slater, Autenrieth"
,νυνδί,44,44,44,"62314,89","0,0349",[unavailable],Middle Liddell
,ἐξ,176,0,44,"62358,89","0,0045",[unavailable],Middle Liddell
,δύο,61,43,"43,93","62402,83","0,0032",Acut.(Sp.,"LSJ, Middle Liddell, Slater, Autenrieth"
,μείς,658,2,"43,75","62446,58","0,0208",Ars Prooem.,"LSJ, Middle Liddell, Slater, Autenrieth"
,κενόω,179,1,"43,4","62489,98","0,005",empty,"LSJ, Middle Liddell"
,φιλέω,377,9,"43,17","62533,14","0,0151","love, regard with affection,","LSJ, Middle Liddell, Slater, Autenrieth"
,αἱρέω,43,43,43,"62576,14","0,0029","take with the hand, grasp, seize","LSJ, Middle Liddell, Slater, Autenrieth"
,σοφός,61,37,43,"62619,14","0,0061",skilled in any handicraft,"LSJ, Middle Liddell, Slater"
,λανθάνω,67,39,"42,87","62662,01","0,0035",escape notice,"LSJ, Middle Liddell, Autenrieth"
290,δίδωμι,47,41,"42,5","62704,51","0,0013",Aër.,"LSJ, Middle Liddell, Slater, Autenrieth"
,ἐρωτάω,65,35,"42,5","62747,01","0,0053","ask,","LSJ, Middle Liddell, Autenrieth"
,μέρος,56,38,"42,5","62789,51","0,0039","share, portion","LSJ, Middle Liddell, Slater"
,τελευτάω,65,35,"42,5","62832,01","0,0058","bring to pass, accomplish","LSJ, Middle Liddell, Slater, Autenrieth"
,πάσχω,70,36,"42,17","62874,18","0,0025",have,"LSJ, Middle Liddell, Slater, Autenrieth"
,πηρός,481,0,"42,02","62916,19","0,006","disabled in a limb, maimed","LSJ, Middle Liddell, Autenrieth"
,χρόνος,54,38,42,"62958,19","0,0022","time,","LSJ, Middle Liddell, Slater, Autenrieth"
,πόλεμος,77,37,42,"63000,19","0,0058","war,","LSJ, Middle Liddell, Slater, Autenrieth"
,φιλοσοφία,42,42,42,"63042,19","0,0105","love of knowledge, pursuit there of, speculation,","LSJ, Middle Liddell"
,ἀγαθόω,167,0,"41,33","63083,53","0,0122",do good to,LSJ
300,ἔρχομαι,51,39,"41,17","63124,69","0,0023",ibo,"LSJ, Middle Liddell, Slater, Autenrieth"
,πλεῖστος,41,41,41,"63165,69","0,0025","most, greatest, largest,","LSJ, Middle Liddell, Slater, Autenrieth"
,ἐπιτήδευμα,41,41,41,"63206,69","0,0133","pursuit, business, custom,","LSJ, Middle Liddell"
,ῥᾴδιος,90,27,"40,67","63247,36","0,006","easy, ready","LSJ, Middle Liddell, Slater"
,ἐγώγε,162,0,"40,5","63287,86","0,0199",[unavailable],Middle Liddell
,μικρός,162,0,"40,5","63328,36","0,0051","small, little","LSJ, Middle Liddell, Slater, Autenrieth"
,σμικρός,162,0,"40,5","63368,86","0,0053","small, unimportant","LSJ, Middle Liddell, Slater, Autenrieth"
,παρέχω,56,36,"40,25","63409,11","0,0023",hand over,"LSJ, Middle Liddell, Slater, Autenrieth"
,μήν,644,0,"40,25","63449,36","0,0225","verily, truly","LSJ, Middle Liddell, Autenrieth"
,μήν,644,0,"40,25","63489,61","0,0225",month,"LSJ, Slater, Autenrieth"
310,παρά,450,0,"40,08","63529,69","0,0065",beside,"LSJ, Middle Liddell, Slater, Autenrieth"
,ἡδύς,49,37,40,"63569,69","0,0029",pleasant,"LSJ, Middle Liddell, Autenrieth"
,ἀμφότερος,73,29,40,"63609,69","0,007","either,","LSJ, Middle Liddell, Slater, Autenrieth"
,Ζεύς,1.615,0,"39,8","63649,49","0,0176",dyaús,"LSJ, Middle Liddell, Slater"
,χράω,536,13,"39,43","63688,92","0,0097","proclaim,","LSJ, Middle Liddell, Slater, Autenrieth"
,οἰκεῖος,139,26,"39,25","63728,17","0,009",in,"LSJ, Middle Liddell, Slater"
,ἐργάζομαι,39,39,39,"63767,17","0,0042","work, labour,","LSJ, Middle Liddell, Slater, Autenrieth"
,ἅπτω,46,38,"38,53","63805,7","0,0038",fasten,"LSJ, Middle Liddell, Slater, Autenrieth"
,ἀνθρωπώ,186,0,"38,17","63843,87","0,0077",[unavailable],LSJ
,ἀπόλλυμι,62,30,38,"63881,87","0,0039","destroy utterly, kill,","LSJ, Middle Liddell, Autenrieth"
320,ἐχθρός,70,34,38,"63919,87","0,007","hated, hateful","LSJ, Middle Liddell, Slater, Autenrieth"
,τιμάω,192,7,38,"63957,87","0,0105","honour, revere, reverence","LSJ, Middle Liddell, Slater, Autenrieth"
,ἀρετάω,197,0,38,"63995,87","0,0152","thrive, prosper,","LSJ, Middle Liddell, Autenrieth"
,ὧδε,38,38,38,"64033,87","0,008","in this wise, thus,","LSJ, Middle Liddell, Slater, Autenrieth"
,ἀρετή,197,0,38,"64071,87","0,0152","goodness, excellence,","LSJ, Middle Liddell, Autenrieth"
,φαῦλος,38,38,38,"64109,87","0,0044","cheap, easy, slight, paltry,","LSJ, Middle Liddell"
,πάλιν,37,37,37,"64146,87","0,0017","back, backwards","LSJ, Middle Liddell, Slater, Autenrieth"
,εὐδαίμων,41,35,"36,5","64183,37","0,0075",blessed with a good genius,"LSJ, Middle Liddell, Slater"
,ἄριστος,129,19,"36,5","64219,87","0,0074",best,"LSJ, Middle Liddell, Slater, Autenrieth"
,φύζω,389,0,"36,38","64256,25","0,0269",[unavailable],LSJ
330,πρῶτος,344,0,"36,22","64292,47","0,0071",first,"LSJ, Slater, Autenrieth"
,πρωτός,344,0,"36,22","64328,69","0,0071",destined,LSJ
,ἥκιστος,36,36,36,"64364,69","0,0055",least,"LSJ, Middle Liddell"
,κακόω,196,1,36,"64400,69","0,0101","maltreat, distress","LSJ, Middle Liddell, Autenrieth"
,δημιουργός,66,26,36,"64436,69","0,0185","one who works for the people, a skilled workman, handicraftsman",Middle Liddell
,παιδεία,39,35,36,"64472,69","0,0095",rearing of a child,"LSJ, Middle Liddell"
,κινδυνεύω,36,36,36,"64508,69","0,0062","to be daring, run risk","LSJ, Middle Liddell, Slater"
,εἴτε,165,0,36,"64544,69","0,0093","sive..sive.., either..or.., whether..or..,","LSJ, Middle Liddell, Slater, Autenrieth"
,διάνοια,36,36,36,"64580,69","0,0062","thought,","LSJ, Middle Liddell"
,ἰδέω,249,0,"35,76","64616,45","0,0076",[unavailable],Autenrieth
340,ἀρά,5.131,0,"35,75","64652,2","0,2671",prayer,Slater
,ἀρά,5.131,0,"35,75","64687,94","0,2671","prayer,","LSJ, Middle Liddell"
,ἀράζω,5.131,0,"35,75","64723,69","0,227","snarl, growl,",LSJ
,ἀρή,5.131,0,"35,75","64759,43","0,2671","bane, ruin,","LSJ, Autenrieth"
,ἄρα,5.132,0,"35,71","64795,15","0,2925",[unavailable],Slater
,ἄρα,5.132,0,"35,71","64830,86","0,2925",i[rtilde],"LSJ, Autenrieth"
,ποιόω,276,0,"35,67","64866,53","0,0114","make of a certain quality,",LSJ
,ἄρον,5.126,0,"35,55","64902,07","0,2986","cuckoo-pint, Arum italicum,",LSJ
,ἆρα,5.126,0,"35,55","64937,62","0,2986",anxiety,LSJ
,ἆρα,5.126,0,"35,55","64973,16","0,2986",particle introducing a question,"Middle Liddell, Slater"
350,κρείσσων,58,28,"35,5","65008,66","0,0059","stronger, mightier","LSJ, Middle Liddell, Autenrieth"
,χάω,795,0,"35,4","65044,06","0,0156",[unavailable],LSJ
,μουσικός,104,12,35,"65079,06","0,023",musical,"LSJ, Middle Liddell"
,ἀμείνων,35,35,35,"65114,06","0,0045",better:,"LSJ, Middle Liddell, Autenrieth"
,ὑπέρ,35,35,35,"65149,06","0,001",upaári,"LSJ, Middle Liddell, Slater, Autenrieth"
,γῆ,35,35,35,"65184,06","0,0016",earth,"LSJ, Middle Liddell, Autenrieth"
,ναῦς,710,4,"34,8","65218,87","0,0357","ship,","LSJ, Middle Liddell, Slater, Autenrieth"
,τύραννος,45,31,"34,5","65253,37","0,0062","an absolute ruler,","LSJ, Middle Liddell, Slater"
,μηδέ,199,0,"34,33","65287,7","0,0055",and not,"LSJ, Middle Liddell, Slater, Autenrieth"
,Μῆδος,199,0,"34,33","65322,03","0,0055","Mede, Median","LSJ, Middle Liddell"
360,ἀναγκαῖος,144,14,"34,25","65356,28","0,0147","of, with,","LSJ, Middle Liddell, Slater, Autenrieth"
,τοσοῦτος,34,34,34,"65390,28","0,0014","so large, so tall,","LSJ, Middle Liddell, Slater, Autenrieth"
,φίλος,413,0,"33,5","65423,78","0,0183","loved, beloved, dear","Middle Liddell, Slater, Autenrieth"
,φίλος,413,0,"33,5","65457,28","0,0183","beloved, dear,",LSJ
,οἰκέω,176,13,"33,42","65490,7","0,0067","inhabit,","LSJ, Middle Liddell, Slater, Autenrieth"
,πολίτης,51,27,33,"65523,7","0,0053","citizen, freeman,","LSJ, Middle Liddell, Autenrieth"
,ἰατρικός,33,33,33,"65556,7","0,0121",of,"LSJ, Middle Liddell"
,αἰσχρός,33,33,33,"65589,7","0,003","causing shame, dishonouring, reproachful","LSJ, Middle Liddell, Slater, Autenrieth"
,τοιόσδε,33,33,33,"65622,7","0,0056","such as this,","LSJ, Middle Liddell, Slater, Autenrieth"
,ἄρτι,33,33,33,"65655,7","0,0065","just, exactly,","LSJ, Middle Liddell, Slater"
370,δῖος,1.552,0,"32,8","65688,5","0,0169","heavenly,","LSJ, Middle Liddell, Slater, Autenrieth"
,διά,1.552,0,"32,8","65721,3","0,0169",through;,"LSJ, Middle Liddell, Slater, Autenrieth"
,Δίη,1.552,0,"32,8","65754,1","0,0169",[unavailable],Autenrieth
,Δῖα,1.552,0,"32,8","65786,9","0,0169",[unavailable],LSJ
,Δίον,1.552,0,"32,8","65819,7","0,0169",[unavailable],Autenrieth
,ἱκανόω,140,0,"32,5","65852,2","0,0261","make sufficient, qualify","LSJ, Middle Liddell"
,κάκη,185,0,"32,5","65884,7","0,0147","wickedness, vice","LSJ, Middle Liddell"
,ἐννοέω,58,29,"32,5","65917,2","0,0142","have in one's thoughts, consider, reflect,","LSJ, Middle Liddell"
,ἀνδρεῖος,100,16,"32,33","65949,53","0,0166",of,"LSJ, Middle Liddell"
,λέγος,516,0,"32,25","65981,78","0,0269",lewd,LSJ
380,μεταξύ,32,32,32,"66013,78","0,0053",in the midst,"LSJ, Middle Liddell, Autenrieth"
,παιδεύω,32,32,32,"66045,78","0,0067",bring up,"LSJ, Middle Liddell, Slater"
,πονηρός,32,32,32,"66077,78","0,0037","oppressed by toils,","LSJ, Middle Liddell"
,πρίν,32,32,32,"66109,78","0,0029","before, until.","LSJ, Middle Liddell, Slater, Autenrieth"
,ζάω,142,12,32,"66141,78","0,0086",to live,"LSJ, Middle Liddell, Autenrieth"
,ὄψις,37,31,"31,67","66173,45","0,0033","aspect, appearance","LSJ, Middle Liddell, Slater, Autenrieth"
,τότε,285,0,"31,67","66205,12","0,0126","at that time, then,","LSJ, Middle Liddell, Slater, Autenrieth"
,τοτέ,285,0,"31,67","66236,78","0,0128","at times, now and then",Middle Liddell
,τοτέ,285,0,"31,67","66268,45","0,0128","at times, now and then,","LSJ, Slater, Autenrieth"
,αἰσθάνομαι,48,26,"31,5","66299,95","0,0049","perceive, apprehend by the senses","LSJ, Middle Liddell"
390,κρίνω,37,29,31,"66330,95","0,0036","separate, put asunder, distinguish","LSJ, Middle Liddell, Slater, Autenrieth"
,γέλοιος,46,30,31,"66361,95","0,0099","mirth-provoking, amusing","LSJ, Middle Liddell"
,πλούσιος,52,24,31,"66392,95","0,0078","wealthy, opulent,","LSJ, Middle Liddell"
,πλέω,230,3,"30,82","66423,77","0,0055","sail, go by sea,","LSJ, Middle Liddell, Slater, Autenrieth"
,ποιός,620,0,"30,57","66454,33","0,0501","of a certain nature, kind",Middle Liddell
,ποῖος,620,0,"30,57","66484,9","0,0492",of what kind?,"LSJ, Middle Liddell, Slater, Autenrieth"
,ποιός,620,0,"30,57","66515,47","0,0501","of a certain nature, kind,",LSJ
,σκέπτομαι,32,30,"30,5","66545,97","0,0055",look,"LSJ, Middle Liddell, Autenrieth"
,ὅπη,30,30,30,"66575,97","0,009",by which,"LSJ, Middle Liddell"
,γυμναστικός,30,30,30,"66605,97","0,0178","fond of athletic exercises, skilled in them,","LSJ, Middle Liddell"
400,ἐπειδάν,30,30,30,"66635,97","0,0068","whenever,","LSJ, Middle Liddell, Autenrieth"
,ἀπεργάζομαι,30,30,30,"66665,97","0,0079","finish off, complete, bring to perfection,","LSJ, Middle Liddell"
,ὀλίγος,69,17,30,"66695,97","0,0035","little, small,","LSJ, Middle Liddell, Slater, Autenrieth"
,ὅμοιος,201,0,"29,92","66725,88","0,0078","like, resembling,","LSJ, Middle Liddell"
,ὁμοῖος,201,0,"29,92","66755,8","0,0078",similar,"Slater, Autenrieth"
,βιόω,494,2,"29,61","66785,41","0,0213","live, pass one's life","LSJ, Middle Liddell, Autenrieth"
,δικαιόω,133,0,"29,5","66814,91","0,0147","set right,","LSJ, Middle Liddell, Slater"
,ἔπειτα,51,29,"29,41","66844,32","0,0041","thereupon, thereafter, then,","LSJ, Middle Liddell, Slater, Autenrieth"
,πλείων,218,5,"29,32","66873,64","0,0069","more,","LSJ, Middle Liddell, Autenrieth"
,καθίστημι,67,21,"29,17","66902,81","0,0044",set down,"LSJ, Middle Liddell, Autenrieth"
410,δοκόω,270,0,"29,09","66931,89","0,0119","furnish with rafters,",LSJ
,κτάομαι,147,5,"29,08","66960,97","0,0127","procure for oneself, get, acquire","LSJ, Middle Liddell, Slater, Autenrieth"
,χρήσιμος,29,29,29,"66989,97","0,0042","useful, serviceable,","LSJ, Middle Liddell"
,ὡσαύτως,29,29,29,"67018,97","0,0098","in like manner, just so,","LSJ, Middle Liddell"
,ἁρμονία,29,29,29,"67047,97","0,0081","means of joining, fastening,","LSJ, Middle Liddell, Slater"
,ἕπομαι,38,26,29,"67076,97","0,0037",follow,"LSJ, Slater, Autenrieth"
,δόξα,290,0,"28,92","67105,89","0,0186","expectation,","LSJ, Middle Liddell, Slater, Autenrieth"
,τρίτος,51,24,"28,67","67134,56","0,0056","third,","LSJ, Middle Liddell, Slater, Autenrieth"
,δεύτερος,37,27,"28,67","67163,22","0,0034","second,","LSJ, Middle Liddell, Slater, Autenrieth"
,κάλως,693,0,"28,43","67191,66","0,0181","reefing rope, reef",LSJ
420,κάλως,693,0,"28,43","67220,09","0,0181","a reefing rope, reef",Middle Liddell
,νάω,526,0,"28,28","67248,37","0,0389","flow,","LSJ, Middle Liddell, Slater, Autenrieth"
,κακία,32,28,"28,25","67276,62","0,0067",badness,"LSJ, Middle Liddell"
,ἴδιος,135,0,"28,1","67304,72","0,0088","one's own, pertaining to oneself","LSJ, Middle Liddell, Autenrieth"
,νομίζω,28,28,28,"67332,72","0,0016","use customarily, practise,","LSJ, Middle Liddell, Slater"
,θυμοειδής,28,28,28,"67360,72","0,0113",high-spirited,"LSJ, Middle Liddell"
,πῆρος,261,0,"27,93","67388,66","0,004","loss of strength, dotage",LSJ
,ἐπιθυμία,188,0,"27,92","67416,57","0,034","desire, yearning","LSJ, Middle Liddell"
,ἐπιθυμιάω,188,0,"27,92","67444,49","0,033",offer incense,"LSJ, Middle Liddell"
,ἔχις,656,0,"27,73","67472,22","0,0204",viper,"LSJ, Middle Liddell"
430,τρόπος,319,0,"27,54","67499,76","0,0162","turn, direction, way,",LSJ
,τρόπος,319,0,"27,54","67527,29","0,0162","a turn, direction, course, way","Middle Liddell, Slater"
,τροπός,319,0,"27,54","67554,83","0,0162","twisted leathern thong,","LSJ, Middle Liddell, Autenrieth"
,ἴσος,208,1,"27,53","67582,36","0,0085",equal,"LSJ, Middle Liddell, Slater"
,μετέχω,29,27,"27,5","67609,86","0,0037","partake of, share in","LSJ, Middle Liddell, Slater"
,ψῦχος,253,0,"27,4","67637,26","0,0276","cold,","LSJ, Middle Liddell, Autenrieth"
,ὅσπερ,27,27,27,"67664,26","0,0032","the very man who, the very thing which","LSJ, Middle Liddell, Slater, Autenrieth"
,ἅτε,27,27,27,"67691,26","0,0046","just as, as if, so as,","LSJ, Middle Liddell, Slater, Autenrieth"
,εἰκός,126,0,27,"67718,26","0,0073",like truth,"LSJ, Middle Liddell"
,οὐδαμός,108,0,27,"67745,26","0,0168","not any one, no one","LSJ, Middle Liddell"
440,βιός,511,0,"26,95","67772,21","0,0229",bow,"LSJ, Slater, Autenrieth"
,βιός,511,0,"26,95","67799,15","0,0229",a bow,Middle Liddell
,βίος,511,0,"26,95","67826,1","0,0229",life,"LSJ, Middle Liddell, Slater, Autenrieth"
,βλάπτω,39,24,"26,5","67852,6","0,0061","disable, hinder","LSJ, Middle Liddell, Slater, Autenrieth"
,χαίρω,28,26,"26,5","67879,1","0,0022","rejoice, be glad,","LSJ, Middle Liddell, Slater, Autenrieth"
,ἔργνυμι,106,0,"26,5","67905,6","0,0051",to confine,Middle Liddell
,χέω,636,1,"26,4",67932,"0,023",pour,"LSJ, Middle Liddell, Slater, Autenrieth"
,ἐλάσσων,65,19,"26,33","67958,33","0,0078","smaller, less","LSJ, Middle Liddell, Autenrieth"
,κἀν,26,26,26,"67984,33","0,0018","and if, even if, although",Middle Liddell
,ὠφελέω,26,26,26,"68010,33","0,0045","help, aid, succour,","LSJ, Middle Liddell"
450,ἰσχυρός,29,25,26,"68036,33","0,0042",strong,"LSJ, Middle Liddell"
,σοφία,26,26,26,"68062,33","0,0054",cleverness,"LSJ, Middle Liddell, Slater"
,ἀνίημι,332,11,"25,87","68088,2","0,0137",send up,"LSJ, Middle Liddell, Slater, Autenrieth"
,οἰκία,31,25,"25,75","68113,95","0,0033","building, house, dwelling,","LSJ, Middle Liddell"
,ἰδιάζω,115,0,"25,6","68139,55","0,0109",to be alone,LSJ
,ὅλοξ,167,0,"25,5","68165,05","0,0092","whole, entire, complete",Middle Liddell
,ταύτῃ,102,0,"25,5","68190,55","0,0132",in this way.,Middle Liddell
,βλέπω,33,23,"25,5","68216,05","0,0044","see, have the power of sight","LSJ, Middle Liddell, Slater"
,ἐπιτηδεύω,27,25,"25,5","68241,55","0,0086",pursue,"LSJ, Middle Liddell"
,ὅλος,167,0,"25,5","68267,05","0,0103","whole, entire, complete in all its parts,","LSJ, Slater"
460,ἰδιώτης,27,25,"25,5","68292,55","0,0047","private person, individual","LSJ, Middle Liddell"
,δύω,128,0,"25,43","68317,98","0,0088","cause to sink, sink, plunge in","LSJ, Middle Liddell, Autenrieth"
,ἦδος,228,0,"25,33","68343,32","0,0076","delight, pleasure","LSJ, Middle Liddell"
,ἤδη,228,0,"25,33","68368,65","0,0076","already, by this time","LSJ, Middle Liddell, Slater, Autenrieth"
,ἤδη,228,0,"25,33","68393,98","0,0076",[unavailable],LSJ
,ἐπιθυμέω,132,16,"25,08","68419,07","0,0232",set one's heart upon,"LSJ, Middle Liddell"
,ἀφικνέομαι,25,25,25,"68444,07","0,0021","arrive at, come to, reach:","LSJ, Middle Liddell, Slater, Autenrieth"
,τυραννικός,25,25,25,"68469,07","0,0087",of,"LSJ, Middle Liddell"
,ἦθος,49,17,25,"68494,07","0,0075",an accustomed place,"LSJ, Middle Liddell, Slater, Autenrieth"
,τάσσω,45,22,"24,83","68518,9","0,004","draw up in order of battle, form, array, marshal","LSJ, Middle Liddell, Slater"
470,πάρειμι,91,18,"24,72","68543,62","0,0033",sum,"LSJ, Middle Liddell, Slater, Autenrieth"
,ὁμοιόω,127,12,"24,58","68568,2","0,0102","make like,","LSJ, Middle Liddell"
,ἄρος,2.970,0,"24,55","68592,74","0,2236","use, profit, help,",LSJ
,μισθός,47,17,"24,5","68617,24","0,0063",hire,"LSJ, Middle Liddell, Slater, Autenrieth"
,πῆ,99,0,"24,33","68641,58","0,0172",in what way? how?,Middle Liddell
,πη,99,0,"24,33","68665,91","0,0172","somewhere, anywhere","LSJ, Middle Liddell"
,ναί,388,0,"24,25","68690,16","0,0937","yea, verily","LSJ, Middle Liddell, Slater, Autenrieth"
,Ναίς,388,0,"24,25","68714,41","0,0949",[unavailable],Slater
,αἴτιος,72,8,24,"68738,41","0,0037","culpable, responsible","LSJ, Middle Liddell, Slater, Autenrieth"
,ἰατρός,30,22,24,"68762,41","0,0051","one who heals, physician","LSJ, Middle Liddell, Slater"
480,πονηρία,24,24,24,"68786,41","0,0086",bad state,"LSJ, Middle Liddell"
,πρᾶξις,45,17,24,"68810,41","0,0046","doing, transaction, business,","LSJ, Middle Liddell, Slater"
,ὀνομάζω,39,19,24,"68834,41","0,0018","speak of by name, call","LSJ, Middle Liddell, Autenrieth"
,ἡμέτερος,24,24,24,"68858,41","0,0036",our,"LSJ, Middle Liddell, Autenrieth"
,ἐμέω,201,0,24,"68882,41","0,01","vomit, throw up","LSJ, Middle Liddell, Autenrieth"
,πολεμικός,24,24,24,"68906,41","0,0053",of,"LSJ, Middle Liddell"
,θέω,603,0,"23,94","68930,35","0,0187",dhávate,"LSJ, Middle Liddell, Autenrieth"
,θέω,603,0,"23,94","68954,29","0,0187","shine, gleam",LSJ
,νέος,520,0,"23,87","68978,16","0,0264","young, youthful","LSJ, Middle Liddell, Slater, Autenrieth"
,θεάομαι,154,0,"23,68","69001,84","0,0102","gaze at, behold","LSJ, Middle Liddell"
490,σώζω,25,23,"23,5","69025,34","0,0021","to save, keep",Middle Liddell
,σφοδρός,88,2,"23,5","69048,84","0,0118","vehement, violent, excessive","LSJ, Middle Liddell"
,πλῆθος,34,20,"23,5","69072,34","0,0028","great number, multitude,","LSJ, Middle Liddell, Slater, Autenrieth"
,φυλακή,209,0,"23,5","69095,84","0,0343",a watching,"Middle Liddell, Autenrieth"
,ἁμαρτάνω,38,19,"23,33","69119,17","0,0047",Acut. (Sp.),"LSJ, Middle Liddell, Slater, Autenrieth"
,πρέσβυς,27,23,"23,25","69142,42","0,0029",old man,"LSJ, Middle Liddell, Slater, Autenrieth"
,προστάσσω,44,21,"23,17","69165,59","0,0061",place,"LSJ, Middle Liddell"
,κτέομαι,138,0,"23,08","69188,67","0,0127",[unavailable],"LSJ, Middle Liddell"
,μουσική,92,0,23,"69211,67","0,0246",any art over which the Muses presided,"LSJ, Middle Liddell"
,εἰκών,53,21,23,"69234,67","0,0056","likeness, image","LSJ, Middle Liddell"
500,κάμνω,23,23,23,"69257,67","0,0049",work,"LSJ, Middle Liddell, Slater, Autenrieth"
,ἐμποιέω,23,23,23,"69280,67","0,0057",make in,"LSJ, Middle Liddell, Autenrieth"
,χείρων,59,18,"22,83","69303,5","0,0059","mcaner, inferior,","LSJ, Middle Liddell, Slater, Autenrieth"
,ἰσόω,188,0,"22,83","69326,34","0,014",make equal,"LSJ, Middle Liddell, Autenrieth"
,εἶεν,90,0,"22,5","69348,84","0,0214",well!,Middle Liddell
,ποίησις,63,9,"22,5","69371,34","0,0118","fabrication, creation, production,","LSJ, Middle Liddell"
,νοέω,54,12,"22,5","69393,84","0,011",Excerpta e libris Herodiani,"LSJ, Middle Liddell, Slater, Autenrieth"
,ἑταῖρος,31,20,"22,33","69416,17","0,0049","comrade, companion,","LSJ, Middle Liddell, Slater, Autenrieth"
,ποιητός,136,0,"22,33","69438,5","0,0184","made,","LSJ, Middle Liddell, Slater, Autenrieth"
,ποιητής,136,0,"22,33","69460,84","0,019","maker,","LSJ, Middle Liddell"
510,φύς,192,0,"22,17",69483,"0,0236",a son;,"LSJ, Middle Liddell"
,ἵστημι,60,14,"22,17","69505,17","0,0024",make to stand,"LSJ, Middle Liddell, Autenrieth"
,ἐνταῦθα,22,22,22,"69527,17","0,0017","here, there,","LSJ, Middle Liddell, Autenrieth"
,ἀποβλέπω,22,22,22,"69549,17","0,0042",look away from,"LSJ, Middle Liddell"
,πολεμέω,87,12,22,"69571,17","0,0061",to be at war,"LSJ, Middle Liddell"
,ἔκγονος,22,22,22,"69593,17","0,0066","born of, sprung from,","LSJ, Middle Liddell, Slater, Autenrieth"
,τέλειος,60,11,22,"69615,17","0,0103",perfect,"LSJ, Middle Liddell, Slater, Autenrieth"
,ὄνομα,37,17,22,"69637,17","0,0018",name,"LSJ, Middle Liddell, Autenrieth"
,διαφθείρω,22,22,22,"69659,17","0,0022","destroy utterly,","LSJ, Middle Liddell, Autenrieth"
,δημιουργέω,55,11,22,"69681,17","0,0179","to practise a trade, do work",Middle Liddell
520,φοβέω,42,17,22,"69703,17","0,0034","put to flight,","LSJ, Middle Liddell, Autenrieth"
,βιάζω,170,10,"21,93","69725,1","0,0095",constrain,"LSJ, Middle Liddell, Autenrieth"
,ἀλλότριος,61,11,"21,83","69746,93","0,0076",of,"LSJ, Middle Liddell, Slater, Autenrieth"
,χράω,491,0,"21,64","69768,57","0,0118","fall upon, attack, assail,","LSJ, Middle Liddell, Autenrieth"
,χραύω,491,0,"21,64","69790,22","0,0118","scrape, graze, wound slightly,","LSJ, Middle Liddell, Autenrieth"
,φανάω,172,0,"21,62","69811,83","0,0154",[unavailable],LSJ
,μέσος,62,12,"21,57","69833,4","0,0037",b,"LSJ, Middle Liddell, Slater, Autenrieth"
,αὐξάνω,35,17,"21,5","69854,9","0,0046","increase,","LSJ, Middle Liddell, Slater"
,σφόδρα,86,0,"21,5","69876,4","0,0142","very much, exceedingly","LSJ, Middle Liddell, Slater"
,ἁμός,181,2,"21,5","69897,9","0,0052","our, ours","LSJ, Middle Liddell, Slater, Autenrieth"
530,κρατέω,34,20,"21,33","69919,23","0,002","to be strong, powerful","LSJ, Middle Liddell, Slater, Autenrieth"
,μακάριος,30,19,"21,33","69940,57","0,0064","blessed, happy","LSJ, Middle Liddell, Slater"
,τίνω,319,1,"21,25","69961,82","0,0137",pay a price,"LSJ, Middle Liddell, Slater, Autenrieth"
,τεχνάζω,128,0,"21,17","69982,98","0,0146","employ art, contrive","LSJ, Middle Liddell"
,λογιστικός,21,21,21,"70003,98","0,0122",skilled,"LSJ, Middle Liddell"
,μιμνήσκω,21,21,21,"70024,98","0,0017","remind, put in mind","LSJ, Middle Liddell, Autenrieth"
,ἐναντίον,84,0,21,"70045,98","0,0115",[unavailable],"LSJ, Middle Liddell"
,μεταβάλλω,21,21,21,"70066,98","0,0031","throw into a different position, turn quickly","LSJ, Middle Liddell"
,διαλέγω,21,21,21,"70087,98","0,0031","pick out,","LSJ, Middle Liddell"
,δημοκρατία,21,21,21,"70108,98","0,007","democracy, popular government",Middle Liddell
540,κινέω,21,21,21,"70129,98","0,0019",set in motion,"LSJ, Middle Liddell, Slater, Autenrieth"
,βελτίων,42,14,21,"70150,98","0,0053",better,"LSJ, Middle Liddell"
,πολλάκις,21,21,21,"70171,98","0,0012","many times, often,","LSJ, Middle Liddell"
,πλέως,199,0,"20,82","70192,8","0,0101","full, filled,","LSJ, Middle Liddell"
,ἀντί,42,20,"20,73","70213,53","0,0033",over against.,"LSJ, Middle Liddell, Slater, Autenrieth"
,ταχύς,42,18,"20,67","70234,2","0,0021","swift, fleet","LSJ, Middle Liddell, Slater, Autenrieth"
,τιμή,137,0,"20,67","70254,87","0,0103","worship, esteem, honour","LSJ, Middle Liddell, Autenrieth"
,προστίθημι,61,7,"20,5","70275,37","0,0037",put to,"LSJ, Middle Liddell, Slater, Autenrieth"
,δικαία,97,0,"20,5","70295,87","0,0136",[unavailable],LSJ
,ἕξις,100,12,"20,42","70316,28","0,0114","having, being in possession of, possession,","LSJ, Middle Liddell"
550,ἔπος,129,11,"20,28","70336,57","0,0032",vácas,"LSJ, Middle Liddell, Slater, Autenrieth"
,ἀκριβής,46,16,"20,17","70356,73","0,0068","exact, accurate, precise","LSJ, Middle Liddell"
,μάχομαι,58,16,"20,08","70376,82","0,0059",fight,"LSJ, Middle Liddell, Autenrieth"
,λυσιτελέω,32,16,20,"70396,82","0,0117",indemnify for expenses incurred,"LSJ, Middle Liddell"
,κοινός,92,6,20,"70416,82","0,0045",common,"LSJ, Middle Liddell, Slater"
,ὀλιγαρχικός,20,20,20,"70436,82","0,0107","oligarchical,","LSJ, Middle Liddell"
,ἀληθινός,20,20,20,"70456,82","0,0053",agreeable to truth,"LSJ, Middle Liddell"
,συγχωρέω,35,15,20,"70476,82","0,0071","come together, meet","LSJ, Middle Liddell"
,ζέω,127,1,20,"70496,82","0,0113","boil, seethe","LSJ, Middle Liddell, Slater, Autenrieth"
,συμβαίνω,20,20,20,"70516,82","0,002",stand with the feet together,"LSJ, Middle Liddell"
560,λυπέω,56,8,20,"70536,82","0,0061","grieve, vex","LSJ, Middle Liddell"
,ὠφέλιμος,20,20,20,"70556,82","0,0055","helping, aiding, useful, serviceable, beneficial,","LSJ, Middle Liddell"
,κέω,80,0,20,"70576,82","0,0054",[unavailable],"LSJ, Autenrieth"
,φυλάσσω,33,16,"19,83","70596,65","0,0023","keep watch and ward, keep guard,","LSJ, Middle Liddell, Slater, Autenrieth"
,οἰκίζω,25,19,"19,75","70616,4","0,0075",found as a colony,"LSJ, Middle Liddell, Slater"
,γεννάω,44,16,"19,67","70636,07","0,0094",beget,"LSJ, Middle Liddell, Slater"
,δεινός,196,6,"19,58","70655,65","0,01","fearful, terrible;","LSJ, Middle Liddell, Slater, Autenrieth"
,φυσάω,320,0,"19,55","70675,2","0,0307","blow, puff","LSJ, Middle Liddell, Autenrieth"
,ἅμα,179,0,"19,5","70694,7","0,007","at once, at the same time,","LSJ, Middle Liddell, Autenrieth"
,σώφρων,21,19,"19,5","70714,2","0,0029",of sound mind,"LSJ, Middle Liddell, Slater"
570,ἅμα,179,0,"19,5","70733,7","0,007",at the same time,Slater
,οὐδαμῶς,78,0,"19,5","70753,2","0,0206",in no wise,"LSJ, Middle Liddell"
,ἀριθμός,27,17,"19,5","70772,7","0,0048","number,","LSJ, Middle Liddell, Slater, Autenrieth"
,μισέω,24,18,"19,5","70792,2","0,0033",hate,"LSJ, Middle Liddell, Slater, Autenrieth"
,οὐσία,78,0,"19,5","70811,7","0,0141",sum,"LSJ, Middle Liddell"
,δείδω,21,19,"19,5","70831,2","0,0015",to fear,"Middle Liddell, Slater, Autenrieth"
,οὐσιάζω,78,0,"19,5","70850,7","0,0135",make magically efficacious by applying an,LSJ
,ἐπιμελέομαι,41,16,"19,33","70870,03","0,005",take,"LSJ, Middle Liddell"
,λοιπός,45,15,"19,17","70889,2","0,0033",remaining over,"LSJ, Middle Liddell, Slater"
,βιάω,327,0,"19,03","70908,23","0,0137",constrain,"LSJ, Middle Liddell, Slater, Autenrieth"
580,αὖθις,19,19,19,"70927,23","0,0014","back, back again,","LSJ, Middle Liddell"
,πορεύω,19,19,19,"70946,23","0,0034","make to go, carry, convey,","LSJ, Middle Liddell, Slater"
,δράω,76,0,19,"70965,23","0,0081","do, accomplish,","LSJ, Middle Liddell, Autenrieth"
,ἥκω,22,18,19,"70984,23","0,0014","to have come, be present","LSJ, Middle Liddell, Autenrieth"
,δράω,76,0,19,"71003,23","0,0081",[unavailable],LSJ
,ἑκών,19,19,19,"71022,23","0,0029",váśmi,"LSJ, Middle Liddell, Slater, Autenrieth"
,σχεδόν,19,19,19,"71041,23","0,0033","near, hard by","LSJ, Middle Liddell, Slater, Autenrieth"
,πρᾶγμα,19,19,19,"71060,23","0,0007","deed, act,","LSJ, Middle Liddell, Slater"
,τέλος,33,16,19,"71079,23","0,002","coming to pass, performance, consummation","LSJ, Middle Liddell, Slater, Autenrieth"
,ἀσπάζομαι,19,19,19,"71098,23","0,0037","welcome kindly, greet,","LSJ, Middle Liddell, Slater, Autenrieth"
590,λύπη,55,7,19,"71117,23","0,0098",pain of body,"LSJ, Middle Liddell"
,εἴδωλον,19,19,19,"71136,23","0,0052",phantom,"LSJ, Middle Liddell, Slater, Autenrieth"
,κοινωνία,19,19,19,"71155,23","0,005","communion, association, partnership","LSJ, Middle Liddell"
,μίμησις,28,16,19,"71174,23","0,0112",imitation,"LSJ, Middle Liddell"
,ἄτοπος,19,19,19,"71193,23","0,0035","out of place, out of the way:","LSJ, Middle Liddell"
,μῦθος,34,16,"18,92","71212,15","0,0057","word, speech","LSJ, Middle Liddell, Slater, Autenrieth"
,σφεῖς,56,14,"18,67","71230,81","0,0087",Rendic.Pont. Accad.Rom. di Arch.,"LSJ, Middle Liddell, Autenrieth"
,οὖς,72,12,"18,67","71249,48","0,0097",Cultes Egyptiens,"LSJ, Middle Liddell, Autenrieth"
,ἴσως,168,0,"18,67","71268,15","0,0165","equally, in like manner,","LSJ, Middle Liddell"
,δείκνυμι,40,12,"18,25","71286,4","0,0017","bring to light, show forth,","LSJ, Middle Liddell, Slater, Autenrieth"
600,ἀναγκαῖον,112,0,"18,25","71304,65","0,0145","place of constraint, prison,","LSJ, Middle Liddell"
,ἀξιόω,112,11,"18,08","71322,73","0,0058","think, deem worthy,","LSJ, Middle Liddell, Slater"
,τέσσαρες,18,18,18,"71340,73","0,0024",four,"LSJ, Middle Liddell, Slater, Autenrieth"
,πρέπω,24,16,18,"71358,73","0,003","to be clearly seen, to be conspicuous","LSJ, Middle Liddell, Slater, Autenrieth"
,τείνω,18,18,18,"71376,73","0,0051",stretch,"LSJ, Middle Liddell, Slater, Autenrieth"
,ὀλιγαρχία,18,18,18,"71394,73","0,0078","oligarchy, government in the hands of a few families","LSJ, Middle Liddell"
,παρασκευάζω,24,16,18,"71412,73","0,0024","get ready, prepare","LSJ, Middle Liddell"
,χρηστός,30,14,18,"71430,73","0,0033","useful, good of its kind, serviceable,","LSJ, Middle Liddell"
,γεωργός,30,14,18,"71448,73","0,0093",tilling the ground,"LSJ, Middle Liddell"
,λεκτέος,21,17,18,"71466,73","0,0088",to be said,"LSJ, Middle Liddell"
610,μήτηρ,24,16,18,"71484,73","0,0019",mother,"LSJ, Middle Liddell, Autenrieth"
,λογισμός,18,18,18,"71502,73","0,003","counting, calculation","LSJ, Middle Liddell"
,αἴσθησις,24,16,18,"71520,73","0,0056","sense-perception, sensation","LSJ, Middle Liddell"
,ἰδέα,27,15,18,"71538,73","0,0072",form,"LSJ, Middle Liddell, Slater"
,προσαγορεύω,18,18,18,"71556,73","0,003","address, greet,","LSJ, Middle Liddell"
,καθαρός,18,18,18,"71574,73","0,0021","physically clean, spotless","LSJ, Middle Liddell, Slater, Autenrieth"
,τυραννίς,18,18,18,"71592,73","0,0038","monarchy, sovereignty,","LSJ, Middle Liddell, Slater"
,βουλεύς,77,0,18,"71610,73","0,0088",[unavailable],LSJ
,ἐλεύθερος,48,10,"17,83","71628,56","0,0053",free,"LSJ, Middle Liddell, Slater, Autenrieth"
,μέτριος,59,7,"17,7","71646,26","0,0068","within measure, moderate","LSJ, Middle Liddell"
620,ἄξιος,239,0,"17,67","71663,93","0,0095","counterbalancing,","LSJ, Middle Liddell, Slater, Autenrieth"
,πάθος,35,13,"17,67","71681,6","0,0025",that which happens,"LSJ, Middle Liddell"
,κελεύω,19,17,"17,5","71699,1","0,0013","urge, drive on","LSJ, Middle Liddell, Slater, Autenrieth"
,τυραννεύω,28,14,"17,5","71716,6","0,005","to be a monarch, absolute ruler,","LSJ, Middle Liddell"
,νομοθετέω,37,11,"17,5","71734,1","0,0095","frame laws,","LSJ, Middle Liddell"
,ψεῦδος,34,16,"17,45","71751,55","0,0059","falsehood, lie,","LSJ, Middle Liddell, Slater, Autenrieth"
,ἀγάω,189,0,"17,35","71768,89","0,0064",[unavailable],LSJ
,ἀφίημι,29,14,"17,33","71786,23","0,0014","send forth, discharge,","LSJ, Middle Liddell, Slater, Autenrieth"
,ἀποδέχομαι,33,13,"17,25","71803,48","0,0091","accept,","LSJ, Middle Liddell, Autenrieth"
,στασιάζω,17,17,17,"71820,48","0,0051",to be at variance,"LSJ, Middle Liddell"
630,οὐρανός,38,10,17,"71837,48","0,0061",heaven,"LSJ, Middle Liddell, Slater, Autenrieth"
,φρόνιμος,17,17,17,"71854,48","0,0047","in one's right mind, in one's senses,","LSJ, Middle Liddell"
,πολιτικός,17,17,17,"71871,48","0,0033","of, for,","LSJ, Middle Liddell"
,ὅθεν,17,17,17,"71888,48","0,0015","whence,","LSJ, Middle Liddell, Slater, Autenrieth"
,χαλεπαίνω,17,17,17,"71905,48","0,0049","to be severe, sore, grievous,","LSJ, Middle Liddell, Autenrieth"
,ὠφέλεια,17,17,17,"71922,48","0,005","help, aid, succour,","LSJ, Middle Liddell"
,ὀξύς,23,15,17,"71939,48","0,0034","sharp, keen,","LSJ, Middle Liddell, Slater, Autenrieth"
,ὑπολαμβάνω,17,17,17,"71956,48","0,0025","take up by getting under,","LSJ, Middle Liddell"
,ἀργύριον,17,17,17,"71973,48","0,0032","small coin, piece of money,","LSJ, Middle Liddell"
,καθοράω,20,16,17,"71990,48","0,0054",look down,"LSJ, Middle Liddell, Slater, Autenrieth"
640,ποιητέος,17,17,17,"72007,48","0,0071",to be made,"LSJ, Middle Liddell"
,σπουδάζω,26,14,17,"72024,48","0,0027","to be busy, eager","LSJ, Middle Liddell"
,παντελής,17,17,17,"72041,48","0,0035","all-complete, absolute","LSJ, Middle Liddell, Slater"
,μέχρι,17,17,17,"72058,48","0,0019",as far as,"LSJ, Middle Liddell, Autenrieth"
,ἕλκω,35,13,"16,83","72075,31","0,005",sulcus,"LSJ, Middle Liddell, Slater, Autenrieth"
,ἄθλιος,32,14,"16,83","72092,14","0,0074",winning the prize,"LSJ, Middle Liddell"
,ἥμερος,46,8,"16,67","72108,81","0,0026",tame,"LSJ, Middle Liddell, Slater"
,μακρός,30,15,"16,67","72125,48","0,002",long,"LSJ, Middle Liddell, Slater, Autenrieth"
,ἐπιεικής,78,10,"16,67","72142,14","0,0158","fitting, meet, suitable","LSJ, Middle Liddell, Autenrieth"
,λείπω,23,16,"16,58","72158,73","0,0029","leave, quit","LSJ, Middle Liddell, Slater, Autenrieth"
650,πολέμιος,42,13,"16,5","72175,23","0,0043",of,"LSJ, Middle Liddell, Slater"
,ἄχρηστος,40,12,"16,5","72191,73","0,0101","useless, unprofitable,","LSJ, Middle Liddell"
,κεῖμαι,36,10,"16,5","72208,23","0,0028",Aër.,"LSJ, Middle Liddell, Slater, Autenrieth"
,ὁρίζω,18,16,"16,5","72224,73","0,0031",divide,"LSJ, Middle Liddell"
,ἀναμιμνήσκω,18,16,"16,5","72241,23","0,0042",remind,"LSJ, Middle Liddell, Autenrieth"
,γένεσις,36,10,"16,5","72257,73","0,0075","origin, source","LSJ, Middle Liddell, Autenrieth"
,ἐφίημι,112,8,"16,48","72274,2","0,0076",send to,"LSJ, Middle Liddell, Slater, Autenrieth"
,πάσσω,280,1,"16,3","72290,5","0,0109",sprinkle,"LSJ, Middle Liddell, Autenrieth"
,κᾶλον,540,0,"16,28","72306,79","0,0217",wood,"LSJ, Middle Liddell"
,ὀφείλω,31,15,"16,15","72322,94","0,0049",-IG,"LSJ, Middle Liddell, Slater, Autenrieth"
660,υἱός,65,5,"16,03","72338,97","0,0059",huihus,"LSJ, Middle Liddell, Slater, Autenrieth"
,σχῆμα,16,16,16,"72354,97","0,0022","form, shape, figure","LSJ, Middle Liddell"
,ἀποκτείνω,16,16,16,"72370,97","0,0023","kill, slay,","LSJ, Middle Liddell, Autenrieth"
,ἔμπροσθεν,16,16,16,"72386,97","0,0036","before, in front","LSJ, Middle Liddell"
,θεραπεύω,16,16,16,"72402,97","0,0024","to be an attendant, do service","LSJ, Middle Liddell, Slater, Autenrieth"
,ὑπάρχω,19,15,16,"72418,97","0,0018","begin, take the initiative","LSJ, Middle Liddell, Slater, Autenrieth"
,ἔθω,31,13,16,"72434,97","0,003","to be accustomed, to be wont","LSJ, Middle Liddell, Autenrieth"
,παράδειγμα,16,16,16,"72450,97","0,0031","pattern, model","LSJ, Middle Liddell"
,τόπος,28,12,16,"72466,97","0,0034","place, region,","LSJ, Middle Liddell"
,σαφής,16,16,16,"72482,97","0,0018","clear, plain, distinct","LSJ, Middle Liddell, Slater"
670,ἀμφισβητέω,25,13,16,"72498,97","0,0087","go asunder, stand apart:","LSJ, Middle Liddell"
,καίτοι,16,16,16,"72514,97","0,0011","and indeed, and further","Middle Liddell, Slater"
,θαυμάζω,20,15,"15,83","72530,8","0,0011","wonder, marvel","LSJ, Middle Liddell, Slater, Autenrieth"
,φρόνησις,27,13,"15,67","72546,47","0,0076","purpose, intention,","LSJ, Middle Liddell"
,ἀλήθω,76,0,"15,67","72562,14","0,0101",[unavailable],"LSJ, Middle Liddell"
,ἥλιος,38,13,"15,58","72577,72","0,004",sun,"LSJ, Middle Liddell, Autenrieth"
,γενναῖος,29,11,"15,5","72593,22","0,0042",true to one's birth,"LSJ, Middle Liddell, Slater, Autenrieth"
,μεταλαμβάνω,17,15,"15,5","72608,72","0,0041",have,"LSJ, Middle Liddell, Slater"
,πόνος,32,10,"15,5","72624,22","0,0037","work,","LSJ, Middle Liddell, Slater, Autenrieth"
,κάλλος,33,15,"15,5","72639,72","0,0046",beauty,"LSJ, Middle Liddell, Autenrieth"
680,ἀδελφός,17,15,"15,5","72655,22","0,002",son of the same mother,"LSJ, Middle Liddell"
,ἀφαιρέω,17,15,"15,5","72670,72","0,001",take away from,"LSJ, Middle Liddell, Slater, Autenrieth"
,Μέγης,62,0,"15,5","72686,22","0,003",[unavailable],Autenrieth
,πίνω,51,11,"15,5","72701,72","0,0037",Aër.,"LSJ, Middle Liddell, Slater, Autenrieth"
,μῆλον,667,0,"15,4","72717,12","0,0701",apple,"LSJ, Middle Liddell, Autenrieth"
,θαυμαστός,21,14,"15,33","72732,45","0,0026","wonderful, marvellous","LSJ, Middle Liddell, Slater"
,μάλα,664,0,"15,07","72747,52","0,0817","very, exceedingly","LSJ, Middle Liddell, Slater, Autenrieth"
,μαλός,664,0,"15,07","72762,59","0,0773",white,"LSJ, Middle Liddell"
,μᾶλον,664,0,"15,07","72777,65","0,0811",apple,Slater
,μαλός,664,0,"15,07","72792,72","0,0773",white-tailed,LSJ
690,μάλη,664,0,"15,07","72807,79","0,0806",arm-pit,"LSJ, Middle Liddell"
,ἄγνυμι,231,0,"15,02","72822,81","0,0069","break, shiver","LSJ, Middle Liddell, Autenrieth"
,ἀνθρώπινος,15,15,15,"72837,81","0,0028","of, from,","LSJ, Middle Liddell"
,πρό,15,15,15,"72852,81","0,0007","before, forth","LSJ, Middle Liddell, Slater, Autenrieth"
,ἐγγύς,27,11,15,"72867,81","0,0036","near, nigh, at hand","LSJ, Middle Liddell, Slater, Autenrieth"
,ἐμπίτνω,15,15,15,"72882,81","0,0019",fall upon,"LSJ, Slater"
,ὀφθαλμός,15,15,15,"72897,81","0,0021",eye,"LSJ, Middle Liddell, Slater, Autenrieth"
,παντοδαπός,36,8,15,"72912,81","0,0082","of every kind, of all sorts, manifold","LSJ, Middle Liddell, Slater"
,διώκω,15,15,15,"72927,81","0,0016","cause to run, set in quick motion,","LSJ, Middle Liddell, Slater, Autenrieth"
,ὁπότε,15,15,15,"72942,81","0,0028","when,","LSJ, Middle Liddell, Slater, Autenrieth"
700,νόσος,29,12,15,"72957,81","0,0035","sickness, disease, plague,","LSJ, Middle Liddell, Slater, Autenrieth"
,ἐκβαίνω,18,14,15,"72972,81","0,0047",step out of,"LSJ, Middle Liddell, Autenrieth"
,ἐνίοτε,15,15,15,"72987,81","0,0049","at times, sometimes,","LSJ, Middle Liddell"
,ὑγίεια,15,15,15,"73002,81","0,0055","health, soundness","LSJ, Middle Liddell, Slater"
,ὄμμα,18,14,15,"73017,81","0,0036","eye,","LSJ, Middle Liddell, Slater, Autenrieth"
,δήπου,15,15,15,"73032,81","0,004","perhaps, it may be",Middle Liddell
,συγγενής,30,10,15,"73047,81","0,0054","congenital, inborn","LSJ, Middle Liddell, Slater"
,εἰσίημι,86,0,"14,88","73062,69","0,0068","sendinto,","LSJ, Middle Liddell, Autenrieth"
,δίκη,63,1,"14,83","73077,52","0,0047","custom, usage,","LSJ, Middle Liddell, Autenrieth"
,ἔξεστι,58,8,"14,67","73092,19","0,0031","it is allowed, is possible,","LSJ, Middle Liddell"
710,χράομαι,239,0,"14,64","73106,83","0,0111",consulting,"LSJ, Middle Liddell, Autenrieth"
,ἀπαλλαξείω,42,7,"14,5","73121,33","0,0043",wish to be delivered from,"LSJ, Middle Liddell"
,ἐπισκέπτομαι,16,14,"14,5","73135,83","0,0056",pass in review,"LSJ, Middle Liddell"
,κολάζω,16,14,"14,5","73150,33","0,0022","check, chastise","LSJ, Middle Liddell"
,φιλότιμος,22,12,"14,5","73164,83","0,0056",loving honour,"LSJ, Middle Liddell"
,πένης,22,12,"14,5","73179,33","0,0043","one who works for his living, day-labourer, poor","LSJ, Middle Liddell"
,κυβερνήτης,19,13,"14,5","73193,83","0,0046","steersman, pilot","LSJ, Middle Liddell, Autenrieth"
,ταὐτάζω,58,0,"14,5","73208,33","0,0094",[unavailable],Middle Liddell
,ἀτιμάζω,19,13,"14,5","73222,83","0,0052","hold in no honour, esteem lightly,","LSJ, Middle Liddell, Slater, Autenrieth"
,ἐλευθερόω,46,6,"14,33","73237,17","0,0065",set free,"LSJ, Middle Liddell"
720,ἥμων,129,0,"14,33","73251,5","0,0108","thrower, darter","LSJ, Middle Liddell, Autenrieth"
,γράφω,34,13,"14,2","73265,7","0,0023","scratch, graze","LSJ, Middle Liddell, Slater, Autenrieth"
,ἀμελέω,36,12,"14,17","73279,87","0,0044","—have no care for, be neglectful of,","LSJ, Middle Liddell, Autenrieth"
,ποτός,683,0,"14,06","73293,93","0,0266","drunk, for drinking,","LSJ, Middle Liddell, Autenrieth"
,νόμος,272,0,"14,03","73307,96","0,0137","anything assigned, a usage, custom, law, ordinance","Middle Liddell, Slater"
,νομός,272,0,"14,03",73322,"0,0137",herbage,Slater
,νομός,272,0,"14,03","73336,03","0,0137","place of pasturage,","LSJ, Middle Liddell, Autenrieth"
,νόμος,272,0,"14,03","73350,06","0,0137","that which is in habitual practice, use",LSJ
,νόσημα,26,10,14,"73364,06","0,0073","disease,","LSJ, Middle Liddell"
,κοινωνέω,17,13,14,"73378,06","0,0036",have,"LSJ, Middle Liddell"
730,πλεονεκτέω,14,14,14,"73392,06","0,005",have,"LSJ, Middle Liddell"
,πρόσω,14,14,14,"73406,06","0,002","forwards, onwards","LSJ, Middle Liddell, Autenrieth"
,φιλοσοφέω,47,3,14,"73420,06","0,0078","love knowledge, pursue it,","LSJ, Middle Liddell"
,ἐκτός,14,14,14,"73434,06","0,0028","without, outside","LSJ, Middle Liddell, Slater, Autenrieth"
,οὐκέτι,14,14,14,"73448,06","0,0014","no more, no longer, no further","LSJ, Middle Liddell, Slater, Autenrieth"
,ἐπιτρέπω,14,14,14,"73462,06","0,0024",to turn to,"LSJ, Middle Liddell, Slater, Autenrieth"
,ὅρος,32,8,14,"73476,06","0,0019","boundary, landmark,","LSJ, Middle Liddell, Slater"
,ἀγνοέω,14,14,14,"73490,06","0,0017",not to perceive,"LSJ, Middle Liddell, Autenrieth"
,πώποτε,14,14,14,"73504,06","0,0033",ever yet,"LSJ, Middle Liddell, Autenrieth"
,πάθημα,14,14,14,"73518,06","0,0055","that which befalls one, suffering, misfortune","LSJ, Middle Liddell"
740,κοινόω,86,0,14,"73532,06","0,006","communicate, impart","LSJ, Middle Liddell"
,μιμητικός,14,14,14,"73546,06","0,0093",able to imitate,"LSJ, Middle Liddell"
,γεύω,14,14,14,"73560,06","0,0035",give a taste,"LSJ, Middle Liddell"
,προερέω,14,14,14,"73574,06","0,0036","say beforehand,","LSJ, Middle Liddell"
,φθέγγομαι,14,14,14,"73588,06","0,0024",utter a sound,"LSJ, Middle Liddell, Slater, Autenrieth"
,εὐδοκιμέω,20,12,14,"73602,06","0,0043","to be of good repute, highly esteemed, popular","LSJ, Middle Liddell"
,σωφροσύνη,56,0,14,"73616,06","0,0129","soundness of mind, prudence, discretion","LSJ, Middle Liddell"
,μένω,23,11,14,"73630,06","0,0014","stay, wait","LSJ, Middle Liddell, Slater, Autenrieth"
,ἕως,126,0,14,"73644,06","0,0088","until, till","LSJ, Middle Liddell, Autenrieth"
,ἔξωθεν,14,14,14,"73658,06","0,0028",from without,"LSJ, Middle Liddell"
750,σωφρόσυνος,56,0,14,"73672,06","0,013",[unavailable],LSJ
,κηφήν,14,14,14,"73686,06","0,0087",drone,"LSJ, Middle Liddell"
,πότος,676,0,"13,92","73699,98","0,0264","drinking-bout, carousal,",LSJ
,πότος,676,0,"13,92","73713,9","0,0264","drinking, a drinking-bout, carousal",Middle Liddell
,δουλόω,54,10,"13,92","73727,82","0,0091","enslave,","LSJ, Middle Liddell"
,πόα,339,0,"13,82","73741,64","0,0323","grass,","LSJ, Middle Liddell"
,καθά,201,6,"13,8","73755,44","0,0055","according as, just as,","LSJ, Middle Liddell"
,εἴσειμι,184,2,"13,75","73769,19","0,0123","enter, go into,","LSJ, Middle Liddell, Autenrieth"
,κάθημαι,19,13,"13,75","73782,94","0,0021","to be seated, sit","LSJ, Middle Liddell, Slater, Autenrieth"
,νέω,677,0,"13,57","73796,5","0,0188","spin,","LSJ, Middle Liddell, Autenrieth"
760,νέω,677,0,"13,57","73810,07","0,0188","heap, pile up,","LSJ, Middle Liddell"
,νέω,677,0,"13,57","73823,64","0,0188","next year,","LSJ, Middle Liddell"
,νέω,677,0,"13,57","73837,2","0,0188","swim,","LSJ, Middle Liddell, Slater, Autenrieth"
,ἀριστάω,94,0,"13,5","73850,7","0,0078",take the,"LSJ, Middle Liddell"
,γεωμετρία,15,13,"13,5","73864,2","0,0074",geometry,"LSJ, Middle Liddell"
,ἀδελφή,15,13,"13,5","73877,7","0,0024",sister,"LSJ, Middle Liddell"
,ἐνίημι,15,13,"13,5","73891,2","0,0044",send in,"LSJ, Middle Liddell, Slater, Autenrieth"
,προθυμέομαι,18,12,"13,5","73904,7","0,0052",Ages..,"LSJ, Middle Liddell"
,ἐκεῖ,54,0,"13,5","73918,2","0,0056","there, in that place,","LSJ, Middle Liddell"
,κατεῖδον,15,13,"13,5","73931,7","0,0036",look down,"LSJ, Middle Liddell"
770,βασιλεύς,18,12,"13,5","73945,2","0,001","king, chief,","LSJ, Middle Liddell, Slater, Autenrieth"
,τελειόω,39,5,"13,5","73958,7","0,0097","make perfect, complete","LSJ, Middle Liddell"
,αἰτέω,36,6,"13,5","73972,2","0,0023","ask, beg","LSJ, Middle Liddell, Slater, Autenrieth"
,ἵππος,33,7,"13,5","73985,7","0,0029",horse,"LSJ, Middle Liddell, Slater, Autenrieth"
,τύπος,40,7,"13,37","73999,07","0,0133","blow,","LSJ, Middle Liddell"
,ἄττα,55,0,"13,33","74012,4","0,0201",[unavailable],"LSJ, Autenrieth"
,ἀπέχω,16,13,"13,33","74025,74","0,0021","keep off or away from,","LSJ, Middle Liddell, Slater, Autenrieth"
,ἄττα,55,0,"13,33","74039,07","0,0201","father,","LSJ, Middle Liddell"
,λύω,26,10,"13,25","74052,32","0,0026",luo,"LSJ, Middle Liddell, Slater, Autenrieth"
,τύχη,44,6,"13,25","74065,57","0,0026",act,"LSJ, Middle Liddell"
780,πᾶσις,235,0,"13,21","74078,78","0,0093","acquisition, possession",LSJ
,δυνάτης,98,0,"13,17","74091,95","0,0166",[unavailable],LSJ
,σύνειμι,29,9,"13,17","74105,12","0,0026",sum,"LSJ, Middle Liddell, Autenrieth"
,διαφερόντως,13,13,13,"74118,12","0,0045","differently from,","LSJ, Middle Liddell"
,κομίζω,13,13,13,"74131,12","0,0014","take care of, provide for","LSJ, Middle Liddell, Slater, Autenrieth"
,συγγίγνομαι,13,13,13,"74144,12","0,0033",to be born with,"LSJ, Middle Liddell"
,ὑγιής,28,8,13,"74157,12","0,0078","healthy, sound","LSJ, Middle Liddell, Autenrieth"
,ὀλιγόω,52,0,13,"74170,12","0,005","lessen, diminish,",LSJ
,ἐπιλανθάνομαι,13,13,13,"74183,12","0,0031",to forget,Middle Liddell
,εὐθύς,52,0,13,"74196,12","0,0026","straight, direct","LSJ, Middle Liddell, Slater, Autenrieth"
790,ἴσχω,13,13,13,"74209,12","0,003","keep back, restrain","LSJ, Middle Liddell, Slater, Autenrieth"
,σκεπτέος,13,13,13,"74222,12","0,0063",one must reflect,Middle Liddell
,εὐδαιμονία,13,13,13,"74235,12","0,0031","prosperity, good fortune, opulence,","LSJ, Middle Liddell, Slater"
,μνημονεύω,13,13,13,"74248,12","0,0026","call to mind, remember, think of","LSJ, Middle Liddell"
,διομολογέω,13,13,13,"74261,12","0,0074","make an agreement,","LSJ, Middle Liddell"
,ἐπιθυμητικός,13,13,13,"74274,12","0,0093","desiring, coveting","LSJ, Middle Liddell"
,ἐξαπατάω,16,12,13,"74287,12","0,0031",deceive,"LSJ, Middle Liddell, Slater, Autenrieth"
,ἐπίκουρος,13,13,13,"74300,12","0,0054","helper, ally","LSJ, Middle Liddell, Slater, Autenrieth"
,θυγάτηρ,13,13,13,"74313,12","0,0017",daughter,"LSJ, Middle Liddell, Slater, Autenrieth"
,πρᾶος,13,13,13,"74326,12","0,0022",Gött. Nachr.,"LSJ, Middle Liddell"
800,τρέπω,13,13,13,"74339,12","0,0012",Studien zum griech. Perf.,"LSJ, Middle Liddell, Slater, Autenrieth"
,ἀνδρεία,70,0,"12,83","74351,95","0,0128",may,"LSJ, Middle Liddell"
,ζῷον,43,5,"12,83","74364,78","0,0088","living being, animal","LSJ, Middle Liddell"
,τροφή,119,0,"12,83","74377,62","0,017","nourishment, food,","LSJ, Middle Liddell"
,ἀνέω,307,0,"12,83","74390,45","0,015",[unavailable],LSJ
,βοηθέω,17,12,"12,83","74403,28","0,0025","come to aid, succour, assist, aid","LSJ, Middle Liddell"
,ἀρόω,2.181,0,"12,77","74416,05","0,2777","plough, till,","LSJ, Middle Liddell, Slater, Autenrieth"
,Πάρος,204,0,"12,75","74428,8","0,0098","Paros,","LSJ, Middle Liddell, Slater"
,Πάρις,204,0,"12,75","74441,55","0,0105",Paris,"Slater, Autenrieth"
,πλοῦτος,33,7,"12,75","74454,3","0,0037","wealth, riches,","LSJ, Middle Liddell, Slater, Autenrieth"
810,ὅσιος,33,7,"12,67","74466,97","0,0066","hallowed,","LSJ, Middle Liddell"
,ψεύδω,68,0,"12,53","74479,5","0,009","cheat by lies, beguile,","LSJ, Middle Liddell"
,ψεύδω,68,0,"12,53","74492,03","0,009","to cheat by lies, beguile",Middle Liddell
,νεόω,405,0,"12,52","74504,56","0,0322","renovate, change,","LSJ, Middle Liddell"
,ποτέ,621,0,"12,52","74517,08","0,0267","at some time, once, some day.",Autenrieth
,ποτέ,621,0,"12,52","74529,6","0,0267",at some time,"Middle Liddell, Slater"
,διαιρέω,14,12,"12,5","74542,1","0,0025","take apart, cleave in twain, divide,","LSJ, Middle Liddell, Slater"
,ὁμιλέω,17,11,"12,5","74554,6","0,0035","to be in company with, consort with,","LSJ, Middle Liddell, Slater, Autenrieth"
,σύμπας,14,12,"12,5","74567,1","0,003","all together, all at once","LSJ, Middle Liddell, Slater, Autenrieth"
,κομιδή,50,0,"12,5","74579,6","0,0114","attendance, care","LSJ, Middle Liddell, Autenrieth"
820,κομιδῇ,50,0,"12,5","74592,1","0,013","exactly, just","LSJ, Middle Liddell"
,ἀφεστήξω,25,10,"12,5","74604,6","0,0026","shall be absent, away from,","LSJ, Middle Liddell"
,εὐθύς,50,0,"12,5","74617,1","0,0031",straight,"Middle Liddell, Slater"
,πότε,614,0,"12,38","74629,48","0,0264",when? at what time?,"LSJ, Middle Liddell, Autenrieth"
,ἐπιτάσσω,18,11,"12,33","74641,81","0,0048",put upon,"LSJ, Middle Liddell"
,γυμνάζω,33,8,"12,33","74654,15","0,0059","train naked, train in gymnastic exercise","LSJ, Middle Liddell"
,πονέω,36,5,"12,33","74666,48","0,0042","work hard,","LSJ, Middle Liddell, Slater"
,Μηδίς,111,0,"12,33","74678,81","0,0115",Median woman,"LSJ, Middle Liddell"
,ἄλλως,111,0,"12,33","74691,15","0,0085","otherwise,","LSJ, Middle Liddell, Autenrieth"
,ἀποδείκνυμι,31,7,"12,25","74703,4","0,0035",point away from,"LSJ, Middle Liddell, Slater"
830,δηλόω,26,9,"12,2","74715,6","0,0036",to make visible,Middle Liddell
,ὑπόθεσις,12,12,12,"74727,6","0,003","proposal, proposed action,","LSJ, Middle Liddell"
,κατέχω,15,11,12,"74739,6","0,0014",hold fast,"LSJ, Middle Liddell, Slater, Autenrieth"
,ποιητικός,12,12,12,"74751,6","0,0038","capable of making, creative, productive,","LSJ, Middle Liddell"
,ῥυθμός,24,8,12,"74763,6","0,0078",any regular recurring motion,"LSJ, Middle Liddell, Slater"
,κομψός,12,12,12,"74775,6","0,0045","nice, refined, gentlemanly","LSJ, Middle Liddell"
,ἀσθενής,21,9,12,"74787,6","0,0036","without strength, weak,","LSJ, Middle Liddell, Slater"
,ὅπως,300,0,12,"74799,6","0,0129","in any way whatever, ever so little,",LSJ
,πενία,12,12,12,"74811,6","0,0028","poverty, need","LSJ, Middle Liddell, Slater"
,δικαστής,12,12,12,"74823,6","0,0025","a judge,","LSJ, Middle Liddell"
840,ἄλλου,108,0,12,"74835,6","0,0173",[unavailable],Middle Liddell
,φιλοχρήματος,15,11,12,"74847,6","0,0094","loving money,","LSJ, Middle Liddell"
,ἀναλίσκω,20,11,12,"74859,6","0,0041","use up, spend,","LSJ, Middle Liddell, Slater"
,βουλεύω,12,12,12,"74871,6","0,0015","take counsel, deliberate","LSJ, Middle Liddell, Slater, Autenrieth"
,φόβος,32,7,12,"74883,6","0,0037","panic flight,","LSJ, Middle Liddell, Slater, Autenrieth"
,ὅπως,300,0,12,"74895,6","0,0129",[unavailable],LSJ
,σημαίνω,12,12,12,"74907,6","0,0021","show by a sign, indicate, point out","LSJ, Middle Liddell, Autenrieth"
,ὁτιοῦν,12,12,12,"74919,6","0,0039",whatsoever,"LSJ, Middle Liddell"
,τέταρτος,12,12,12,"74931,6","0,0027",fourth,"LSJ, Middle Liddell, Slater, Autenrieth"
,τιμέω,109,0,12,"74943,6","0,0084",[unavailable],LSJ
850,ναύτης,12,12,12,"74955,6","0,0031","seaman, sailor,","LSJ, Middle Liddell, Autenrieth"
,πληρόω,18,10,12,"74967,6","0,0038",make full,"LSJ, Middle Liddell"
,δημόσιος,42,2,12,"74979,6","0,0071",belonging to the people,Middle Liddell
,οὐδέποτε,12,12,12,"74991,6","0,003",and not ever,"LSJ, Middle Liddell, Autenrieth"
,ὅπως,300,0,12,"75003,6","0,0129","how ever,",LSJ
,ἄγνοια,12,12,12,"75015,6","0,0029","want of perception, ignorance","LSJ, Middle Liddell"
,μίγνυμι,15,11,12,"75027,6","0,0026","to mix, mix up, mingle, properly of liquids","Middle Liddell, Slater, Autenrieth"
,μέτρον,18,10,12,"75039,6","0,0031",that by which anything is measured,"LSJ, Middle Liddell, Slater, Autenrieth"
,ἐντυγχάνω,12,12,12,"75051,6","0,0016","light upon, fall in with, meet with,","LSJ, Middle Liddell, Slater"
,ὑπηρετέω,15,11,12,"75063,6","0,0031","do service on board ship, as a rower","LSJ, Middle Liddell"
860,ὅπως,300,0,12,"75075,6","0,0129","as, in such manner as,",LSJ
,τολμάω,21,9,12,"75087,6","0,0021",Bodl. Quarterly Record,"LSJ, Middle Liddell, Slater, Autenrieth"
,ὑγιεινός,12,12,12,"75099,6","0,0051","good for the health, wholesome, sound, healthy,","LSJ, Middle Liddell"
,διήγησις,21,9,12,"75111,6","0,0081","narration, narrative,","LSJ, Middle Liddell"
,ὅπου,12,12,12,"75123,6","0,0013","in some places,","LSJ, Middle Liddell, Autenrieth"
,μεταβολή,27,7,12,"75135,6","0,0046","change, changing","LSJ, Middle Liddell"
,ὅπως,300,0,12,"75147,6","0,0129","how,","LSJ, Middle Liddell, Slater, Autenrieth"
,ἐντεῦθεν,12,12,12,"75159,6","0,0022",hence,"LSJ, Middle Liddell, Autenrieth"
,ἄνω,296,0,"11,83","75171,43","0,0169","accomplish, finish,","LSJ, Middle Liddell, Slater, Autenrieth"
,φῖλος,177,0,"11,83","75183,26","0,011",[unavailable],LSJ
870,δικάζω,33,7,"11,83","75195,1","0,0033",Bis Acc.,"LSJ, Middle Liddell, Slater, Autenrieth"
,διό,586,6,"11,8","75206,9","0,0239","wherefore, on which account,","LSJ, Middle Liddell"
,λέξις,23,11,"11,75","75218,65","0,0061",speech,"LSJ, Middle Liddell"
,ἀγαπάω,45,5,"11,67","75230,31","0,0056",greet with affection,"LSJ, Middle Liddell, Slater, Autenrieth"
,φυλακεύς,140,0,"11,67","75241,98","0,0332",watching,LSJ
,φιλόω,196,0,"11,67","75253,65","0,0124",[unavailable],LSJ
,χρεία,40,8,"11,53","75265,18","0,0056","need, want,","LSJ, Middle Liddell, Slater"
,ἐνθάδε,13,11,"11,5","75276,68","0,0032","thither, hither,","LSJ, Middle Liddell, Slater, Autenrieth"
,μεστός,13,11,"11,5","75288,18","0,0022",full,"LSJ, Middle Liddell"
,θαυμάσιος,13,11,"11,5","75299,68","0,0033","wonderful, marvellous","LSJ, Middle Liddell, Slater"
880,γενητός,46,0,"11,5","75311,18","0,0066",originated,LSJ
,οἶδος,46,0,"11,5","75322,68","0,0064","swelling, tumour,","LSJ, Middle Liddell"
,παραδίδωμι,13,11,"11,5","75334,18","0,0013","give, hand over to another, transmit","LSJ, Middle Liddell, Slater"
,ἡσυχία,19,9,"11,5","75345,68","0,0027","rest, quiet","LSJ, Middle Liddell, Slater"
,εὐλαβέομαι,13,11,"11,5","75357,18","0,0045","to be discreet, cautious, beware","LSJ, Middle Liddell"
,ἀπολιμπάνω,13,11,"11,5","75368,68","0,0012",to leave,"LSJ, Middle Liddell"
,μέλλησις,46,0,"11,5","75380,18","0,0072","being about to do, threatening to do","LSJ, Middle Liddell"
,ἀπολύω,31,5,"11,5","75391,68","0,0044","loose from,","LSJ, Middle Liddell, Autenrieth"
,χρή,266,4,"11,48","75403,16","0,0189",sum,"LSJ, Middle Liddell, Slater, Autenrieth"
,φανός,115,6,"11,45","75414,61","0,0236","light, bright,","LSJ, Middle Liddell"
890,ἔπειμι,148,1,"11,39",75426,"0,0034",sum,"LSJ, Middle Liddell, Middle Liddell, Slater, Autenrieth"
,ὁλάω,102,0,"11,33","75437,34","0,012",[unavailable],"LSJ, Middle Liddell"
,ἄριστον,82,0,"11,33","75448,67","0,0067","morning meal, breakfast,","LSJ, Middle Liddell, Autenrieth"
,κεφαλή,14,11,"11,33",75460,"0,0014",head,"LSJ, Middle Liddell, Autenrieth"
,θεωρέω,14,11,"11,33","75471,34","0,0036",to be a,"LSJ, Middle Liddell"
,παρίημι,60,6,"11,23","75482,57","0,0063","let fall at the side, let fall","LSJ, Middle Liddell, Slater, Autenrieth"
,ἀράομαι,2.176,0,"11,2","75493,77","0,2479",pray to,"LSJ, Middle Liddell, Autenrieth"
,Φυλάκη,138,0,"11,17","75504,94","0,0318",[unavailable],Autenrieth
,διορίζω,11,11,11,"75515,94","0,0042","draw a boundary through, delimit, separate,","LSJ, Middle Liddell"
,δῆτα,11,11,11,"75526,94","0,0031","certainly, to be sure, of course",Middle Liddell
900,σχολή,20,8,11,"75537,94","0,0032","leisure, rest, ease","LSJ, Middle Liddell"
,τραγῳδία,11,11,11,"75548,94","0,003","tragedy,","LSJ, Middle Liddell"
,μαντεύομαι,11,11,11,"75559,94","0,0039","divine, prophesy","LSJ, Middle Liddell, Slater, Autenrieth"
,νοητός,20,8,11,"75570,94","0,0103",falling within the province of,"LSJ, Middle Liddell"
,ἄλλοτε,11,11,11,"75581,94","0,0024",at another time,"LSJ, Middle Liddell, Slater, Autenrieth"
,μόγις,11,11,11,"75592,94","0,0041",with toil and pain,"LSJ, Middle Liddell, Autenrieth"
,διδάσκω,11,11,11,"75603,94","0,0009",instruct,"LSJ, Middle Liddell, Slater, Autenrieth"
,ἀπιστέω,14,10,11,"75614,94","0,0025",to be,"LSJ, Middle Liddell, Autenrieth"
,δεῦρο,11,11,11,"75625,94","0,0021","hither,","LSJ, Middle Liddell, Slater, Autenrieth"
,ἀστρονομία,11,11,11,"75636,94","0,0068","astronomy,","LSJ, Middle Liddell"
910,πρόσθεν,44,0,11,"75647,94","0,0075",before,"LSJ, Middle Liddell"
,Ἀμφότερος,44,0,11,"75658,94","0,0091",[unavailable],Autenrieth
,ἁρμόζω,11,11,11,"75669,94","0,0021","fit together, join,","LSJ, Middle Liddell, Slater, Autenrieth"
,ἀνέχω,11,11,11,"75680,94","0,0013","hold up, lift up,","LSJ, Middle Liddell, Slater, Autenrieth"
,ἀποφαίνω,11,11,11,"75691,94","0,0014","show forth, display,","LSJ, Middle Liddell, Slater"
,φανερός,20,8,11,"75702,94","0,0024","visible, manifest,","LSJ, Middle Liddell, Slater"
,ἐφάπτω,11,11,11,"75713,94","0,0039",bind on,"LSJ, Middle Liddell, Slater, Autenrieth"
,νόμιμος,11,11,11,"75724,94","0,0025","conformable to custom, usage,","LSJ, Middle Liddell, Slater"
,ὕδωρ,14,10,11,"75735,94","0,0014","water,","LSJ, Middle Liddell, Slater"
,μάθησις,22,9,11,"75746,94","0,0088","the act of learning, getting of knowledge","LSJ, Middle Liddell"
920,στρατόπεδον,11,11,11,"75757,94","0,0023","camp, encampment","LSJ, Middle Liddell"
,ἀρίς,2.156,0,11,"75768,94","0,3852","bow-drill,",LSJ
,πλήν,44,0,11,"75779,94","0,003","except, save,","LSJ, Middle Liddell, Autenrieth"
,ὁπωσοῦν,11,11,11,"75790,94","0,0047","in any way whatever, in some way or other",Middle Liddell
,ἀρίς,2.156,0,11,"75801,94","0,3852","a carpenter's tool, an auger",Middle Liddell
,οὔπω,11,11,11,"75812,94","0,0017",not yet,"LSJ, Middle Liddell, Slater, Autenrieth"
,ὁρμάω,57,1,"10,92","75823,85","0,0046","set in motion, urge on, cheer on,","LSJ, Middle Liddell, Slater, Autenrieth"
,ἐπισκοπέω,15,10,"10,83","75834,69","0,0037",look upon,"LSJ, Middle Liddell"
,κόσμιος,21,8,"10,83","75845,52","0,006","well-ordered, regular, moderate","LSJ, Middle Liddell"
,θεῖος,131,2,"10,79","75856,31","0,0114",of,"LSJ, Middle Liddell, Slater, Autenrieth"
930,δοκώ,196,0,"10,59","75866,9","0,0154",[unavailable],LSJ
,χρύσεος,65,0,"10,58","75877,48","0,0053","golden,","LSJ, Middle Liddell, Slater, Autenrieth"
,ἕνος,125,0,"10,58","75888,06","0,008",belonging to the former of two periods,"LSJ, Middle Liddell"
,ἕνος,125,0,"10,58","75898,65","0,008","belonging to the former of two periods, last year's",Middle Liddell
,νόησις,30,4,"10,5","75909,15","0,0135","intelligence, understanding,","LSJ, Middle Liddell"
,δημός,47,0,"10,5","75919,65","0,0059",fat,Middle Liddell
,τέκτων,12,10,"10,5","75930,15","0,0044","worker in wood, carpenter, joiner","LSJ, Middle Liddell, Slater, Autenrieth"
,τρεῖς,147,2,"10,5","75940,65","0,0124",three,"LSJ, Middle Liddell, Slater, Autenrieth"
,ἥρως,12,10,"10,5","75951,15","0,0033",hero,"LSJ, Middle Liddell, Slater, Autenrieth"
,δῆμος,47,0,"10,5","75961,65","0,0059","a country-district, country, land",Middle Liddell
940,ἀλλοιόω,15,9,"10,5","75972,15","0,007","change, alter","LSJ, Middle Liddell"
,γνῶσις,15,9,"10,5","75982,65","0,0038","seeking to know, inquiry, investigation","LSJ, Middle Liddell"
,ἐγκωμιάζω,12,10,"10,5","75993,15","0,004","praise, laud, extol","LSJ, Middle Liddell"
,φαιός,39,1,"10,5","76003,65","0,0098","grey,","LSJ, Middle Liddell"
,ψέγω,42,0,"10,5","76014,15","0,0132","blame, censure,","LSJ, Middle Liddell"
,διηγέομαι,21,7,"10,5","76024,65","0,0038","set out in detail, describe,","LSJ, Middle Liddell"
,ἐπιτήδειος,12,10,"10,5","76035,15","0,0023",made for an end,"LSJ, Middle Liddell"
,σωτηρία,12,10,"10,5","76045,65","0,0017","deliverance, preservation","LSJ, Middle Liddell"
,αἰσχύνω,12,10,"10,5","76056,15","0,0013","make ugly, disfigure","LSJ, Middle Liddell, Slater, Autenrieth"
,θάνατος,31,7,"10,5","76066,65","0,003",death,"LSJ, Middle Liddell, Slater, Autenrieth"
950,ψέγω,42,0,"10,5","76077,15","0,0132",[unavailable],LSJ
,χείρ,21,7,"10,5","76087,65","0,0009",b.,"LSJ, Middle Liddell, Slater, Autenrieth"
,κατασκευάζω,12,10,"10,5","76098,15","0,0019","equip, furnish fully with . .","LSJ, Middle Liddell"
,κήλη,348,0,"10,42","76108,56","0,0194",tumour,"LSJ, Middle Liddell"
,ἔρομαι,115,6,"10,39","76118,95","0,0102","ask, inquire,","LSJ, Middle Liddell, Slater, Autenrieth"
,ἔρως,49,1,"10,33","76129,28","0,0055","love,","LSJ, Middle Liddell, Slater, Autenrieth"
,ἐμπίπλημι,13,10,"10,33","76139,62","0,0022",to fill quite full,"Middle Liddell, Autenrieth"
,ἀνδρόω,85,1,"10,33","76149,95","0,0067","change into a man,","LSJ, Middle Liddell"
,δικεῖν,48,0,"10,33","76160,28","0,0047","throw, cast,","LSJ, Middle Liddell"
,χρυσός,38,8,"10,25","76170,53","0,0049","gold,","LSJ, Middle Liddell, Slater, Autenrieth"
960,πλουτέω,26,6,"10,25","76180,78","0,0044","to be rich, wealthy,","LSJ, Middle Liddell, Slater"
,δεῖνος,165,0,"10,25","76191,03","0,011","different round vessels,",LSJ
,οἰκειόω,83,1,"10,25","76201,28","0,0097",make,"LSJ, Middle Liddell"
,δεῖνος,165,0,"10,25","76211,53","0,011",[unavailable],LSJ
,πειράω,61,2,"10,07","76221,6","0,005","attempt, endeavour, try","LSJ, Middle Liddell, Slater, Autenrieth"
,ἐφίστημι,56,4,"10,07","76231,67","0,0035","set, place upon","LSJ, Middle Liddell, Autenrieth"
,μελετάω,24,7,10,"76241,67","0,0047",take thought,"LSJ, Middle Liddell"
,συχνός,22,6,10,"76251,67","0,0062",long,"LSJ, Middle Liddell"
,ἀμαθία,10,10,10,"76261,67","0,0035","ignorance, stupidity,","LSJ, Middle Liddell"
,ἐατέος,10,10,10,"76271,67","0,0063",to be suffered,"LSJ, Middle Liddell"
970,οὖσον,40,0,10,"76281,67","0,0052","ship's tackle, ropes",LSJ
,ἀκολουθέω,10,10,10,"76291,67","0,0018",follow,"LSJ, Middle Liddell"
,περιφέρω,13,9,10,"76301,67","0,0032",carry round,"LSJ, Middle Liddell"
,λυσιτελής,22,6,10,"76311,67","0,008",paying for expenses incurred,"LSJ, Middle Liddell"
,χρηματιστής,10,10,10,"76321,67","0,007","money-getter, trafficker,","LSJ, Middle Liddell"
,ἀδίκημα,10,10,10,"76331,67","0,0028",wrong done,"LSJ, Middle Liddell"
,στρέφω,10,10,10,"76341,67","0,0021",Aër.,"LSJ, Middle Liddell, Slater, Autenrieth"
,φωνή,16,8,10,"76351,67","0,0012","sound, tone,","LSJ, Middle Liddell, Autenrieth"
,ποιμήν,10,10,10,"76361,67","0,0034","herdsman,","LSJ, Slater, Autenrieth"
,πάντως,10,10,10,"76371,67","0,0015",in all ways,"LSJ, Middle Liddell, Slater, Autenrieth"
980,περιμένω,10,10,10,"76381,67","0,0021","wait for, await","LSJ, Middle Liddell"
,δόγμα,10,10,10,"76391,67","0,0026","that which seems to one, opinion","LSJ, Middle Liddell"
,ἐγείρω,10,10,10,"76401,67","0,0019","awaken, rouse","LSJ, Middle Liddell, Slater, Autenrieth"
,ἐμπειρία,10,10,10,"76411,67","0,0028",experience,"LSJ, Middle Liddell"
,μίμημα,10,10,10,"76421,67","0,0043","anything imitated, counterfeit, copy","LSJ, Middle Liddell"
,χρῶμα,10,10,10,"76431,67","0,0027","skin,","LSJ, Middle Liddell"
,ἐπιβουλεύω,10,10,10,"76441,67","0,0022","plot, contrive against","LSJ, Middle Liddell"
,καταμανθάνω,10,10,10,"76451,67","0,0026","observe well, examine closely","LSJ, Middle Liddell"
,ἐλασσόω,46,3,10,"76461,67","0,0092",make less,"LSJ, Middle Liddell"
,μαίνομαι,22,8,10,"76471,67","0,0034","rage, be furious","LSJ, Middle Liddell, Slater, Autenrieth"
990,ἐξευρίσκω,10,10,10,"76481,67","0,0023","find out, discover,","LSJ, Middle Liddell, Slater, Autenrieth"
,δημοκρατικός,10,10,10,"76491,67","0,0064",of,Middle Liddell
,θεά,394,0,"9,95","76501,61","0,0242",goddess,"LSJ, Middle Liddell, Slater, Autenrieth"
,θέα,394,0,"9,95","76511,56","0,0242","seeing, looking at",LSJ
,θέα,394,0,"9,95","76521,51","0,0242","a seeing, looking at, view",Middle Liddell
,δέχομαι,30,4,"9,75","76531,26","0,002","take, accept, receive,","LSJ, Middle Liddell, Autenrieth"
,κάλη,342,0,"9,75","76541,01","0,0193",[unavailable],LSJ
,στάσις,31,7,"9,67","76550,67","0,006","placing, setting","LSJ, Middle Liddell, Slater"
,φρονέω,21,7,"9,67","76560,34","0,0017","to be minded,","LSJ, Middle Liddell, Slater, Autenrieth"
,ἔπειμι,139,1,"9,56","76569,9","0,0035",ibo,"LSJ, Slater, Autenrieth"
1.000,πλάσσω,26,4,"9,5","76579,4","0,005","form, mould","LSJ, Middle Liddell, Slater"
,ἀδίκιον,38,0,"9,5","76588,9","0,0196",malversation,"LSJ, Middle Liddell"
,μισθόω,32,2,"9,5","76598,4","0,0074","let out for hire, farm out","LSJ, Middle Liddell"
,ἱμάτιον,11,9,"9,5","76607,9","0,002",a piece of dress,"LSJ, Middle Liddell"
,χόω,152,0,"9,5","76617,4","0,0058",throw,"LSJ, Middle Liddell"
,λαγχάνω,20,8,"9,5","76626,9","0,0037",obtain by lot,"LSJ, Middle Liddell, Slater, Autenrieth"
,ἀνδρών,90,0,"9,5","76636,4","0,0071",men's apartment,"LSJ, Middle Liddell"
,παύω,14,8,"9,5","76645,9","0,0009",make to end,"LSJ, Middle Liddell, Slater, Autenrieth"
,μετριόω,45,0,"9,37","76655,27","0,0077",[unavailable],LSJ
,ὁρατός,37,4,"9,33","76664,6","0,0076","to be seen, visible,","LSJ, Middle Liddell"
1.010,φώς,84,0,"9,33","76673,93","0,0114","man, wight;",Autenrieth
,μυθολογέω,12,9,"9,33","76683,27","0,0045",tell mythic tales,"LSJ, Middle Liddell"
,φάος,84,0,"9,33","76692,6","0,0104","light,","LSJ, Middle Liddell, Slater, Autenrieth"
,φώς,84,0,"9,33","76701,93","0,0114","man,","LSJ, Middle Liddell, Slater"
,πανταχοῦ,13,9,"9,25","76711,18","0,0029",everywhere,"LSJ, Middle Liddell"
,νόος,194,1,"9,2","76720,38","0,0178","mind,","LSJ, Middle Liddell, Slater, Autenrieth"
,κύων,100,4,"9,13","76729,52","0,0139","dog, bitch","LSJ, Middle Liddell, Slater, Autenrieth"
,μεταχειρίζω,9,9,9,"76738,52","0,0032","take in hand, handle","LSJ, Middle Liddell"
,ῥῆμα,9,9,9,"76747,52","0,002",that which is said,"LSJ, Middle Liddell, Slater"
,σύμφημι,9,9,9,"76756,52","0,005","assent, approve","LSJ, Middle Liddell"
1.020,ἐκεῖσε,9,9,9,"76765,52","0,0025","thither, to that place,","LSJ, Middle Liddell"
,πυνθάνομαι,15,7,9,"76774,52","0,0015",learn,"LSJ, Middle Liddell, Slater, Autenrieth"
,ὄντως,9,9,9,"76783,52","0,0028","(sum), really, actually, verily,","LSJ, Middle Liddell"
,ἡλικία,15,7,9,"76792,52","0,0021","time of life, age","LSJ, Middle Liddell"
,ἰσχύς,12,8,9,"76801,52","0,0022",strength,"LSJ, Middle Liddell, Slater"
,κλίνη,36,0,9,"76810,52","0,0095","that on which one lies, couch","LSJ, Middle Liddell"
,διψάω,39,5,9,"76819,52","0,0113","thirst,","LSJ, Middle Liddell, Slater, Autenrieth"
,ῥαίδιον,41,0,9,"76828,52","0,0069",[unavailable],LSJ
,φεύγω,12,8,9,"76837,52","0,0005","flee, take flight,","LSJ, Middle Liddell, Slater, Autenrieth"
,ἀπολογέομαι,9,9,9,"76846,52","0,002","speak in defence, defend oneself,","LSJ, Middle Liddell"
1.030,δάκτυλος,9,9,9,"76855,52","0,0025","-finger,","LSJ, Middle Liddell"
,ἑτοῖμος,12,8,9,"76864,52","0,0019","at hand, ready, prepared","LSJ, Middle Liddell, Slater, Autenrieth"
,ἐλάχιστος,9,9,9,"76873,52","0,0021","smallest, least","LSJ, Middle Liddell"
,ἀθάνατος,15,7,9,"76882,52","0,0034","undying, immortal","LSJ, Middle Liddell, Slater, Autenrieth"
,δημοκρατέομαι,9,9,9,"76891,52","0,0048","to have a democratical constitution, live in a democracy",Middle Liddell
,πρόσωθεν,9,9,9,"76900,52","0,0025",from afar,"LSJ, Middle Liddell, Slater"
,φυλακικός,9,9,9,"76909,52","0,0107","watchful, careful,","LSJ, Middle Liddell"
,ἀποθνήσκω,9,9,9,"76918,52","0,0009","die,","LSJ, Middle Liddell, Autenrieth"
,ἐξαίφνης,9,9,9,"76927,52","0,0023","on a sudden,","LSJ, Middle Liddell, Autenrieth"
,ἐοικότως,36,0,9,"76936,52","0,0064","similarly, like,","LSJ, Middle Liddell"
1.040,πορεία,9,9,9,"76945,52","0,0026",mode of walking,"LSJ, Middle Liddell"
,ἀκολασία,9,9,9,"76954,52","0,0036","licentiousness, intemperance","LSJ, Middle Liddell"
,ᾗ,144,0,9,"76963,52","0,0144","which way, where, whither","LSJ, Middle Liddell, Autenrieth"
,διάκειμαι,12,8,9,"76972,52","0,0027","to be served at table,","LSJ, Middle Liddell"
,ὁπότερος,9,9,9,"76981,52","0,0027","which of two,","LSJ, Middle Liddell"
,ἀπεικάζω,9,9,9,"76990,52","0,004","form from a model, represent, express, copy,","LSJ, Middle Liddell"
,ἐρωτικός,9,9,9,"76999,52","0,0026",of,"LSJ, Middle Liddell"
,παραγίγνομαι,9,9,9,"77008,52","0,0017","to be beside, by","LSJ, Middle Liddell, Autenrieth"
,κερδαίνω,12,8,9,"77017,52","0,0031","gain, derive profit","LSJ, Middle Liddell, Slater"
,κλίνω,36,0,9,"77026,52","0,0068",śráyati,"LSJ, Middle Liddell, Slater, Autenrieth"
1.050,τυφλός,15,7,9,"77035,52","0,0038","blind,","LSJ, Middle Liddell, Slater, Autenrieth"
,φειδωλός,9,9,9,"77044,52","0,0059","sparing, thrifty,","LSJ, Middle Liddell"
,εἰκότως,36,0,9,"77053,52","0,0064",suitably,"LSJ, Middle Liddell"
,ἐκπίτνω,9,9,9,"77062,52","0,0012",[unavailable],LSJ
,νοσώδης,9,9,9,"77071,52","0,0039","sickly, ailing,","LSJ, Middle Liddell"
,στρατιώτης,9,9,9,"77080,52","0,0017",soldier,"LSJ, Middle Liddell"
,διαπράσσω,9,9,9,"77089,52","0,0021","pass over,","LSJ, Middle Liddell"
,ἐκβάλλω,9,9,9,"77098,52","0,0012",throw,"LSJ, Middle Liddell, Slater, Autenrieth"
,ὁρμέω,47,0,"8,92","77107,43","0,005","to be moored, lie at anchor,","LSJ, Middle Liddell"
,μετρέω,28,5,"8,87","77116,3","0,004",measure,"LSJ, Middle Liddell, Autenrieth"
1.060,οὗ,318,0,"8,83","77125,13","0,0183","him, her","LSJ, Autenrieth"
,οὗ,318,0,"8,83","77133,97","0,0183",where,"LSJ, Middle Liddell"
,γονεύς,29,6,"8,83","77142,8","0,0057","begetter, father","LSJ, Middle Liddell, Slater"
,δυνατέω,74,0,"8,83","77151,63","0,0206",to be mighty,"LSJ, Middle Liddell"
,προίστημι,13,8,"8,83","77160,47","0,003",to set before,Middle Liddell
,δοῦλος,75,0,"8,75","77169,22","0,0108",born bondman,"LSJ, Middle Liddell"
,ἐλλός,140,0,"8,75","77177,97","0,0189",young deer,"LSJ, Middle Liddell, Autenrieth"
,δοῦλος,75,0,"8,75","77186,72","0,0108",[unavailable],LSJ
,ὕω,39,0,"8,7","77195,42","0,0147","rain,","LSJ, Middle Liddell, Slater, Autenrieth"
,ὁδός,60,0,"8,67","77204,08","0,0043","way, road,","LSJ, Middle Liddell, Slater, Autenrieth"
1.070,ὁδός,60,0,"8,67","77212,75","0,0043","a way, path, track, road, highway",Middle Liddell
,κτῆσις,68,4,"8,58","77221,33","0,0196",acquisition,"LSJ, Middle Liddell, Autenrieth"
,ἀναβαίνω,16,6,"8,5","77229,83","0,0029","go up, mount,","LSJ, Middle Liddell, Slater, Autenrieth"
,μαλακός,10,8,"8,5","77238,33","0,0019",soft,"LSJ, Middle Liddell, Slater, Autenrieth"
,οἴκησις,28,4,"8,5","77246,83","0,0095",the act of dwelling,"LSJ, Middle Liddell"
,εὐφυής,10,8,"8,5","77255,33","0,0031","well-grown, shapely","LSJ, Middle Liddell"
,ἀθρέω,10,8,"8,5","77263,83","0,0033","gaze at, observe","LSJ, Middle Liddell, Slater, Autenrieth"
,πλήσσω,25,3,"8,5","77272,33","0,0027",struck with terror,"LSJ, Middle Liddell, Autenrieth"
,ἑκούσιος,10,8,"8,5","77280,83","0,0028","voluntary,","LSJ, Middle Liddell"
,βραχύς,10,8,"8,5","77289,33","0,0011",short,"LSJ, Middle Liddell, Slater"
1.080,χαρίεις,10,8,"8,5","77297,83","0,0024","graceful, beautiful","LSJ, Middle Liddell, Slater, Autenrieth"
,ἐναντιόομαι,22,4,"8,5","77306,33","0,0056","set oneself against, oppose, withstand","LSJ, Middle Liddell"
,δίψος,34,6,"8,5","77314,83","0,0122",[unavailable],"LSJ, Middle Liddell"
,αἰτία,34,0,"8,5","77323,33","0,0025",responsibility,"LSJ, Middle Liddell, Slater"
,δημοσίᾳ,34,0,"8,5","77331,83","0,0091",[unavailable],Middle Liddell
,εὐδαιμονέω,13,7,"8,5","77340,33","0,0039","to be prosperous, well off","LSJ, Middle Liddell"
,θηρίον,35,3,"8,5","77348,83","0,0048",wild animal,"LSJ, Middle Liddell, Autenrieth"
,τίμιος,10,8,"8,5","77357,33","0,0026",valued,"LSJ, Middle Liddell, Slater, Autenrieth"
,λοιδορέω,10,8,"8,5","77365,83","0,0018","abuse, revile","LSJ, Middle Liddell, Slater"
,προσέχω,10,8,"8,5","77374,33","0,0014","hold to, offer","LSJ, Middle Liddell, Slater"
1.090,αἰτιάομαι,10,8,"8,5","77382,83","0,0015","accuse, censure","LSJ, Middle Liddell, Autenrieth"
,ὕστερος,39,0,"8,5","77391,33","0,0023","latter, last,","LSJ, Middle Liddell, Slater, Autenrieth"
,ἀέκων,127,0,"8,43","77399,76","0,0087","involuntary, constrained","LSJ, Middle Liddell, Slater, Autenrieth"
,συμμαχέω,63,1,"8,42","77408,18","0,006","to be an ally, to be in alliance","LSJ, Middle Liddell"
,τιμόω,61,0,"8,33","77416,51","0,0085",[unavailable],LSJ
,παραλείπω,11,8,"8,33","77424,85","0,0029","leave on one side, leave remaining","LSJ, Middle Liddell"
,ἀλλᾶς,75,0,"8,33","77433,18","0,0118","force-meat, sausage","LSJ, Middle Liddell"
,ἀκοή,28,6,"8,25","77441,43","0,0038","hearing, sound heard","LSJ, Middle Liddell"
,ἀνάζω,262,0,"8,21","77449,64","0,0201",[unavailable],LSJ
,πειράζω,59,0,"8,07","77457,71","0,006",make proof,"LSJ, Middle Liddell, Autenrieth"
1.100,τρίζω,71,3,8,"77465,71","0,0118","utter a shrill cry,","LSJ, Middle Liddell, Autenrieth"
,ἐπιμέλεια,11,7,8,"77473,71","0,0024",care bestowed upon,"LSJ, Middle Liddell"
,βλαβερός,8,8,8,"77481,71","0,0029",harmful,"LSJ, Middle Liddell"
,διαλεκτικός,8,8,8,"77489,71","0,0041","conversational,","LSJ, Middle Liddell"
,τάξις,24,6,8,"77497,71","0,0031","arranging, arrangement","LSJ, Middle Liddell"
,ἐναργής,8,8,8,"77505,71","0,0022","visible, palpable, in bodily shape","LSJ, Middle Liddell, Slater, Autenrieth"
,χρηματισμός,8,8,8,"77513,71","0,0039","negotiation, giving audience to ambassadors,","LSJ, Middle Liddell"
,κύκλος,32,2,8,"77521,71","0,0044","ring, circle","LSJ, Middle Liddell, Slater, Autenrieth"
,διανοέομαι,29,1,8,"77529,71","0,0054","to be minded, intend, purpose",Middle Liddell
,ἐξαμαρτάνω,8,8,8,"77537,71","0,0027",Acut. (Sp.,"LSJ, Middle Liddell"
1.110,κήδω,11,7,8,"77545,71","0,0037","trouble, distress","LSJ, Middle Liddell, Autenrieth"
,ἑός,64,1,8,"77553,71","0,0083","his, her own,","LSJ, Middle Liddell, Slater, Autenrieth"
,μέθοδος,8,8,8,"77561,71","0,0044","following after, pursuit","LSJ, Middle Liddell"
,κάλλιστα,72,0,8,"77569,71","0,0152",[unavailable],Middle Liddell
,παραλαμβάνω,8,8,8,"77577,71","0,001",receive from,"LSJ, Middle Liddell"
,φάντασμα,8,8,8,"77585,71","0,004","apparition, phantom,","LSJ, Middle Liddell"
,μιμητής,37,0,8,"77593,71","0,0196",imitator,"LSJ, Middle Liddell"
,διατρίβω,11,7,8,"77601,71","0,0016","rub hard,","LSJ, Middle Liddell, Autenrieth"
,ἄμουσος,8,8,8,"77609,71","0,0032","without song,","LSJ, Middle Liddell"
,παρακαλέω,8,8,8,"77617,71","0,0012",call to,"LSJ, Middle Liddell"
1.120,δοτέος,8,8,8,"77625,71","0,0039","to be given,","LSJ, Middle Liddell"
,συμφωνία,8,8,8,"77633,71","0,0042",concord,"LSJ, Middle Liddell"
,ἐνδείκνυμι,11,7,8,"77641,71","0,0026","mark, point out","LSJ, Middle Liddell, Slater, Autenrieth"
,κίνδυνος,8,8,8,"77649,71","0,001","danger, hazard, venture","LSJ, Middle Liddell, Slater"
,ὄλεθρος,8,8,8,"77657,71","0,0023","ruin, destruction, death,","LSJ, Middle Liddell, Slater, Autenrieth"
,ὕπαρ,8,8,8,"77665,71","0,0046","real appearance seen in a state of waking, waking vision,","LSJ, Middle Liddell, Slater, Autenrieth"
,προσεῖπον,8,8,8,"77673,71","0,0017",speak to,"LSJ, Middle Liddell, Slater, Autenrieth"
,χρηματιστικός,8,8,8,"77681,71","0,0062",of,"LSJ, Middle Liddell"
,ἠθέω,32,0,8,"77689,71","0,0071","-sift, strain","LSJ, Middle Liddell"
,ὄψον,11,7,8,"77697,71","0,0034",cooked,"LSJ, Middle Liddell, Slater, Autenrieth"
1.130,ἀμύνω,8,8,8,"77705,71","0,0012","keep off, ward off,","LSJ, Middle Liddell, Slater, Autenrieth"
,ὑμός,32,0,8,"77713,71","0,0033","your,","LSJ, Middle Liddell, Slater, Autenrieth"
,ὄναρ,8,8,8,"77721,71","0,0023","dream, vision in sleep,","LSJ, Middle Liddell, Slater, Autenrieth"
,παίζω,8,8,8,"77729,71","0,0011","play like a child, sport","LSJ, Middle Liddell, Slater, Autenrieth"
,νοσέω,22,5,8,"77737,71","0,0027","to be sick, ail,","LSJ, Middle Liddell"
,βασανίζω,8,8,8,"77745,71","0,0027",rub upon the touch-stone,"LSJ, Middle Liddell, Slater"
,μιμητός,37,0,8,"77753,71","0,0196",to be imitated,"LSJ, Middle Liddell"
,ἀνθρώπειος,8,8,8,"77761,71","0,0032","human,","LSJ, Middle Liddell"
,πολιτεύω,8,8,8,"77769,71","0,0019",to be a citizen,"LSJ, Middle Liddell"
,κλητέος,8,8,8,"77777,71","0,0071","to be called, named","LSJ, Middle Liddell"
1.140,θάλασσα,8,8,8,"77785,71","0,0007",sea,"LSJ, Middle Liddell, Slater, Autenrieth"
,θυμόω,32,7,8,"77793,71","0,007","make angry, provoke","LSJ, Middle Liddell"
,δεσπότης,17,5,8,"77801,71","0,0023","master, lord,","LSJ, Middle Liddell"
,σπουδαῖος,8,8,8,"77809,71","0,0021","in haste, quick","LSJ, Middle Liddell, Slater"
,ἔμπειρος,14,6,8,"77817,71","0,004",experienced,"LSJ, Middle Liddell"
,ἡγεμών,17,5,8,"77825,71","0,0024",one who leads,"LSJ, Middle Liddell, Autenrieth"
,ἐξαρκέω,11,7,8,"77833,71","0,0039","to be quite enough for, suffice for,","LSJ, Middle Liddell, Slater"
,κρίσις,8,8,8,"77841,71","0,0013","separating, distinguishing","LSJ, Middle Liddell, Slater"
,ἐπιθύμιος,108,0,"7,92","77849,62","0,0381",[unavailable],LSJ
,μεσάζω,40,0,"7,9","77857,52","0,0045",to be half-cooked,LSJ
1.150,ἐρέω,271,0,"7,9","77865,42","0,0225","ask, inquire,","LSJ, Middle Liddell, Slater, Autenrieth"
,ἐρέω,271,0,"7,9","77873,32","0,0225",will say,"LSJ, Autenrieth"
,ἐρέω,271,0,"7,9","77881,21","0,0225",[unavailable],LSJ
,χάρις,33,0,"7,83","77889,05","0,0019",grace,"LSJ, Middle Liddell, Slater, Autenrieth"
,Χάρις,33,0,"7,83","77896,88","0,0019",Graces,Autenrieth
,τροφεύς,93,2,"7,83","77904,71","0,0161","one who brings up, foster-father,","LSJ, Middle Liddell"
,καθό,195,0,"7,8","77912,51","0,011","in so far as, according as,","LSJ, Middle Liddell"
,χρῆ,277,0,"7,68","77920,19","0,0195","need, necessity",Middle Liddell
,χρῆ,277,0,"7,68","77927,87","0,0195",desires,LSJ
,ἡμέρα,34,0,"7,67","77935,54","0,0022",day,"LSJ, Middle Liddell"
1.160,νεάω,391,0,"7,66","77943,2","0,0305","plough up,","LSJ, Middle Liddell"
,κενός,30,6,"7,65","77950,85","0,0034",empty,"LSJ, Middle Liddell, Autenrieth"
,νικάω,38,5,"7,53","77958,38","0,0027","conquer, prevail","LSJ, Middle Liddell, Slater, Autenrieth"
,γέλως,18,4,"7,5","77965,88","0,0028",laughter,"LSJ, Middle Liddell, Slater, Autenrieth"
,τελευτή,30,0,"7,5","77973,38","0,0041","completion, accomplishment","LSJ, Middle Liddell, Autenrieth"
,σωφρονέω,9,7,"7,5","77980,88","0,0019",to be sound of mind,"LSJ, Middle Liddell"
,φιλομαθής,15,5,"7,5","77988,38","0,0086","fond of learning, eager after knowledge,","LSJ, Middle Liddell"
,εἰδοί,30,0,"7,5","77995,88","0,0041",Idus,"LSJ, Middle Liddell"
,δόξις,78,0,"7,5","78003,38","0,0081",[unavailable],LSJ
,γαμέω,21,3,"7,5","78010,88","0,0024",D Deor.,"LSJ, Middle Liddell, Slater, Autenrieth"
1.170,ἀπαλλάσσω,35,0,"7,5","78018,38","0,0045","set free, deliver from","LSJ, Middle Liddell"
,κρεισσόω,30,0,"7,5","78025,88","0,0062",[unavailable],LSJ
,ἀφομοιόω,9,7,"7,5","78033,38","0,0052","make like,","LSJ, Middle Liddell"
,φιλοκερδής,12,6,"7,5","78040,88","0,0085","loving gain, greedy of gain,","LSJ, Middle Liddell, Slater"
,πολεμόω,50,0,"7,5","78048,38","0,0053","make hostile, make an enemy of,","LSJ, Middle Liddell"
,ἀείδω,15,7,"7,5","78055,88","0,0022",Il.Parv..,"LSJ, Middle Liddell, Slater, Autenrieth"
,σκέψις,9,7,"7,5","78063,38","0,0038","viewing, perception by the senses","LSJ, Middle Liddell"
,ὑμνέω,12,6,"7,5","78070,88","0,0029","sing of,","LSJ, Middle Liddell, Slater"
,φάσις,72,0,"7,42","78078,3","0,0052","denunciation, information laid,","LSJ, Middle Liddell"
,φάσις,72,0,"7,42","78085,71","0,0052","utterance, expression,","LSJ, Middle Liddell"
1.180,ἄνω,200,0,"7,33","78093,05","0,0251","upwards,","LSJ, Middle Liddell, Slater, Autenrieth"
,μέλος,26,5,"7,33","78100,38","0,0034",limb,"LSJ, Middle Liddell, Slater, Autenrieth"
,ἄπειμι,25,2,"7,33","78107,71","0,0024",ibo,"LSJ, Middle Liddell, Autenrieth"
,ποικίλλω,22,3,"7,33","78115,05","0,0041","work in various colours, work in embroidery,","LSJ, Middle Liddell, Slater, Autenrieth"
,ἑστιάω,13,6,"7,33","78122,38","0,002",receive at one's hearth,"LSJ, Middle Liddell"
,οἰστός,66,0,"7,33","78129,71","0,024","that can be borne, endurable,","LSJ, Middle Liddell"
,μέθη,26,5,"7,33","78137,05","0,0028",strong drink,"LSJ, Middle Liddell"
,ἄτιμος,13,6,"7,33","78144,38","0,0029","unhonoured, dishonoured,","LSJ, Middle Liddell, Slater, Autenrieth"
,ἄκρατος,13,6,"7,33","78151,71","0,0032","unmixed, neat","LSJ, Middle Liddell"
,ὀιστός,66,0,"7,33","78159,05","0,02",an arrow,"Middle Liddell, Slater, Autenrieth"
1.190,ἁμάρτημα,10,7,"7,33","78166,38","0,0025","failure, fault,","LSJ, Middle Liddell"
,ἐλευθερία,38,0,"7,25","78173,63","0,007","freedom, liberty","LSJ, Middle Liddell, Slater"
,ἐλευθεριάζω,38,0,"7,25","78180,88","0,0068",speak,LSJ
,ἀπόδειξις,14,6,"7,25","78188,13","0,0039","showing forth, making","LSJ, Middle Liddell"
,ἐλαύνω,35,4,"7,25","78195,38","0,0031","drive, set in motion","LSJ, Middle Liddell, Slater, Autenrieth"
,ἀξιάω,89,0,"7,17","78202,55","0,0071",Hoffmann Inscr.,LSJ
,ἄκρος,32,4,"7,17","78209,71","0,0035",at the farthest point,"LSJ, Middle Liddell, Slater, Autenrieth"
,ζωή,31,2,"7,17","78216,88","0,0057",living,"LSJ, Middle Liddell, Autenrieth"
,ἐπιλαμβάνω,7,7,7,"78223,88","0,0014",take,"LSJ, Middle Liddell"
,διαιτάω,35,1,7,"78230,88","0,0062","treat,","LSJ, Middle Liddell, Slater"
1.200,ὅτε,63,0,7,"78237,88","0,0036","when, at the time when","LSJ, Slater, Autenrieth"
,κόλαξ,7,7,7,"78244,88","0,0025","flatterer, fawner","LSJ, Middle Liddell"
,ὑπερβαίνω,7,7,7,"78251,88","0,0019","step over, mount, scale,","LSJ, Middle Liddell, Slater, Autenrieth"
,χορός,7,7,7,"78258,88","0,0014","dance,","LSJ, Middle Liddell, Slater, Autenrieth"
,δικαστήριον,7,7,7,"78265,88","0,0018","court of justice,","LSJ, Middle Liddell"
,ἀναφαίνω,7,7,7,"78272,88","0,0021","cause to give light, make to blaze up,","LSJ, Middle Liddell, Slater, Autenrieth"
,οὐδέτερος,7,7,7,"78279,88","0,0018","not either, neither of the two","LSJ, Middle Liddell"
,ὀδύρομαι,7,7,7,"78286,88","0,0019","lament, bewail,","LSJ, Middle Liddell, Autenrieth"
,δουλεύω,7,7,7,"78293,88","0,0015","to be a slave,","LSJ, Middle Liddell"
,γελάω,25,5,7,"78300,88","0,0036",laugh,"LSJ, Middle Liddell, Slater, Autenrieth"
1.210,διδάσκαλος,7,7,7,"78307,88","0,0014","teacher, master,","LSJ, Middle Liddell"
,ἔθνος,7,7,7,"78314,88","0,0014","number of people living together, company, body of men","LSJ, Middle Liddell, Slater, Autenrieth"
,ἐλπίς,7,7,7,"78321,88","0,0007","hope, expectation","LSJ, Middle Liddell, Slater, Autenrieth"
,ἤτοι,7,7,7,"78328,88","0,0021","now surely, truly, verily","LSJ, Middle Liddell, Slater, Autenrieth"
,γενή,28,0,7,"78335,88","0,0067",[unavailable],LSJ
,διάγω,10,6,7,"78342,88","0,0022",carry over,"LSJ, Middle Liddell, Autenrieth"
,χωρίς,7,7,7,"78349,88","0,0012","separately, apart,","LSJ, Middle Liddell, Slater, Autenrieth"
,παντοδαπής,28,0,7,"78356,88","0,0078",[unavailable],LSJ
,ποίημα,7,7,7,"78363,88","0,0022",anything made,"LSJ, Middle Liddell"
,ἐκλέγω,7,7,7,"78370,88","0,0023",pick,"LSJ, Middle Liddell"
1.220,κεράννυμι,7,7,7,"78377,88","0,0018","mix, mingle","LSJ, Middle Liddell, Autenrieth"
,βασιλικός,7,7,7,"78384,88","0,0014","royal, kingly,","LSJ, Middle Liddell"
,φάσκω,7,7,7,"78391,88","0,0011","say, affirm, assert,","LSJ, Middle Liddell, Autenrieth"
,γέρων,7,7,7,"78398,88","0,0009",old man,"LSJ, Middle Liddell, Slater, Autenrieth"
,ὅστε,63,0,7,"78405,88","0,0034","who, which,","LSJ, Middle Liddell, Slater, Autenrieth"
,οὐρανόω,28,0,7,"78412,88","0,0075","remove to heaven, deify",LSJ
,ἀρέσκω,10,6,7,"78419,88","0,0021","make good, make amends,","LSJ, Middle Liddell, Autenrieth"
,ἄγριος,65,2,7,"78426,88","0,0109","living in the fields, wild, savage.","LSJ, Middle Liddell, Slater, Autenrieth"
,προσφέρω,7,7,7,"78433,88","0,0009",bring to,"LSJ, Middle Liddell, Slater"
,σοφιστής,7,7,7,"78440,88","0,0015","master of one's craft, adept, expert","LSJ, Middle Liddell"
1.230,κυβερνάω,13,5,7,"78447,88","0,0034",steer,"LSJ, Middle Liddell, Slater, Autenrieth"
,ἀνελεύθερος,7,7,7,"78454,88","0,0029","not free,","LSJ, Middle Liddell"
,ἐκπορίζω,7,7,7,"78461,88","0,004","invent, contrive,","LSJ, Middle Liddell"
,λογίζομαι,7,7,7,"78468,88","0,0013","count, reckon","LSJ, Middle Liddell"
,μεταδίδωμι,7,7,7,"78475,88","0,0017","give part of, give a share","LSJ, Middle Liddell"
,καταγέλαστος,7,7,7,"78482,88","0,0026","ridiculous, absurd","LSJ, Middle Liddell"
,βελτιόω,28,0,7,"78489,88","0,007",improue,LSJ
,ὀκνέω,10,6,7,"78496,88","0,002",shrink from,"LSJ, Middle Liddell, Autenrieth"
,ἠώς,63,0,7,"78503,88","0,0082",dawn,"LSJ, Middle Liddell, Autenrieth"
,ἱππικός,7,7,7,"78510,88","0,0021",of a horse,"LSJ, Middle Liddell"
1.240,ἐνιαυτός,7,7,7,"78517,88","0,0015","anniversary,","LSJ, Middle Liddell, Slater, Autenrieth"
,διανοέω,28,0,7,"78524,88","0,0057","have in mind,",LSJ
,βέβαιος,10,6,7,"78531,88","0,0015","firm, steady","LSJ, Middle Liddell"
,μηδαμός,28,0,7,"78538,88","0,0068",not even one,"LSJ, Middle Liddell"
,θεραπεία,7,7,7,"78545,88","0,0017","service, attendance","LSJ, Middle Liddell"
,Πάν,112,0,7,"78552,88","0,0099",Pan,"LSJ, Middle Liddell, Slater"
,αὐτόθι,7,7,7,"78559,88","0,0019","on the spot,","LSJ, Middle Liddell, Slater, Autenrieth"
,δουλεία,28,0,7,"78566,88","0,0084","slavery, bondage,","LSJ, Middle Liddell"
,γνωστός,7,7,7,"78573,88","0,0043",known,"LSJ, Middle Liddell"
,δυσχεραίνω,7,7,7,"78580,88","0,0016",to be unable to endure,"LSJ, Middle Liddell"
1.250,πλουσιάω,28,0,7,"78587,88","0,0084",[unavailable],LSJ
,μέγεθος,7,7,7,"78594,88","0,0008","greatness, magnitude","LSJ, Middle Liddell, Autenrieth"
,ἑκατερέω,28,0,7,"78601,88","0,0066","kick the rump with one heel after another,",LSJ
,ὅτε,63,0,7,"78608,88","0,0036","when, at the time when","LSJ, Middle Liddell, Autenrieth"
,τίκτω,7,7,7,"78615,88","0,0011","bring into the world, engender","LSJ, Middle Liddell, Slater, Autenrieth"
,ἆθλον,7,7,7,"78622,88","0,0018",prize of contest,"LSJ, Middle Liddell"
,ἐγχωρέω,7,7,7,"78629,88","0,0025",give room,"LSJ, Middle Liddell"
,πέντε,7,7,7,"78636,88","0,001",five,"LSJ, Middle Liddell, Slater, Autenrieth"
,αἵρεσις,7,7,7,"78643,88","0,0021",taking,"LSJ, Middle Liddell, Slater"
,δούλειος,28,0,7,"78650,88","0,0084","slavish, servile,","LSJ, Middle Liddell, Autenrieth"
1.260,ἀνόητος,7,7,7,"78657,88","0,0016","not thought on, unheard of,","LSJ, Middle Liddell"
,ἁγέομαι,51,0,7,"78664,88","0,0067","custom, prescription","LSJ, Slater"
,ἐλπίζω,7,7,7,"78671,88","0,0012",hope for,"LSJ, Middle Liddell"
,βίαιος,7,7,7,"78678,88","0,0014","forcible, violent","LSJ, Middle Liddell, Slater, Autenrieth"
,ἀγανακτέω,7,7,7,"78685,88","0,0013","feel a violent irritation,","LSJ, Middle Liddell"
,καταλιμπάνω,7,7,7,"78692,88","0,0008",[unavailable],"LSJ, Middle Liddell"
,μαχάω,60,0,"6,92","78699,8","0,0054",wish to fight,LSJ
,σκυτοτόμος,34,0,"6,83","78706,63","0,0192","a leather-cutter, a worker in leather","Middle Liddell, Autenrieth"
,ἐξίημι,49,0,"6,83","78713,46","0,004","send out, let","LSJ, Middle Liddell, Slater, Autenrieth"
,ἁπλόος,26,1,"6,83","78720,3","0,0058","twofold,","LSJ, Middle Liddell, Slater"
1.270,ἀλλοτριάζω,34,0,"6,83","78727,13","0,006",to be ill-disposed,LSJ
,ποικίλος,26,1,"6,83","78733,96","0,0044","many-coloured, spotted, pied, dappled,","LSJ, Middle Liddell, Slater, Autenrieth"
,σκυτότομος,34,0,"6,83","78740,8","0,0192","leather-cutter, worker in leather",LSJ
,καθίημι,59,0,"6,83","78747,63","0,0054","let fall, drop, send down","LSJ, Middle Liddell, Autenrieth"
,Ποίας,170,0,"6,8","78754,43","0,0418",[unavailable],Slater
,οἰκείω,87,0,"6,75","78761,18","0,0097",[unavailable],"LSJ, Middle Liddell"
,πλέος,96,0,"6,75","78767,93","0,0077",full.,"LSJ, Middle Liddell"
,δειλός,18,4,"6,75","78774,68","0,0035","cowardly,","LSJ, Middle Liddell, Autenrieth"
,μά,240,0,"6,67","78781,35","0,0453",[unavailable],LSJ
,μά,240,0,"6,67","78788,01","0,0453",[unavailable],LSJ
1.280,ζωγράφος,30,0,"6,67","78794,68","0,0122",one who paints from life,Middle Liddell
,ἀνθρωπόομαι,60,0,"6,67","78801,35","0,0061",to have the concept,LSJ
,ζώγραφος,30,0,"6,67","78808,01","0,0124",one who paints from life,LSJ
,μᾶ,240,0,"6,67","78814,68","0,0453",[unavailable],LSJ
,μᾶ,240,0,"6,67","78821,35","0,0453",[unavailable],Middle Liddell
,ὦσις,60,0,"6,67","78828,01","0,0137","thrusting, pushing,",LSJ
,κατάστασις,28,4,"6,67","78834,68","0,0092","settlement, establishment, institution","LSJ, Middle Liddell"
,μά,240,0,"6,67","78841,35","0,0453",by,"LSJ, Middle Liddell, Slater, Autenrieth"
,κακουργέω,12,6,"6,67","78848,01","0,0039","do evil, work wickedness","LSJ, Middle Liddell"
,παλαιός,12,6,"6,67","78854,68","0,001",old in years,"LSJ, Middle Liddell, Slater, Autenrieth"
1.290,βία,80,0,"6,6","78861,28","0,0087","bodily strength, force","LSJ, Middle Liddell, Slater"
,ἀξία,81,0,"6,5","78867,78","0,0073","worth, value,","LSJ, Middle Liddell"
,ἀσκέω,16,5,"6,5","78874,28","0,0027",work,"LSJ, Middle Liddell, Slater, Autenrieth"
,δοξαστός,8,6,"6,5","78880,78","0,0071","matter of opinion, conjectural,","LSJ, Middle Liddell"
,ἀλλοῖος,11,5,"6,5","78887,28","0,0049",of another sort,"LSJ, Middle Liddell, Slater, Autenrieth"
,θεοφιλής,8,6,"6,5","78893,78","0,0033","dear to the gods, highly favoured","LSJ, Middle Liddell, Slater"
,ἀνόσιος,11,5,"6,5","78900,28","0,0034","unholy, profane,","LSJ, Middle Liddell"
,ἀριθμέω,14,4,"6,5","78906,78","0,0034","number, count, reckon up,","LSJ, Middle Liddell, Slater, Autenrieth"
,ἱκάνω,36,0,"6,5","78913,28","0,0066",come,"LSJ, Middle Liddell, Slater, Autenrieth"
,ἐνδίδωμι,17,3,"6,5","78919,78","0,0016",give in,"LSJ, Middle Liddell"
1.300,πῦρ,17,3,"6,5","78926,28","0,0016",fire,"LSJ, Middle Liddell, Slater, Autenrieth"
,συντίθημι,11,5,"6,5","78932,78","0,0015",place,"LSJ, Middle Liddell, Slater, Autenrieth"
,διίστημι,8,6,"6,5","78939,28","0,0019","to set apart, to place separately, separate","Middle Liddell, Autenrieth"
,ὀνίνημι,8,6,"6,5","78945,78","0,0019",D Mort.,"LSJ, Middle Liddell, Autenrieth"
,ἄνευ,104,0,"6,5","78952,28","0,0106","without,","LSJ, Middle Liddell, Slater, Autenrieth"
,οἰκέτης,11,5,"6,5","78958,78","0,0018","household slave,","LSJ, Middle Liddell"
,ὕστερον,31,0,"6,5","78965,28","0,0022","the afterbirth,",LSJ
,ἀνδρίς,26,0,"6,5","78971,78","0,0028","woman,",LSJ
,σύμμαχος,11,5,"6,5","78978,28","0,0019","fighting along with, leagued","LSJ, Middle Liddell, Slater"
,μέμφομαι,8,6,"6,5","78984,78","0,0013","blame, censure","LSJ, Middle Liddell, Slater"
1.310,ἐκφεύγω,8,6,"6,5","78991,28","0,0017",flee out,"LSJ, Middle Liddell, Slater, Autenrieth"
,καταβαίνω,8,6,"6,5","78997,78","0,0014",go,"LSJ, Middle Liddell, Slater, Autenrieth"
,δαίμων,17,3,"6,5","79004,28","0,0022","god, goddess,","LSJ, Middle Liddell, Slater, Autenrieth"
,ἀθλητής,17,3,"6,5","79010,78","0,005","combatant, champion","LSJ, Middle Liddell"
,πρόθυμος,11,5,"6,5","79017,28","0,0019","ready, willing, eager,","LSJ, Middle Liddell"
,ἔλεγος,104,0,"6,5","79023,78","0,0166","song, melody","LSJ, Middle Liddell"
,πιστεύω,8,6,"6,5","79030,28","0,0008","trust, put faith in, rely on","LSJ, Middle Liddell"
,ἀνελευθερία,8,6,"6,5","79036,78","0,0049","illiberality of mind, servility,","LSJ, Middle Liddell"
,διατίθημι,8,6,"6,5","79043,28","0,0015",arrange,"LSJ, Middle Liddell"
,Ἀξιός,100,0,"6,42","79049,69","0,0079",[unavailable],Autenrieth
1.320,περαίνω,9,6,"6,33","79056,03","0,002","bring to an end, finish, accomplish","LSJ, Middle Liddell, Slater"
,στεφανόω,9,6,"6,33","79062,36","0,0013",to be put round in a circle,"LSJ, Middle Liddell, Slater, Autenrieth"
,κάτω,57,0,"6,33","79068,69","0,0088",downwards,"LSJ, Middle Liddell, Slater, Autenrieth"
,συνίστημι,12,5,"6,33","79075,03","0,0014",BJ Prooem.,"LSJ, Middle Liddell, Autenrieth"
,ἑταίρα,9,6,"6,33","79081,36","0,0017",a companion,"LSJ, Middle Liddell, Slater"
,προτίθημι,9,6,"6,33","79087,69","0,0017","set before, set out","LSJ, Middle Liddell, Autenrieth"
,ἀμήχανος,20,4,"6,33","79094,03","0,0051",without means,"LSJ, Middle Liddell, Autenrieth"
,χρυσίον,27,0,"6,33","79100,36","0,0055","a piece of gold,","LSJ, Middle Liddell"
,γῆρας,48,0,"6,25","79106,61","0,0085",old age,"Middle Liddell, Slater"
,γῆρας,48,0,"6,25","79112,86","0,0085",old age,"LSJ, Autenrieth"
1.330,ἐλέγχω,19,5,"6,25","79119,11","0,0026","disgrace, put to shame","LSJ, Middle Liddell, Slater, Autenrieth"
,δεῖνα,109,0,"6,17","79125,28","0,0107","such an one, so-and-so,","LSJ, Middle Liddell"
,ἔθος,19,5,"6,17","79131,44","0,0033","custom, habit","LSJ, Middle Liddell"
,λαβή,38,0,"6,17","79137,61","0,0029","the part intended for grasping, a handle, haft",Middle Liddell
,ἀγαπάζω,38,0,"6,17","79143,78","0,0062","treat with affection, receive with outward signs of love,","LSJ, Middle Liddell, Slater, Autenrieth"
,ἐπέοικε,66,0,"6,17","79149,94","0,0138","to be like, to suit",Middle Liddell
,διάζομαι,583,0,"6,13","79156,08","0,0314","set the warp in the loom,",LSJ
,ἀγών,66,5,"6,12","79162,2","0,0053","gathering, assembly","LSJ, Middle Liddell, Slater, Autenrieth"
,ἀκέω,106,0,"6,09","79168,29","0,0076",to be silent,LSJ
,ἀκέω,106,0,"6,09","79174,39","0,0076",[unavailable],LSJ
1.340,σιτίον,35,4,"6,08","79180,47","0,0092","grain, corn","LSJ, Middle Liddell"
,βεβαιόω,9,5,6,"79186,47","0,0019","confirm, establish, make good","LSJ, Middle Liddell"
,πρόκειμαι,6,6,6,"79192,47","0,0013","to be set before one,","LSJ, Middle Liddell, Autenrieth"
,διοικέω,12,4,6,"79198,47","0,003",keep house:,"LSJ, Middle Liddell"
,θνητός,6,6,6,"79204,47","0,0012","liable to death, mortal","LSJ, Middle Liddell, Autenrieth"
,συμμαχία,6,6,6,"79210,47","0,002","alliance, offensive and defensive","LSJ, Middle Liddell, Slater"
,ἀπληστία,6,6,6,"79216,47","0,0031","insatiate desire, greediness,","LSJ, Middle Liddell"
,κυβερνητικός,6,6,6,"79222,47","0,0041",good at steering,"LSJ, Middle Liddell"
,γέρας,6,6,6,"79228,47","0,001",gift of honour,"LSJ, Middle Liddell, Slater, Autenrieth"
,καταδουλόω,6,6,6,"79234,47","0,0025","reduce to slavery, enslave","LSJ, Middle Liddell"
1.350,παιδικός,6,6,6,"79240,47","0,0019",of a child,"LSJ, Middle Liddell"
,μεθίστημι,6,6,6,"79246,47","0,0011","place in another way, change","LSJ, Middle Liddell, Autenrieth"
,δημιουργία,9,5,6,"79252,47","0,0057","a making, creating",Middle Liddell
,προσδέω,29,0,6,"79258,47","0,0096",bind on,"LSJ, Middle Liddell"
,διεξέρχομαι,6,6,6,"79264,47","0,0015","go through, pass through,","LSJ, Middle Liddell"
,ἄνοια,6,6,6,"79270,47","0,0019",the character of an,"LSJ, Middle Liddell"
,ὅπλον,31,1,6,"79276,47","0,0036","tool, implement,","LSJ, Middle Liddell, Slater, Autenrieth"
,εἰρέω,54,0,6,"79282,47","0,0074",say,LSJ
,ἐπανορθόω,6,6,6,"79288,47","0,0018","set up again, restore,","LSJ, Middle Liddell"
,ζητητέος,6,6,6,"79294,47","0,0035",to be sought,"LSJ, Middle Liddell"
1.360,καταφρονέω,6,6,6,"79300,47","0,0009","look down upon, think slightly of","LSJ, Middle Liddell"
,λάθρῃ,6,6,6,"79306,47","0,0018","secretly, by stealth","LSJ, Middle Liddell, Autenrieth"
,γνώριμος,6,6,6,"79312,47","0,0013",well-known,"LSJ, Middle Liddell, Autenrieth"
,ὁπλή,31,1,6,"79318,47","0,004","hoof,","LSJ, Middle Liddell"
,προεῖπον,6,6,6,"79324,47","0,0015","foretell,","LSJ, Middle Liddell"
,διακωλύω,9,5,6,"79330,47","0,0031","hinder, prevent,","LSJ, Middle Liddell"
,προσδέω,29,0,6,"79336,47","0,0105",need besides,"LSJ, Middle Liddell"
,γυναικεῖος,6,6,6,"79342,47","0,0017",of,"LSJ, Middle Liddell, Slater, Autenrieth"
,κλέπτω,6,6,6,"79348,47","0,0014",clěpere,"LSJ, Middle Liddell, Slater, Autenrieth"
,ποταμός,6,6,6,"79354,47","0,0008","river, stream,","LSJ, Middle Liddell, Slater, Autenrieth"
1.370,κοῦφος,6,6,6,"79360,47","0,0013","light, nimble","LSJ, Middle Liddell, Slater, Autenrieth"
,περίειμι,6,6,6,"79366,47","0,001",to be around,"LSJ, Middle Liddell, Slater, Autenrieth"
,ἐντίκτω,6,6,6,"79372,47","0,0035",bear,"LSJ, Middle Liddell"
,μεγαλοπρέπεια,6,6,6,"79378,47","0,0034",magnificence,"LSJ, Middle Liddell"
,προσγίγνομαι,6,6,6,"79384,47","0,0017",attach oneself to,"LSJ, Middle Liddell"
,διασῴζω,6,6,6,"79390,47","0,0016",preserve through,LSJ
,διόλλυμι,6,6,6,"79396,47","0,0026","destroy utterly, bring to naught,","LSJ, Middle Liddell, Autenrieth"
,ἐπαίω,6,6,6,"79402,47","0,0028",to give ear to,Middle Liddell
,ἀλγηδών,6,6,6,"79408,47","0,0024","pain, suffering","LSJ, Middle Liddell"
,ὄγδοος,6,6,6,"79414,47","0,0022","eighth,","LSJ, Middle Liddell, Slater"
1.380,ἀπωθέω,6,6,6,"79420,47","0,0015","thrust away, push back,","LSJ, Middle Liddell, Slater, Autenrieth"
,παραγγέλλω,6,6,6,"79426,47","0,0016",pass on,"LSJ, Middle Liddell"
,ἄρσην,6,6,6,"79432,47","0,0014","NT,","LSJ, Middle Liddell, Autenrieth"
,θῆλυς,9,5,6,"79438,47","0,002",female,"LSJ, Middle Liddell, Slater, Autenrieth"
,ὁμοιότης,6,6,6,"79444,47","0,0018","likeness, resemblance,","LSJ, Middle Liddell"
,οὑτωσί,6,6,6,"79450,47","0,0023",[unavailable],Middle Liddell
,συνδοκέω,6,6,6,"79456,47","0,003","seem to one as to another, seem good also","LSJ, Middle Liddell"
,ἐπιπλήσσω,6,6,6,"79462,47","0,0025",strike,"LSJ, Middle Liddell, Autenrieth"
,Πολίτης,24,0,6,"79468,47","0,0041",[unavailable],Autenrieth
,τελευταῖος,6,6,6,"79474,47","0,0012",last,"LSJ, Middle Liddell, Slater"
1.390,προσχράομαι,6,6,6,"79480,47","0,0032",use,LSJ
,θέσις,6,6,6,"79486,47","0,0023","setting, placing","LSJ, Middle Liddell, Slater"
,κοινῇ,54,0,6,"79492,47","0,0108",[unavailable],Middle Liddell
,ἀρχήν,54,0,6,"79498,47","0,0047",[unavailable],"LSJ, Middle Liddell"
,ἀπαιτέω,6,6,6,"79504,47","0,0012","demand back, demand to have returned,","LSJ, Middle Liddell"
,ἀπολαύω,6,6,6,"79510,47","0,0011",have enjoyment of,"LSJ, Middle Liddell"
,εὐσχημοσύνη,6,6,6,"79516,47","0,004","gracefulness, elegance","LSJ, Middle Liddell"
,παρασκευή,12,4,6,"79522,47","0,0023",preparation,"LSJ, Middle Liddell"
,κωλύω,6,6,6,"79528,47","0,0007","hinder, prevent","LSJ, Middle Liddell, Slater"
,σοφόω,24,0,6,"79534,47","0,0049",[unavailable],LSJ
1.400,ὁποῖος,6,6,6,"79540,47","0,0011",of what sort,"LSJ, Middle Liddell, Slater, Autenrieth"
,συνοικέω,9,5,6,"79546,47","0,0023",dwell,"LSJ, Middle Liddell"
,κατοικίζω,6,6,6,"79552,47","0,0026","settle, establish","LSJ, Middle Liddell, Slater"
,ἐμαυτοῦ,6,6,6,"79558,47","0,0008","of me, of myself","LSJ, Middle Liddell"
,πατρίς,15,3,6,"79564,47","0,0012",of one's fathers,"LSJ, Middle Liddell, Slater, Autenrieth"
,βασιλεύω,6,6,6,"79570,47","0,0012","to be king, rule, reign,","LSJ, Middle Liddell, Slater, Autenrieth"
,ἴχνος,6,6,6,"79576,47","0,0015","track, footstep","LSJ, Middle Liddell, Slater, Autenrieth"
,μεταβαίνω,6,6,6,"79582,47","0,0018",pass over,"LSJ, Middle Liddell, Slater, Autenrieth"
,πρόβατον,14,5,6,"79588,47","0,0042","cattle,","LSJ, Middle Liddell, Slater, Autenrieth"
,διακελεύομαι,6,6,6,"79594,47","0,0027","exhort, give orders, direct,","LSJ, Middle Liddell"
1.410,ὀδυρμός,6,6,6,"79600,47","0,0032","lamentation,","LSJ, Middle Liddell"
,ἄνωθεν,6,6,6,"79606,47","0,0015","from above, from on high,","LSJ, Middle Liddell"
,ἄλλοθι,6,6,6,"79612,47","0,0027","elsewhere, in another place","LSJ, Middle Liddell, Slater, Autenrieth"
,δισσός,6,6,6,"79618,47","0,0018","twofold, double,","LSJ, Middle Liddell, Slater"
,σφόνδυλος,6,6,6,"79624,47","0,0047",vertebra,"LSJ, Middle Liddell"
,γηράσκω,38,2,6,"79630,47","0,0063",grow old,"LSJ, Middle Liddell, Autenrieth"
,ὀλιγαρχέω,6,6,6,"79636,47","0,0045","to be a member of an oligarchy,","LSJ, Middle Liddell"
,τεκμαίρομαι,6,6,6,"79642,47","0,0014","assign, ordain","LSJ, Middle Liddell, Autenrieth"
,φυλακός,50,0,"5,83","79648,3","0,0227",[unavailable],"LSJ, Middle Liddell"
,φύλαξις,25,0,"5,83","79654,14","0,0117","watching, guarding,","LSJ, Middle Liddell"
1.420,τρόφις,91,0,"5,83","79659,97","0,018","well-fed, stout, large,","LSJ, Middle Liddell, Autenrieth"
,γέμω,13,4,"5,83","79665,8","0,0043",to be full,"LSJ, Middle Liddell"
,ἀρχός,84,0,"5,83","79671,64","0,0156","leader, chief,","LSJ, Middle Liddell, Slater, Autenrieth"
,σιτέομαι,70,0,"5,83","79677,47","0,0139","to take food, eat",Middle Liddell
,δαιμόνιος,18,4,"5,83","79683,3","0,0034",of,"LSJ, Middle Liddell, Slater, Autenrieth"
,ἀθλέω,30,0,"5,83","79689,14","0,0065",having contended with,"LSJ, Middle Liddell, Autenrieth"
,σιτέω,70,0,"5,83","79694,97","0,0139","take food, eat","LSJ, Autenrieth"
,λέων,13,4,"5,83","79700,8","0,0027",lion,"LSJ, Middle Liddell, Slater, Autenrieth"
,τράπεζα,13,4,"5,83","79706,64","0,0026","table,","LSJ, Middle Liddell, Slater, Autenrieth"
,Δῖος,580,0,"5,8","79712,44","0,0313",[unavailable],"LSJ, Autenrieth"
1.430,δίω,580,0,"5,8","79718,24","0,0313","put to flight,","LSJ, Middle Liddell, Autenrieth"
,ἄνοος,213,0,"5,76",79724,"0,0206","without understanding, silly,","LSJ, Middle Liddell, Autenrieth"
,ἄλλῃ,92,0,"5,75","79729,75","0,0233","in another place, elsewhere","Middle Liddell, Autenrieth"
,ἔπαινος,26,2,"5,75","79735,5","0,0037","approval, praise, commendation,","LSJ, Middle Liddell, Slater"
,σκεῦος,32,0,"5,75","79741,25","0,0086",vessel,"LSJ, Middle Liddell"
,ἐπιστήμων,32,4,"5,75",79747,"0,0146","knowing, wise, prudent","LSJ, Middle Liddell, Autenrieth"
,κτείνω,59,1,"5,75","79752,75","0,0083","kill, slay","LSJ, Middle Liddell, Slater, Autenrieth"
,θεῖος,88,0,"5,72","79758,47","0,0111",one's father's,"LSJ, Middle Liddell"
,συνίημι,17,3,"5,67","79764,14","0,0021",bring,"LSJ, Middle Liddell, Slater, Autenrieth"
,βαρύς,11,5,"5,67","79769,81","0,0013","heavy in weight,","LSJ, Middle Liddell, Slater, Autenrieth"
1.440,ἐπιστατέω,11,5,"5,67","79775,47","0,0041",to be an,"LSJ, Middle Liddell, Slater"
,παραδέχομαι,13,3,"5,5","79780,97","0,0042",receive from,"LSJ, Middle Liddell, Autenrieth"
,θόρυβος,7,5,"5,5","79786,47","0,0016",noise,"LSJ, Middle Liddell, Slater"
,μηχανή,13,3,"5,5","79791,97","0,0029",contrivance,"LSJ, Middle Liddell"
,κατασκευή,7,5,"5,5","79797,47","0,0019",preparation,"LSJ, Middle Liddell"
,εὔχομαι,7,5,"5,5","79802,97","0,0008",pray,"LSJ, Middle Liddell, Slater, Autenrieth"
,ἀδυνατόω,32,0,"5,5","79808,47","0,0095",debilitate,LSJ
,συμβόλαιον,22,0,"5,5","79813,97","0,0089","mark, sign, token","LSJ, Middle Liddell"
,σφάλλω,7,5,"5,5","79819,47","0,0016","make to fall, overthrow","LSJ, Middle Liddell, Slater, Autenrieth"
,ὁμιλία,7,5,"5,5","79824,97","0,0017","intercourse, company,","LSJ, Middle Liddell"
1.450,διαφορά,7,5,"5,5","79830,47","0,0012","moving hither and thither,","LSJ, Middle Liddell"
,ἀγρός,7,5,"5,5","79835,97","0,0015",field,"LSJ, Middle Liddell, Slater, Autenrieth"
,νόθος,10,4,"5,5","79841,47","0,0036","bastard, baseborn,","LSJ, Middle Liddell, Slater, Autenrieth"
,συμβόλαιος,22,0,"5,5","79846,97","0,0088",of,"LSJ, Middle Liddell"
,γράμμα,7,5,"5,5","79852,47","0,001",that which is drawn,"LSJ, Middle Liddell"
,γάμος,19,1,"5,5","79857,97","0,0024",wedding,"LSJ, Middle Liddell, Slater, Autenrieth"
,ἁπλός,32,0,"5,5","79863,47","0,0056",[unavailable],LSJ
,ὁμόω,171,0,"5,5","79868,97","0,0073",unite,"LSJ, Middle Liddell, Autenrieth"
,δίαιτα,32,0,"5,5","79874,47","0,0062","way of living, mode of life,","LSJ, Middle Liddell, Slater"
,εὐωχέω,7,5,"5,5","79879,97","0,0027",entertain sumptuously,"LSJ, Middle Liddell"
1.460,ὁμός,171,0,"5,5","79885,47","0,0074","one and the same, common, joint,","LSJ, Middle Liddell, Autenrieth"
,θαρσέω,7,5,"5,5","79890,97","0,0008",to be of good courage,"LSJ, Middle Liddell, Slater, Autenrieth"
,ἀμαθής,7,5,"5,5","79896,47","0,0021","ignorant, stupid,","LSJ, Middle Liddell"
,ἔντιμος,7,5,"5,5","79901,97","0,0023","in honour, honoured,","LSJ, Middle Liddell"
,τρέω,70,0,"5,5","79907,47","0,0061","flee from fear, flee away","LSJ, Middle Liddell, Slater, Autenrieth"
,προπηλακίζω,7,5,"5,5","79912,97","0,0025","bespatter with mud,","LSJ, Middle Liddell"
,ἕβδομος,7,5,"5,5","79918,47","0,0022",seventh,"LSJ, Middle Liddell, Slater"
,δῶρον,7,5,"5,5","79923,97","0,0012","gift, present, gift of honour","LSJ, Middle Liddell, Slater, Autenrieth"
,σῖτος,38,2,"5,42","79929,39","0,0089",grain,"LSJ, Middle Liddell, Autenrieth"
,θυσία,39,1,"5,4","79934,79","0,007","burnt-offering, sacrifice","LSJ, Middle Liddell, Slater"
1.470,ἀλλοτριόω,28,0,"5,33","79940,12","0,0057",estrange from,"LSJ, Middle Liddell"
,κέντρον,8,5,"5,33","79945,46","0,0026",any sharp point,"LSJ, Middle Liddell, Slater, Autenrieth"
,τήκω,32,2,"5,33","79950,79","0,0045","melt, melt down","LSJ, Middle Liddell, Autenrieth"
,τεχνάομαι,48,0,"5,33","79956,12","0,0113","make by art, execute skilfully","LSJ, Middle Liddell"
,γεωργέω,20,1,"5,33","79961,46","0,0051","to be a husbandman, farmer","LSJ, Middle Liddell"
,δοκάζω,154,0,"5,3","79966,76","0,0158","wait for,",LSJ
,ἐσθίω,50,3,"5,3","79972,06","0,0043","eat,","LSJ, Middle Liddell, Autenrieth"
,πείρω,76,0,"5,3","79977,36","0,0052","pierce, run through","LSJ, Middle Liddell, Autenrieth"
,κύριος,40,0,"5,28","79982,64","0,0052",having power,"LSJ, Middle Liddell, Slater"
,κύριος,40,0,"5,28","79987,93","0,0052","a lord, master",Middle Liddell
1.480,παιδιή,36,0,"5,25","79993,18","0,0063","childish play, sport, game, pastime",Middle Liddell
,ἀναγκαίη,70,0,"5,25","79998,43","0,0115","necessity,
            constraint;","LSJ, Autenrieth"
,τοι,84,0,"5,25","80003,68","0,0099","let me tell you, mark you, look you","LSJ, Middle Liddell, Slater"
,τοι,84,0,"5,25","80008,93","0,0099",[unavailable],LSJ
,παιδία,36,0,"5,25","80014,18","0,0063",childhood,LSJ
,ὄργανος,57,0,"5,17","80019,34","0,0145","working, forming,","LSJ, Middle Liddell"
,πάθη,24,0,"5,17","80024,51","0,0026",passive state,"LSJ, Middle Liddell"
,ἐπώχατο,20,3,"5,17","80029,68","0,0025",were kept shut,"Middle Liddell, Autenrieth"
,ὄργανον,57,0,"5,17","80034,84","0,0145","instrument, implement, tool, for making","LSJ, Middle Liddell, Slater"
,φανή,106,0,"5,12","80039,96","0,0231","torch,","LSJ, Middle Liddell"
1.490,φορά,20,4,"5,07","80045,03","0,0047","an act,","LSJ, Middle Liddell, Slater"
,ἐπίσταμαι,45,1,"5,07","80050,09","0,0049",know,"LSJ, Middle Liddell, Slater, Autenrieth"
,γυναικωνῖτις,80,0,5,"80055,09","0,0105",women's apartments,"LSJ, Middle Liddell"
,ὀνειδίζω,5,5,5,"80060,09","0,0013",cast in,"LSJ, Middle Liddell, Autenrieth"
,γνωρίζω,5,5,5,"80065,09","0,0013","make known, point out","LSJ, Middle Liddell"
,ἀποδιδράσκω,5,5,5,"80070,09","0,0012","run away, escape","LSJ, Middle Liddell, Autenrieth"
,βάπτω,16,3,5,"80075,09","0,005","dip,","LSJ, Middle Liddell, Autenrieth"
,λυπηρός,5,5,5,"80080,09","0,0017","painful, distressing","LSJ, Middle Liddell"
,διαγιγνώσκω,5,5,5,"80085,09","0,0014","know one from the other, distinguish, discern,","LSJ, Middle Liddell, Autenrieth"
,θανάσιμος,5,5,5,"80090,09","0,0023","deadly, fatal","LSJ, Middle Liddell"
1.500,ἀναλαμβάνω,5,5,5,"80095,09","0,0007","take up, take into one's hands,","LSJ, Middle Liddell"
,συνοίομαι,5,5,5,"80100,09","0,0049","hold the same opinion, assent","LSJ, Middle Liddell"
,πίστις,5,5,5,"80105,09","0,0008",trust,"LSJ, Middle Liddell"
,γνήσιος,5,5,5,"80110,09","0,0014",belonging to the race,"LSJ, Middle Liddell, Slater, Autenrieth"
,προοίμιον,5,5,5,"80115,09","0,0018","opening, introduction;","LSJ, Middle Liddell, Slater"
,προσποιέω,5,5,5,"80120,09","0,0011","make over to, add","LSJ, Middle Liddell"
,φιλοτιμία,5,5,5,"80125,09","0,0011",love of honour,"LSJ, Middle Liddell, Slater"
,πτωχός,5,5,5,"80130,09","0,0019",beggar,"LSJ, Middle Liddell, Autenrieth"
,ὄνειδος,5,5,5,"80135,09","0,0013","reproach, rebuke, censure, blame,","LSJ, Middle Liddell, Slater, Autenrieth"
,ἐμβάλλω,5,5,5,"80140,09","0,0005",throw in,"LSJ, Middle Liddell, Slater, Autenrieth"
1.510,ἀλγέω,8,4,5,"80145,09","0,002","feel bodily pain, suffer","LSJ, Middle Liddell, Autenrieth"
,εἶτα,29,4,5,"80150,09","0,0011","then, next,","LSJ, Middle Liddell"
,γραφικός,5,5,5,"80155,09","0,0025",capable of drawing,"LSJ, Middle Liddell"
,θρέμμα,5,5,5,"80160,09","0,002","nursling, creature","LSJ, Middle Liddell, Slater"
,ἐπιτείνω,5,5,5,"80165,09","0,0016",stretch upon,"LSJ, Middle Liddell"
,γεωμετρικός,5,5,5,"80170,09","0,0028",of,"LSJ, Middle Liddell"
,μεταστρέφω,5,5,5,"80175,09","0,0022","turn about, turn round","LSJ, Middle Liddell, Autenrieth"
,ὁπόθεν,5,5,5,"80180,09","0,0019","whence, from what place,","LSJ, Middle Liddell, Slater"
,εἰρηνέω,20,0,5,"80185,09","0,0034",[unavailable],LSJ
,συγγιγνώσκω,5,5,5,"80190,09","0,0019","think with, agree with","LSJ, Middle Liddell"
1.520,εἰσφέρω,5,5,5,"80195,09","0,0012","carry in,","LSJ, Middle Liddell, Autenrieth"
,ὄχλος,8,4,5,"80200,09","0,0015","crowd, throng","LSJ, Middle Liddell, Slater"
,ἔστε,35,0,5,"80205,09","0,0064","up to the time that, until,","LSJ, Middle Liddell"
,ἀποτελέω,5,5,5,"80210,09","0,0017","bring to an end, complete","LSJ, Middle Liddell"
,ὑπερβάλλω,5,5,5,"80215,09","0,0007",throw over,"LSJ, Middle Liddell, Slater, Autenrieth"
,δημοτικός,5,5,5,"80220,09","0,0015",of,Middle Liddell
,νεανικός,11,3,5,"80225,09","0,0044","youthful,","LSJ, Middle Liddell"
,ἐκπλήσσω,8,4,5,"80230,09","0,0013","strike out of, drive away from, expel,","LSJ, Middle Liddell, Autenrieth"
,ἀσύμφορος,5,5,5,"80235,09","0,0027","inconvenient, prejudicial,","LSJ, Middle Liddell"
,περιφορά,5,5,5,"80240,09","0,0027",carrying round,"LSJ, Middle Liddell"
1.530,νύξ,5,5,5,"80245,09","0,0005",night,"LSJ, Middle Liddell, Slater, Autenrieth"
,ἀντιλαμβάνω,5,5,5,"80250,09","0,0015","receive instead of,","LSJ, Middle Liddell"
,γοητεύω,5,5,5,"80255,09","0,003","bewitch, beguile","LSJ, Middle Liddell"
,γυναικόω,80,0,5,"80260,09","0,0111","make effeminate,",LSJ
,προκαλέω,5,5,5,"80265,09","0,0013","call forth,","LSJ, Middle Liddell"
,εἰρήνη,20,0,5,"80270,09","0,0033",peace,"LSJ, Middle Liddell, Autenrieth"
,ἀπατάω,11,3,5,"80275,09","0,0023","cheat, deceive,","LSJ, Middle Liddell, Slater, Autenrieth"
,ἐδωδή,5,5,5,"80280,09","0,0027","food, meat, victuals","LSJ, Middle Liddell, Autenrieth"
,συγγνώμη,5,5,5,"80285,09","0,0012","fellow-feeling, forbearance, lenient judgement, allowance","LSJ, Middle Liddell"
,ἐλλείπω,5,5,5,"80290,09","0,0014",leave in,"LSJ, Middle Liddell"
1.540,ἁπτέον,5,5,5,"80295,09","0,0049",one must cling to,LSJ
,ὀλίγιστος,5,5,5,"80300,09","0,0028",[unavailable],"LSJ, Middle Liddell, Autenrieth"
,στόμα,5,5,5,"80305,09","0,0006",mouth,"LSJ, Middle Liddell, Slater, Autenrieth"
,οὐδαμῇ,20,0,5,"80310,09","0,0097","nowhere, in no place",LSJ
,φιλοθεάμων,5,5,5,"80315,09","0,0039","fond of seeing, fond of shows","LSJ, Middle Liddell"
,μεγαλοπρεπής,5,5,5,"80320,09","0,0017","befitting a great man, magnificent","LSJ, Middle Liddell"
,σύγχωρος,20,0,5,"80325,09","0,0108","confinis,",LSJ
,εὐπετής,5,5,5,"80330,09","0,0026",falling well,"LSJ, Middle Liddell"
,ἐθίζω,5,5,5,"80335,09","0,001",accustom,"LSJ, Middle Liddell"
,κλέπτης,5,5,5,"80340,09","0,0019",thief,"LSJ, Middle Liddell, Autenrieth"
1.550,τραγικός,5,5,5,"80345,09","0,0016",of,"LSJ, Middle Liddell"
,πίπτω,5,5,5,"80350,09","0,0005",Exc. ex libris Herodiani,"LSJ, Middle Liddell, Slater, Autenrieth"
,ἐρρωμένος,11,3,5,"80355,09","0,003","in good health,","LSJ, Middle Liddell"
,πρόφασις,8,4,5,"80360,09","0,0014",motive,"LSJ, Middle Liddell, Slater, Autenrieth"
,συγγενεύς,20,0,5,"80365,09","0,0045",[unavailable],LSJ
,ἁλίσκομαι,5,5,5,"80370,09","0,0005","to be taken, conquered, fall into an enemy's hand","LSJ, Middle Liddell, Autenrieth"
,ἀνόμοιος,14,2,5,"80375,09","0,0053","unlike, dissimilar,","LSJ, Middle Liddell, Slater"
,ἀποβαίνω,5,5,5,"80380,09","0,0011",step off from,"LSJ, Middle Liddell, Slater, Autenrieth"
,οὗπερ,5,5,5,"80385,09","0,0017",[unavailable],"LSJ, Middle Liddell"
,κυκλάζω,26,0,5,"80390,09","0,0041","go round about, surround",LSJ
1.560,γυναικών,80,0,5,"80395,09","0,0111",[unavailable],LSJ
,μηκέτι,5,5,5,"80400,09","0,0009","no more, no longer, no further","LSJ, Middle Liddell, Slater, Autenrieth"
,ἄλογος,5,5,5,"80405,09","0,0011",without,"LSJ, Middle Liddell"
,ἀποδοτέος,5,5,5,"80410,09","0,0037","one must give back, refer, assign",Middle Liddell
,ἄπιστος,8,4,5,"80415,09","0,0014","not to be trusted,","LSJ, Middle Liddell, Slater, Autenrieth"
,ἀτελής,5,5,5,"80420,09","0,0013","without end,","LSJ, Middle Liddell, Slater, Autenrieth"
,γυμνάσιον,26,0,5,"80425,09","0,0068","bodily exercises,","LSJ, Middle Liddell, Slater"
,συμβάλλω,5,5,5,"80430,09","0,0009","throw together, dash together","LSJ, Middle Liddell, Slater, Autenrieth"
,ἐξαγγέλλω,5,5,5,"80435,09","0,0019","tell out, proclaim, make known,","LSJ, Middle Liddell, Autenrieth"
,τμῆμα,5,5,5,"80440,09","0,0031","part cut off, section, piece","LSJ, Middle Liddell"
1.570,φθόγγος,5,5,5,"80445,09","0,0019","any clear, distinct sound,","LSJ, Middle Liddell, Autenrieth"
,ἀντίστροφος,5,5,5,"80450,09","0,0029",turned so as to face one another,"LSJ, Middle Liddell"
,διαβολή,5,5,5,"80455,09","0,0012","false accusation, slander,","LSJ, Middle Liddell"
,μοχθηρός,5,5,5,"80460,09","0,0013","suffering hardship, in sore distress, wretched","LSJ, Middle Liddell"
,σφάζω,45,0,5,"80465,09","0,0066","slay, slaughter","LSJ, Middle Liddell, Slater, Autenrieth"
,τραχύς,5,5,5,"80470,09","0,001","jagged,","LSJ, Middle Liddell, Slater"
,θηριώδης,5,5,5,"80475,09","0,0016","full of wild beasts, infested by them","LSJ, Middle Liddell"
,παιδοποιία,5,5,5,"80480,09","0,003",procreation of children,"LSJ, Middle Liddell"
,παράγω,5,5,5,"80485,09","0,0012",lead by,"LSJ, Middle Liddell, Slater"
,εὐήθης,5,5,5,"80490,09","0,0018","good-hearted, simple-minded, guileless","LSJ, Middle Liddell"
1.580,χαρίζω,20,0,5,"80495,09","0,0025",say,LSJ
,προσέρχομαι,5,5,5,"80500,09","0,0008",come,"LSJ, Middle Liddell"
,χρηματίζω,5,5,5,"80505,09","0,0016","negotiate, have dealings,","LSJ, Middle Liddell"
,συκοφαντέω,8,4,5,"80510,09","0,0022",to be a,"LSJ, Middle Liddell"
,τυπόω,27,0,"4,87","80514,96","0,0107","form by impress,","LSJ, Middle Liddell"
,ἐράω,148,0,"4,84","80519,8","0,0134","love,","LSJ, Middle Liddell, Slater"
,ἐράω,148,0,"4,84","80524,63","0,0134","pour forth, vomit,","LSJ, Middle Liddell"
,νεκρός,12,3,"4,83","80529,46","0,0017","corpse,","LSJ, Middle Liddell, Slater, Autenrieth"
,χειρόω,41,0,"4,83","80534,3","0,0057","worst, master, subdue,","LSJ, Middle Liddell"
,στερέω,12,3,"4,83","80539,13","0,0025","deprive, bereave, rob","LSJ, Middle Liddell, Slater, Autenrieth"
1.590,ἄφρων,15,2,"4,83","80543,96","0,0042","senseless,","LSJ, Middle Liddell, Slater, Autenrieth"
,ζῳόω,26,0,"4,83","80548,8","0,0071",fashion into an animal,LSJ
,ὀργαίνω,54,0,"4,83","80553,63","0,014","make angry, enrage,","LSJ, Middle Liddell"
,χωρίζω,9,4,"4,83","80558,46","0,002","separate, divide,","LSJ, Middle Liddell"
,ἄργυρος,17,3,"4,83","80563,3","0,0041","white metal,","LSJ, Middle Liddell, Autenrieth"
,χειρόω,41,0,"4,83","80568,13","0,0057",[unavailable],LSJ
,μεθίημι,12,3,"4,83","80572,96","0,0022","set loose, let go","LSJ, Middle Liddell, Autenrieth"
,δαιμονάω,26,0,"4,83","80577,8","0,004",to be under the power of a,"LSJ, Middle Liddell"
,πλανάω,12,3,"4,83","80582,63","0,0019",cause to wander,"LSJ, Middle Liddell"
,ἀνάγω,51,3,"4,78","80587,41","0,0072",lead up,"LSJ, Middle Liddell, Slater, Autenrieth"
1.600,σκευή,28,0,"4,75","80592,16","0,0085","equipment, attire, apparel","LSJ, Middle Liddell"
,θηράω,32,0,"4,75","80596,91","0,0042","hunt, chase","LSJ, Middle Liddell"
,ἱερός,71,0,"4,7","80601,61","0,0055",filled with,"LSJ, Middle Liddell, Slater"
,σφός,42,0,"4,67","80606,28","0,0081","their, their own, belonging to them","LSJ, Middle Liddell, Slater, Autenrieth"
,μέλω,34,1,"4,67","80610,95","0,0043",to be an object of care,"LSJ, Middle Liddell, Slater, Autenrieth"
,ἔνιοι,18,3,"4,67","80615,61","0,0023",some;,"LSJ, Middle Liddell"
,λάπτω,32,0,"4,67","80620,28","0,0036",Epic. Alex.Adesp.,"LSJ, Middle Liddell, Autenrieth"
,δεινάζω,73,0,"4,67","80624,95","0,0083","to be in straits,",LSJ
,τριτάω,27,0,"4,67","80629,61","0,0044","when three days old,",LSJ
,ἡμερόω,13,3,"4,67","80634,28","0,0028","tame, make tame","LSJ, Middle Liddell, Slater"
1.610,ῥαίω,22,0,"4,67","80638,95","0,0063","break, shiver, shatter","LSJ, Middle Liddell, Slater, Autenrieth"
,προσερέω,24,1,"4,67","80643,61","0,0057","speak to, address, accost","LSJ, Middle Liddell"
,βάλλω,6,4,"4,5","80648,11","0,0007",throw,"LSJ, Middle Liddell, Slater, Autenrieth"
,παράνομος,9,3,"4,5","80652,61","0,0023","lawless, violent","LSJ, Middle Liddell"
,μέρα,18,0,"4,5","80657,11","0,0037",[unavailable],LSJ
,ἀκουστέον,6,4,"4,5","80661,61","0,0037",one must hear,"LSJ, Middle Liddell"
,νομοθέτης,18,0,"4,5","80666,11","0,0051","lawgiver,","LSJ, Middle Liddell"
,καθιστάω,18,0,"4,5","80670,61","0,0033",[unavailable],Middle Liddell
,ὁμῶς,162,0,"4,5","80675,11","0,0118",[unavailable],Slater
,τριάζω,129,0,"4,5","80679,61","0,0187","conquer, vanquish,",LSJ
1.620,νέμω,6,4,"4,5","80684,11","0,0008","deal out, dispense,","LSJ, Middle Liddell, Slater, Autenrieth"
,ἱππών,18,0,"4,5","80688,61","0,0041",place for horses,"LSJ, Middle Liddell"
,καθαίρω,6,4,"4,5","80693,11","0,0013",cleanse,"LSJ, Middle Liddell, Autenrieth"
,ἔσχατος,18,0,"4,5","80697,61","0,0028","farthest, uttermost, extreme,","LSJ, Middle Liddell, Slater, Autenrieth"
,ἐμφύω,6,4,"4,5","80702,11","0,0016",implant,"LSJ, Middle Liddell, Autenrieth"
,μνήμη,6,4,"4,5","80706,61","0,0009","remembrance, memory","LSJ, Middle Liddell"
,ποι,18,0,"4,5","80711,11","0,0045",somewhither,"Middle Liddell, Slater"
,συμφωνέω,6,4,"4,5","80715,61","0,0026","sound together, be in harmony","LSJ, Middle Liddell"
,ἐπίπονος,6,4,"4,5","80720,11","0,0023",painful,"LSJ, Middle Liddell"
,ἐπιτυγχάνω,6,4,"4,5","80724,61","0,0017","hit the mark,","LSJ, Middle Liddell"
1.630,φῆμις,18,0,"4,5","80729,11","0,0026","speech, talk,","LSJ, Middle Liddell, Autenrieth"
,διακονέω,9,3,"4,5","80733,61","0,0035","minister, do service,","LSJ, Middle Liddell"
,διατελέω,6,4,"4,5","80738,11","0,0012","bring quite to an end, accomplish,","LSJ, Middle Liddell"
,τόκος,6,4,"4,5","80742,61","0,0017","childbirth, parturition,","LSJ, Middle Liddell, Slater, Autenrieth"
,τρία,129,0,"4,5","80747,11","0,0187","three,",LSJ
,ὁμῶς,162,0,"4,5","80751,61","0,0118","equally, likewise, alike,","LSJ, Middle Liddell, Autenrieth"
,μηδαμῇ,18,0,"4,5","80756,11","0,0101",[unavailable],LSJ
,εἰλικρινής,6,4,"4,5","80760,61","0,0029","unmixed, without alloy, pure","LSJ, Middle Liddell"
,χαρίζομαι,18,0,"4,5","80765,11","0,0023",to say,"Middle Liddell, Slater, Autenrieth"
,ἀχρηστόω,28,0,"4,5","80769,61","0,0109","make useless,",LSJ
1.640,ὅμως,162,0,"4,5","80774,11","0,0118","all the same, nevertheless, notwithstanding, still","Middle Liddell, Slater"
,τριάξω,129,0,"4,5","80778,61","0,0187",to vanquish,Middle Liddell
,ἀμέλεια,6,4,"4,5","80783,11","0,0028","indifference, negligence",Middle Liddell
,ὅμως,162,0,"4,5","80787,61","0,0118","all the same, nevertheless,","LSJ, Autenrieth"
,διάφορος,6,4,"4,5","80792,11","0,0011","different, unlike,","LSJ, Middle Liddell"
,μηχανάομαι,6,4,"4,5","80796,61","0,0013","make by art, construct, build","LSJ, Middle Liddell"
,τίσις,72,0,"4,5","80801,11","0,0114",apa-citis,"LSJ, Middle Liddell, Autenrieth"
,μεταβολεύς,18,0,"4,5","80805,61","0,0038",one who exchanges,LSJ
,ποῖ,18,0,"4,5","80810,11","0,0045",whither?,"LSJ, Middle Liddell"
,γενναιάζω,18,0,"4,5","80814,61","0,0054",to be brave,LSJ
1.650,εὐχή,9,3,"4,5","80819,11","0,0021",prayer,"LSJ, Middle Liddell, Autenrieth"
,ἀσθένεια,6,4,"4,5","80823,61","0,0014","want of strength, weakness,","LSJ, Middle Liddell"
,πεινάω,25,1,"4,5","80828,11","0,0091",to be hungry,"LSJ, Middle Liddell, Autenrieth"
,λήγω,6,4,"4,5","80832,61","0,0013","stay, abate","LSJ, Middle Liddell, Slater, Autenrieth"
,ζήτησις,15,1,"4,5","80837,11","0,0047","seeking, search for","LSJ, Middle Liddell"
,ἄστρον,6,4,"4,5","80841,61","0,0018","the stars,","LSJ, Middle Liddell, Slater, Autenrieth"
,θυσιάζω,38,0,"4,4","80846,01","0,007",sacrifice,"LSJ, Middle Liddell"
,σοῦ,110,0,"4,4","80850,41","0,012",[unavailable],LSJ
,σοῦ,110,0,"4,4","80854,81","0,012",shoo! shoo!,"LSJ, Middle Liddell"
,σεύω,110,0,"4,4","80859,21","0,0112","put in quick motion, drive","LSJ, Middle Liddell, Autenrieth"
1.660,κυνάω,84,0,"4,38","80863,6","0,016",play the Cynic,"LSJ, Middle Liddell"
,δορυφορέω,15,3,"4,33","80867,93","0,0049","attend as a body-guard,","LSJ, Middle Liddell"
,ἄστυ,7,4,"4,33","80872,26","0,0014","town,","LSJ, Middle Liddell, Slater, Autenrieth"
,ἐξουσία,24,0,"4,33","80876,6","0,0057","power, authority","LSJ, Middle Liddell"
,καταλαμβάνω,7,4,"4,33","80880,93","0,0009","seize, lay hold of","LSJ, Middle Liddell, Slater"
,βοηθός,7,4,"4,33","80885,26","0,0022","assisting, auxiliary",Middle Liddell
,ἀπεχθάνομαι,10,3,"4,33","80889,6","0,0034","to be hated, incur hatred,","LSJ, Middle Liddell, Slater, Autenrieth"
,ὠνέομαι,7,4,"4,33","80893,93","0,0016","buy, purchase,","LSJ, Middle Liddell"
,ἐξουσιάζω,24,0,"4,33","80898,26","0,0057","exercise authority,","LSJ, Middle Liddell"
,μονή,36,0,"4,33","80902,6","0,0031","abiding, tarrying","LSJ, Middle Liddell"
1.670,τροφός,10,3,"4,33","80906,93","0,0034","feeder, rearer,","LSJ, Middle Liddell, Slater, Autenrieth"
,πούς,13,2,"4,33","80911,26","0,0012","foot,","LSJ, Middle Liddell, Slater, Autenrieth"
,ἀναιρέω,7,4,"4,33","80915,6","0,0007","take up,","LSJ, Middle Liddell, Slater, Autenrieth"
,ἁμαρτέω,19,0,"4,33","80919,93","0,0039","attend, accompany,","LSJ, Autenrieth"
,ἔξω,39,0,"4,33","80924,26","0,0041",out,"LSJ, Middle Liddell, Slater, Autenrieth"
,ὁρατής,29,0,"4,33","80928,6","0,0102","beholder,",LSJ
,θειάζω,56,0,"4,33","80932,92","0,0105","to be inspired, frenzied","LSJ, Middle Liddell"
,εἴδομαι,39,0,"4,3","80937,22","0,0062","are visible, appear","Middle Liddell, Slater, Autenrieth"
,μονόω,17,1,"4,25","80941,47","0,0016",make single,"LSJ, Middle Liddell, Autenrieth"
,ἑνάς,68,0,"4,25","80945,72","0,0065",unit,LSJ
1.680,Ἆπις,105,0,"4,2","80949,92","0,0065",Apis,Middle Liddell
,Ἀπις,105,0,"4,2","80954,12","0,0066","Apis,",LSJ
,ὗς,41,0,"4,2","80958,32","0,0031","the wild swine,","LSJ, Middle Liddell, Slater, Autenrieth"
,οἰόομαι,86,0,"4,2","80962,52","0,031","to be left alone, forsaken,","LSJ, Middle Liddell"
,ἄπαις,105,0,"4,2","80966,72","0,0061","childless,","LSJ, Middle Liddell"
,ὗς,41,0,"4,2","80970,92","0,0031","whither,",LSJ
,ἄπιος,105,0,"4,2","80975,12","0,0054","far away, far off, distant,","LSJ, Middle Liddell, Autenrieth"
,λοιπάζω,30,0,"4,17","80979,29","0,0048","leave,",LSJ
,ἐντίθημι,11,3,"4,17","80983,46","0,0021",put in,"LSJ, Middle Liddell, Slater, Autenrieth"
,μέτειμι,13,3,"4,17","80987,62","0,0016","sum), to be among","LSJ, Middle Liddell, Autenrieth"
1.690,πάλλω,92,0,"4,1","80991,72","0,0079","poise, sway","LSJ, Middle Liddell, Slater, Autenrieth"
,δεινόω,92,0,"4,08","80995,81","0,0143","make terrible: exaggerate,","LSJ, Middle Liddell"
,πρόσειμι,27,2,"4,08","80999,89","0,0013",sum,"LSJ, Middle Liddell"
,ἀρχαῖος,4,4,4,"81003,89","0,0007",from the beginning,"LSJ, Middle Liddell, Slater"
,πολυπραγμονέω,4,4,4,"81007,89","0,0013","to be busy about many things,","LSJ, Middle Liddell"
,προσάγω,4,4,4,"81011,89","0,0005",bring to,"LSJ, Middle Liddell, Slater, Autenrieth"
,ἀμφισβήτησις,13,1,4,"81015,89","0,0064","dispute, controversy,","LSJ, Middle Liddell"
,ἔχθρη,36,0,4,"81019,89","0,0061","hatred, enmity",Middle Liddell
,ταραχή,4,4,4,"81023,89","0,0009",disorder,"LSJ, Middle Liddell"
,εὐνομέομαι,4,4,4,"81027,89","0,0024","have good laws, be well-ordered","LSJ, Middle Liddell"
1.700,δακτύλιος,16,0,4,"81031,89","0,0062","ring, signet,","LSJ, Middle Liddell"
,ἀκόλαστος,4,4,4,"81035,89","0,0011","undisciplined, unbridled","LSJ, Middle Liddell"
,σκιάω,50,0,4,"81039,89","0,0119","overshadow, make shady","LSJ, Middle Liddell, Autenrieth"
,δριμύς,4,4,4,"81043,89","0,0015","piercing, sharp, keen,","LSJ, Middle Liddell, Autenrieth"
,ἀντιτείνω,4,4,4,"81047,89","0,0019","stretch, strain back,","LSJ, Middle Liddell, Slater"
,ἀπαιδευσία,4,4,4,"81051,89","0,0022","want of education,","LSJ, Middle Liddell"
,σφέτερος,4,4,4,"81055,89","0,0014","their own, their","LSJ, Middle Liddell, Slater, Autenrieth"
,ἐπιδείκνυμι,4,4,4,"81059,89","0,0005",exhibit as a specimen,"LSJ, Middle Liddell, Slater"
,πραγματεύομαι,4,4,4,"81063,89","0,0015","busy oneself, take trouble,","LSJ, Middle Liddell"
,προσοιστέος,4,4,4,"81067,89","0,0029",to be added to,"LSJ, Middle Liddell"
1.710,ἁπλόω,26,0,4,"81071,89","0,0046","make single, unfold, spread out,","LSJ, Middle Liddell"
,ἐμμελής,4,4,4,"81075,89","0,0013","in tune, harmonious","LSJ, Middle Liddell"
,παραπλήσιος,13,1,4,"81079,89","0,003",coming alongside of,"LSJ, Middle Liddell"
,ὑπόδημα,4,4,4,"81083,89","0,0015","sole bound under the foot with straps, sandal,","LSJ, Middle Liddell, Autenrieth"
,εὔπορος,4,4,4,"81087,89","0,0012",easy to pass,"LSJ, Middle Liddell"
,ἀναίτιος,4,4,4,"81091,89","0,0016",not being the fault,"LSJ, Middle Liddell, Autenrieth"
,κοινωνός,10,2,4,"81095,89","0,0031","companion, partner","LSJ, Middle Liddell"
,μεθύω,4,4,4,"81099,89","0,0011",to be drunken with wine,"LSJ, Middle Liddell, Slater, Autenrieth"
,χορδή,4,4,4,"81103,89","0,0018","guts, tripe,","LSJ, Middle Liddell, Autenrieth"
,χρήστης,16,0,4,"81107,89","0,0032",one who gives,"LSJ, Middle Liddell"
1.720,τοσόσδε,4,4,4,"81111,89","0,0013",sufficient,"LSJ, Middle Liddell, Autenrieth"
,ἐπεξέρχομαι,4,4,4,"81115,89","0,0014","march out, make a sally,","LSJ, Middle Liddell"
,σκιάζω,50,0,4,"81119,89","0,0114","overshadow, shade, darken","LSJ, Middle Liddell, Slater, Autenrieth"
,θρῆνος,7,3,4,"81123,89","0,0023","dirge, lament","LSJ, Middle Liddell, Slater, Autenrieth"
,ἀνομοιόω,13,1,4,"81127,89","0,0069",make unlike,"LSJ, Middle Liddell"
,συνόχωκα,7,3,4,"81131,89","0,0012",to be,"LSJ, Middle Liddell"
,ἄτρακτος,4,4,4,"81135,89","0,0025","spindle,","LSJ, Middle Liddell"
,ἐπιλείπω,4,4,4,"81139,89","0,0013",leave behind,"LSJ, Middle Liddell"
,διαβάλλω,4,4,4,"81143,89","0,0008",throw,"LSJ, Middle Liddell"
,οἰκοδομικός,4,4,4,"81147,89","0,003","skilled in building,","LSJ, Middle Liddell"
1.730,νεανίης,4,4,4,"81151,89","0,0011","a young man, youth",Middle Liddell
,ἀπειθέω,4,4,4,"81155,89","0,0014","to be disobedient, refuse compliance,","LSJ, Middle Liddell"
,ἄπληστος,4,4,4,"81159,89","0,0017","insatiate, greedy,","LSJ, Middle Liddell"
,μήτοι,4,4,4,"81163,89","0,0032","at least not, R.","LSJ, Middle Liddell"
,χρονόω,16,0,4,"81167,89","0,0018","make temporal,",LSJ
,ἀμβλυώσσω,4,4,4,"81171,89","0,0029","to be short-sighted, have weak sight,","LSJ, Middle Liddell"
,νοσήμη,16,0,4,"81175,89","0,0068",[unavailable],LSJ
,κακουργία,4,4,4,"81179,89","0,0021","wickedness, villainy, malice","LSJ, Middle Liddell"
,κατηγορέω,4,4,4,"81183,89","0,0006",speak against,"LSJ, Middle Liddell"
,πορίζω,4,4,4,"81187,89","0,001","carry, bring,","LSJ, Middle Liddell"
1.740,ἀναμάρτητος,4,4,4,"81191,89","0,002","making no mistake, unerring,","LSJ, Middle Liddell"
,συλλέγω,4,4,4,"81195,89","0,001","bring together, collect, gather","LSJ, Middle Liddell, Autenrieth"
,εἰσέρχομαι,4,4,4,"81199,89","0,0006",go in,"LSJ, Middle Liddell, Autenrieth"
,κῦμα,10,2,4,"81203,89","0,0025",anything swollen,"LSJ, Middle Liddell, Slater, Autenrieth"
,φορτικός,4,4,4,"81207,89","0,0013","fit for carrying,","LSJ, Middle Liddell"
,ῥυθμόω,16,0,4,"81211,89","0,0067",shape,LSJ
,παρακατατίθεμαι,4,4,4,"81215,89","0,0018",to deposit one's own property with,Middle Liddell
,καταφαίνω,10,2,4,"81219,89","0,0029","declare, make known","LSJ, Middle Liddell, Slater"
,ἀποπίμπλημι,4,4,4,"81223,89","0,0027",fill up,"LSJ, Middle Liddell"
,παρίστημι,4,4,4,"81227,89","0,0004","cause to stand, place beside","LSJ, Middle Liddell, Autenrieth"
1.750,φείδομαι,4,4,4,"81231,89","0,0008",spare,"LSJ, Middle Liddell, Slater, Autenrieth"
,ἀντέχω,4,4,4,"81235,89","0,0009","hold against,","LSJ, Middle Liddell, Slater, Autenrieth"
,τοῖος,4,4,4,"81239,89","0,0017","such, such-like,","LSJ, Middle Liddell, Slater, Autenrieth"
,ἐξηγέομαι,7,3,4,"81243,89","0,002","to be leader of,","LSJ, Middle Liddell, Autenrieth"
,τραγῳδοποιός,4,4,4,"81247,89","0,0027","tragic poet,","LSJ, Middle Liddell"
,περιμάχητος,4,4,4,"81251,89","0,0021","fought about, fought for","LSJ, Middle Liddell"
,προπολεμέω,4,4,4,"81255,89","0,0025",make war for,"LSJ, Middle Liddell"
,ἀλαζών,4,4,4,"81259,89","0,0016","wanderer about country, vagrant","LSJ, Middle Liddell"
,ἐξεργάζομαι,4,4,4,"81263,89","0,0011","work out, bring to completion,","LSJ, Middle Liddell"
,ὠθέω,4,4,4,"81267,89","0,0008","thrust, push,","LSJ, Middle Liddell, Slater, Autenrieth"
1.760,δίειμι,4,4,4,"81271,89","0,0016","go to and fro, roam about,","LSJ, Middle Liddell"
,σωτήρ,4,4,4,"81275,89","0,0011","saviour, deliverer","LSJ, Middle Liddell, Slater"
,ἔμπορος,4,4,4,"81279,89","0,0013",one who goes on ship-board as a passenger,"LSJ, Middle Liddell, Autenrieth"
,πανταχῆ,4,4,4,"81283,89","0,0016",everywhere,"LSJ, Middle Liddell"
,ἀστασίαστος,4,4,4,"81287,89","0,0026","not torn by faction,","LSJ, Middle Liddell"
,ῥῆσις,7,3,4,"81291,89","0,0031","saying, speech","LSJ, Middle Liddell, Slater, Autenrieth"
,ἐγγύτερος,16,0,4,"81295,89","0,0052",nearer,LSJ
,καταδύω,4,4,4,"81299,89","0,0011","go down, sink, set","LSJ, Middle Liddell, Autenrieth"
,πολλαχῆ,4,4,4,"81303,89","0,002","in many places,","LSJ, Middle Liddell"
,νεωστί,4,4,4,"81307,89","0,0014","lately, just now,","LSJ, Middle Liddell"
1.770,συλλήβδην,4,4,4,"81311,89","0,002","collectively, in sum, in short","LSJ, Middle Liddell"
,ἀπολαμβάνω,4,4,4,"81315,89","0,0008",take,"LSJ, Middle Liddell"
,τοπάζω,16,0,4,"81319,89","0,0036","aim at, guess, divine,","LSJ, Middle Liddell"
,φράζω,4,4,4,"81323,89","0,0004","point out, show","LSJ, Middle Liddell, Slater, Autenrieth"
,ῥύμμα,4,4,4,"81327,89","0,0035","anything used for washing, soap, lye","LSJ, Middle Liddell"
,σκιά,50,0,4,"81331,89","0,0123",shadow,"LSJ, Middle Liddell, Slater"
,προσάπτω,4,4,4,"81335,89","0,0014",fasten to,"LSJ, Middle Liddell, Slater, Autenrieth"
,ἀλόγιστος,4,4,4,"81339,89","0,0017","inconsiderate, thought-less,","LSJ, Middle Liddell"
,ἀποδεκτέος,4,4,4,"81343,89","0,0032",one must receive from others,Middle Liddell
,ἑκάστοτε,4,4,4,"81347,89","0,0013","each time, on each occasion,","LSJ, Middle Liddell"
1.780,ἐκτίνω,4,4,4,"81351,89","0,0012","pay off, pay in full","LSJ, Middle Liddell"
,ἄσμενος,16,0,4,"81355,89","0,0039","well-pleased, glad,","LSJ, Middle Liddell, Slater, Autenrieth"
,διαλλάσσω,4,4,4,"81359,89","0,001","interchange,","LSJ, Middle Liddell, Slater"
,σπουδή,13,1,4,"81363,89","0,0016","haste, speed","LSJ, Middle Liddell, Autenrieth"
,ἀθλιότης,4,4,4,"81367,89","0,0033","suffering, wretchedness","LSJ, Middle Liddell"
,ἄκεντρος,4,4,4,"81371,89","0,0038","without sting, stingless",Middle Liddell
,συμπίτνω,4,4,4,"81375,89","0,0008",fall,"LSJ, Slater"
,τιμωρέω,4,4,4,"81379,89","0,0011","to be an avenger, exact","LSJ, Middle Liddell"
,πένομαι,4,4,4,"81383,89","0,0014","toil, work","LSJ, Middle Liddell, Autenrieth"
,δέον,64,0,4,"81387,89","0,0101","that which is binding, needful, right,","LSJ, Middle Liddell"
1.790,θνήσκω,4,4,4,"81391,89","0,0004","to die, be dying","Middle Liddell, Autenrieth"
,ὄκνος,7,3,4,"81395,89","0,0024","shrinking, hesitation,","LSJ, Middle Liddell, Autenrieth"
,στέρομαι,7,3,4,"81399,89","0,0025","to be without, lack, lose","LSJ, Middle Liddell"
,τραῦμα,4,4,4,"81403,89","0,0008","wound, hurt,","LSJ, Middle Liddell"
,δέησις,36,0,4,"81407,89","0,0079","entreaty,","LSJ, Middle Liddell"
,χειμών,4,4,4,"81411,89","0,0006","winter,","LSJ, Middle Liddell, Slater, Autenrieth"
,μισθωτός,4,4,4,"81415,89","0,002",hired,"LSJ, Middle Liddell"
,ἄμφω,4,4,4,"81419,89","0,0007","both,","LSJ, Middle Liddell, Slater, Autenrieth"
,φροντίζω,4,4,4,"81423,89","0,0007","consider, reflect, take thought,","LSJ, Middle Liddell"
,εὐχερής,4,4,4,"81427,89","0,0017",tolerant of,"LSJ, Middle Liddell"
1.800,ἄλλοθεν,4,4,4,"81431,89","0,0016",from another place,"LSJ, Middle Liddell, Autenrieth"
,στρατεία,7,3,4,"81435,89","0,0017","expedition, campaign","LSJ, Middle Liddell"
,συλλογίζομαι,4,4,4,"81439,89","0,0019","compute, reckon up","LSJ, Middle Liddell"
,τριάς,76,1,4,"81443,89","0,017","the number three, triad,","LSJ, Middle Liddell"
,ἐπιτίθημι,4,4,4,"81447,89","0,0005","lay, put","LSJ, Middle Liddell, Slater, Autenrieth"
,διότι,4,4,4,"81451,89","0,0011","because, for the reason that, since,","LSJ, Middle Liddell"
,ἀναλογίζομαι,4,4,4,"81455,89","0,002","reckon up, sum up,","LSJ, Middle Liddell"
,ὀλιγάκις,4,4,4,"81459,89","0,0022","but few times, seldom,","LSJ, Middle Liddell"
,ἄδηλος,4,4,4,"81463,89","0,0008","unseen, invisible","LSJ, Middle Liddell"
,ἀνωφελής,4,4,4,"81467,89","0,0018","unprofitable, useless,","LSJ, Middle Liddell"
1.810,συχνάζω,16,0,4,"81471,89","0,0063","to be frequent, do",LSJ
,ἀριστοκρατία,4,4,4,"81475,89","0,0022","rule of the best-born, aristocracy,","LSJ, Middle Liddell"
,παρέρχομαι,4,4,4,"81479,89","0,0005",ibo,"LSJ, Middle Liddell, Autenrieth"
,ἀνανεύω,4,4,4,"81483,89","0,002",throw the head back,"LSJ, Middle Liddell, Autenrieth"
,ἐγγύθεν,4,4,4,"81487,89","0,0017",from nigh at hand,"LSJ, Middle Liddell, Autenrieth"
,ταράσσω,4,4,4,"81491,89","0,0006","stir, trouble","LSJ, Middle Liddell, Slater, Autenrieth"
,παραβάλλω,4,4,4,"81495,89","0,0008",throw beside,"LSJ, Middle Liddell"
,φρόνημα,4,4,4,"81499,89","0,0009","mind, spirit,","LSJ, Middle Liddell"
,δακτύλιον,16,0,4,"81503,89","0,0066",[unavailable],LSJ
,ἔχθρα,36,0,4,"81507,89","0,0061","hatred, enmity","LSJ, Slater"
1.820,ἀναγκαστέος,4,4,4,"81511,89","0,0041","to be compelled,","LSJ, Middle Liddell"
,οἴκαδε,4,4,4,"81515,89","0,001","to one's house, home,","LSJ, Middle Liddell, Slater, Autenrieth"
,ἀναρχία,4,4,4,"81519,89","0,0019","lack of a leader,","LSJ, Middle Liddell"
,ἀπαγορεύω,4,4,4,"81523,89","0,001","forbid,","LSJ, Middle Liddell"
,ἀπορία,4,4,4,"81527,89","0,0007",being,"LSJ, Middle Liddell, Slater"
,κεφάλαιος,4,4,4,"81531,89","0,001",of the head,"LSJ, Middle Liddell, Slater"
,τεκτονικός,4,4,4,"81535,89","0,0026",practised,"LSJ, Middle Liddell"
,λαμπρός,4,4,4,"81539,89","0,0004","bright, radiant","LSJ, Middle Liddell, Slater, Autenrieth"
,εὐδαιμονίζω,4,4,4,"81543,89","0,0017",call,"LSJ, Middle Liddell"
,πραγματεία,4,4,4,"81547,89","0,0013","prosecution of business, diligent study,","LSJ, Middle Liddell"
1.830,ναύκληρος,4,4,4,"81551,89","0,0017",shipowner and merchant,"LSJ, Middle Liddell"
,διοράω,4,4,4,"81555,89","0,0025","see through, see clearly,","LSJ, Middle Liddell"
,ἐγκρατής,7,3,4,"81559,89","0,002",in possession of power,"LSJ, Middle Liddell"
,τίμημα,4,4,4,"81563,89","0,0017","honouring, tending","LSJ, Middle Liddell"
,εὔκολος,4,4,4,"81567,89","0,0015","easily satisfied, contented with one's food","LSJ, Middle Liddell"
,ἰατρεύω,4,4,4,"81571,89","0,0024","treat medically, cure","LSJ, Middle Liddell"
,παραμυθέομαι,4,4,4,"81575,89","0,0012","encourage, exhort","LSJ, Middle Liddell, Autenrieth"
,ἐξαιρέω,10,2,4,"81579,89","0,0013","take out,","LSJ, Middle Liddell, Slater, Autenrieth"
,καταντικρύ,4,4,4,"81583,89","0,0023",straight down from,"LSJ, Middle Liddell, Autenrieth"
,παιδευτέος,4,4,4,"81587,89","0,0044",to be educated,"LSJ, Middle Liddell"
1.840,Μεγιστώ,16,0,4,"81591,89","0,004",[unavailable],LSJ
,προσπίτνω,4,4,4,"81595,89","0,0007",fall upon,"LSJ, Middle Liddell"
,θέμις,4,4,4,"81599,89","0,0011",that which is laid down,"LSJ, Middle Liddell, Slater, Autenrieth"
,κερδαλέος,4,4,4,"81603,89","0,002","crafty, cunning","LSJ, Middle Liddell, Slater, Autenrieth"
,ἀφοράω,35,2,"3,98","81607,87","0,0053",look away from,"LSJ, Middle Liddell"
,χαλκοῦς,44,0,"3,92","81611,79","0,0069",copper coin,"LSJ, Middle Liddell"
,χάλκεος,44,0,"3,92","81615,71","0,0071",of copper,"LSJ, Middle Liddell, Slater, Autenrieth"
,ὥρα,28,0,"3,87","81619,57","0,0028",sūra.,LSJ
,ἰσάζω,23,0,"3,87","81623,44","0,0028","make equal, balance","LSJ, Middle Liddell, Autenrieth"
,ὥρα,28,0,"3,87","81627,31","0,0028","any period,","LSJ, Middle Liddell, Slater"
1.850,προστάτης,14,1,"3,83","81631,14","0,0049","one who stands before, front-rank man","LSJ, Middle Liddell"
,σημεῖον,11,2,"3,83","81634,97","0,0015",mark,"LSJ, Middle Liddell"
,φυλάζω,17,0,"3,83","81638,81","0,0019","form into tribes,","LSJ, Middle Liddell"
,κοσμέω,8,3,"3,83","81642,64","0,0008","order, arrange","LSJ, Middle Liddell, Slater, Autenrieth"
,γονάω,27,0,"3,83","81646,47","0,0045",[unavailable],LSJ
,μονάζω,34,0,"3,83","81650,31","0,0031","to be alone,",LSJ
,ἔτης,22,0,"3,83","81654,14","0,0023",clansmen,"LSJ, Middle Liddell, Autenrieth"
,γεωργία,8,3,"3,83","81657,97","0,0031",tillage,"LSJ, Middle Liddell"
,προστατέω,14,1,"3,83","81661,81","0,0053","ruleover, lord it over","LSJ, Middle Liddell"
,καρπόω,17,2,"3,83","81665,64","0,0032",bear fruit,"LSJ, Middle Liddell"
1.860,ῥέω,42,2,"3,83","81669,46","0,0047","flow, run, stream, gush","LSJ, Middle Liddell, Slater, Autenrieth"
,χρυσόω,36,0,"3,75","81673,21","0,006","make golden, gild,","LSJ, Middle Liddell"
,θύω,22,1,"3,73","81676,95","0,0027",offer by burning,"LSJ, Middle Liddell, Slater, Autenrieth"
,συμφύω,9,3,"3,67","81680,61","0,0032","make to grow together, unite","LSJ, Middle Liddell"
,ἀγορά,18,0,"3,67","81684,28","0,0026",assembly,"LSJ, Middle Liddell, Slater"
,καταστάζω,28,0,"3,67","81687,95","0,0067","shed, drip","LSJ, Middle Liddell"
,ἀγοράζω,18,0,"3,67","81691,61","0,0025",frequent the,"LSJ, Middle Liddell, Slater"
,ἀνδρειόω,20,0,"3,67","81695,28","0,0075","fill with courage,",LSJ
,ἀρκέω,18,0,"3,67","81698,95","0,0031","ward off, keep off,","LSJ, Middle Liddell, Slater, Autenrieth"
,ἄπορος,17,3,"3,65","81702,6","0,0034","without passage, having no way in, out,","LSJ, Middle Liddell, Slater"
1.870,οὔτι,232,0,"3,62","81706,22","0,0212",in no wise,"LSJ, Autenrieth"
,οὔτι,232,0,"3,62","81709,85","0,0212","not, I suppose . . , surely you do not mean that","LSJ, Middle Liddell"
,οὐτάζω,232,0,"3,62","81713,47","0,0253",to wound,"LSJ, Middle Liddell, Autenrieth"
,οὔτι,232,0,"3,62","81717,1","0,0212",not at all yet,LSJ
,οὐτάω,232,0,"3,62","81720,72","0,0255","wound, hurt, hit","LSJ, Middle Liddell"
,οὔτις,232,0,"3,62","81724,35","0,0211",no one,"LSJ, Middle Liddell, Slater, Autenrieth"
,οὐτίς,232,0,"3,62","81727,97","0,0211",[unavailable],LSJ
,φάρμακον,66,0,"3,62","81731,59","0,0103","drug,","LSJ, Middle Liddell, Slater, Autenrieth"
,πάρειμι,25,0,"3,62","81735,21","0,0038",ibo,"LSJ, Middle Liddell, Slater, Autenrieth"
,πάλη,90,0,"3,6","81738,81","0,0091",wrestling,"LSJ, Middle Liddell, Autenrieth"
1.880,πάλη,90,0,"3,6","81742,41","0,0091",the finest meal,LSJ
,πάλα,90,0,"3,6","81746,01","0,0091",nugget,"LSJ, Slater"
,ἄπειρος,44,0,"3,6","81749,61","0,0078",without trial,"LSJ, Middle Liddell, Slater"
,πάλαι,90,0,"3,6","81753,21","0,0096",long ago,"LSJ, Middle Liddell, Slater, Autenrieth"
,ἄπειρος,44,0,"3,6","81756,81","0,0078","boundless, infinite,","LSJ, Middle Liddell, Slater"
,δούλη,41,0,"3,58","81760,39","0,0118","female
            slave.",Autenrieth
,μάχη,30,0,"3,58","81763,98","0,0029","battle, combat","LSJ, Middle Liddell, Autenrieth"
,ὁμοιάζω,34,0,"3,58","81767,56","0,0041","to be like,","LSJ, Middle Liddell"
,ἐπιστάζω,42,0,"3,57","81771,13","0,0048",let fall in drops upon,"LSJ, Slater"
,φιλοτιμέομαι,11,1,"3,5","81774,63","0,0031",love,"LSJ, Middle Liddell"
1.890,πλήθω,14,0,"3,5","81778,13","0,0025","to be full,","LSJ, Middle Liddell, Slater, Autenrieth"
,βουλητός,14,0,"3,5","81781,63","0,0055",that is,"LSJ, Middle Liddell"
,πρεσβύτης,14,0,"3,5","81785,13","0,0035","age, seniority,","LSJ, Middle Liddell"
,θύμον,59,0,"3,5","81788,63","0,0068","Cretan thyme, Thymbra capitata","LSJ, Middle Liddell"
,τουτῶ,14,0,"3,5","81792,13","0,0069","from here, from there,",LSJ
,παιδαγωγός,8,2,"3,5","81795,63","0,0031",slave who went with a boy from home to school and back again,"LSJ, Middle Liddell"
,ἄχθομαι,5,3,"3,5","81799,13","0,0008","to be loaded,","LSJ, Middle Liddell, Autenrieth"
,πλειονάζω,14,0,"3,5","81802,63","0,002",have more than one meaning,LSJ
,μνήμων,5,3,"3,5","81806,13","0,003",mindful,"LSJ, Middle Liddell, Autenrieth"
,χώρα,14,0,"3,5","81809,63","0,0012",space,"LSJ, Middle Liddell, Slater"
1.900,διανέμω,5,3,"3,5","81813,13","0,0013",in D.,"LSJ, Middle Liddell, Slater"
,θείνω,14,0,"3,5","81816,63","0,0042",strike,"LSJ, Middle Liddell, Slater, Autenrieth"
,ὄφελος,14,0,"3,5","81820,13","0,0033","furtherance, advantage, help","LSJ, Middle Liddell, Autenrieth"
,διαμάχομαι,5,3,"3,5","81823,63","0,0017","fight, contend,","LSJ, Middle Liddell"
,πέτρα,8,2,"3,5","81827,13","0,0016",rock,"LSJ, Middle Liddell, Slater"
,ἀσφαλής,5,3,"3,5","81830,63","0,0006","not liable to fall, immovable, steadfast,","LSJ, Middle Liddell, Slater, Autenrieth"
,πίμπλημι,16,1,"3,5","81834,13","0,0015",fill,"LSJ, Middle Liddell, Slater, Autenrieth"
,ἐπείπερ,14,0,"3,5","81837,63","0,0053",seeing that,"LSJ, Middle Liddell, Autenrieth"
,λύκος,5,3,"3,5","81841,13","0,0016",wolf,"LSJ, Middle Liddell, Slater, Autenrieth"
,πλησιάζω,5,3,"3,5","81844,63","0,0013","bring near,","LSJ, Middle Liddell"
1.910,πρεσβύτης,14,0,"3,5","81848,13","0,0035",Aër.,LSJ
,διαλύω,5,3,"3,5","81851,63","0,0008","loose one from another, part asunder,","LSJ, Middle Liddell"
,ἱερόν,62,0,"3,5","81855,13","0,0059","sacrifice,
            victim","LSJ, Autenrieth"
,ἐθελοντής,14,0,"3,5","81858,63","0,0045",[unavailable],"LSJ, Middle Liddell"
,φθονέω,8,2,"3,5","81862,13","0,0012",bear ill-will,"LSJ, Middle Liddell, Slater, Autenrieth"
,φιλόνικος,20,0,"3,5","81865,63","0,0125","fond of victory, contentious.","LSJ, Slater"
,τῇδε,14,0,"3,5","81869,13","0,0036","here, thus","Middle Liddell, Autenrieth"
,χωράζω,14,0,"3,5","81872,63","0,0011","set up,",LSJ
,εἰκάζω,11,3,"3,5","81876,13","0,0013",represent by an image,"LSJ, Middle Liddell"
,ὀφελός,14,0,"3,5","81879,63","0,0031",[unavailable],LSJ
1.920,πλήρης,5,3,"3,5","81883,13","0,0011","full of,","LSJ, Middle Liddell"
,ἀηδής,5,3,"3,5","81886,63","0,0014","distasteful, nauseous","LSJ, Middle Liddell"
,συμβουλεύω,5,3,"3,5","81890,13","0,0012","advise, counsel","LSJ, Middle Liddell"
,τρισσός,14,0,"3,5","81893,63","0,0071","threefold,","LSJ, Middle Liddell, Slater"
,νεώτερος,14,0,"3,5","81897,13","0,0026","younger,","LSJ, Middle Liddell"
,σαφήνεια,8,2,"3,5","81900,63","0,0045","clearness, distinctness.","LSJ, Middle Liddell"
,ἰδιωτικός,8,2,"3,5","81904,13","0,0035",of,"LSJ, Middle Liddell"
,ἀσάω,14,0,"3,5","81907,63","0,0014","glut oneself, take a surfeit,",LSJ
,ὀδυνάω,8,2,"3,5","81911,13","0,0025",cause,"LSJ, Middle Liddell"
,λωβάομαι,5,3,"3,5","81914,63","0,0024","outrage, maltreat","LSJ, Middle Liddell, Autenrieth"
1.930,φθόνος,8,2,"3,5","81918,13","0,0012",ill-will,"LSJ, Middle Liddell, Slater"
,Πειθώ,19,0,"3,5","81921,63","0,0042",Persuasion,"LSJ, Middle Liddell, Slater"
,ἐπίσκεψις,5,3,"3,5","81925,13","0,0029","inspection, visitation","LSJ, Middle Liddell"
,μῖσος,8,2,"3,5","81928,63","0,0018","hate, hatred","LSJ, Middle Liddell"
,στρατοπεδεύω,5,3,"3,5","81932,13","0,0021","encamp, bivouac, take up a position","LSJ, Middle Liddell"
,ὑποπτεύω,5,3,"3,5","81935,63","0,0018","to be suspicious,","LSJ, Middle Liddell"
,ἔτος,19,0,"3,5","81939,13","0,0019",year,"LSJ, Middle Liddell, Slater, Autenrieth"
,δεσμώτης,5,3,"3,5","81942,63","0,0029","prisoner, captive,","LSJ, Middle Liddell"
,ἀνάρμοστος,5,3,"3,5","81946,13","0,0027","not fitting,","LSJ, Middle Liddell"
,καταγελάω,5,3,"3,5","81949,63","0,0011","laugh, jeer at","LSJ, Middle Liddell"
1.940,φιλόνεικος,20,0,"3,5","81953,13","0,0076","fond of strife, eager for strife, contentious","Middle Liddell, Slater"
,βοήθεια,5,3,"3,5","81956,63","0,0013","help, aid","LSJ, Middle Liddell"
,ζημία,14,0,"3,5","81960,13","0,004","loss, damage","LSJ, Middle Liddell"
,βιώσκομαι,14,0,"3,5","81963,63","0,0055","quicken, make","LSJ, Middle Liddell"
,ἐργασία,8,2,"3,5","81967,13","0,0026","work, business,","LSJ, Middle Liddell, Slater"
,ἀδυνατέω,24,0,"3,5","81970,63","0,0079",to be,"LSJ, Middle Liddell"
,ὕβρις,8,2,"3,5","81974,13","0,0011","wanton violence,","LSJ, Middle Liddell, Slater, Autenrieth"
,ἀποσκοπέω,5,3,"3,5","81977,63","0,0032",look away from,"LSJ, Middle Liddell"
,ὑπομιμνήσκω,5,3,"3,5","81981,13","0,0014",put,"LSJ, Middle Liddell, Autenrieth"
,συντείνω,5,3,"3,5","81984,63","0,0018","strain, draw tight, brace up","LSJ, Middle Liddell, Slater"
1.950,παντοῖος,5,3,"3,5","81988,13","0,0016",of all sorts,"LSJ, Middle Liddell, Slater, Autenrieth"
,ἑστίασις,5,3,"3,5","81991,63","0,0021","feasting, banqueting, entertainment,","LSJ, Middle Liddell"
,ζημιάζω,14,0,"3,5","81995,13","0,0039","damno,",LSJ
,διέξειμι,14,0,"3,5","81998,63","0,0034","ibo) go out through,","LSJ, Middle Liddell, Autenrieth"
,ἀνδραποδίζω,5,3,"3,5","82002,13","0,0025","enslave,","LSJ, Middle Liddell"
,κηλέω,13,2,"3,5","82005,63","0,0055","charm, bewitch, beguile","LSJ, Middle Liddell, Slater"
,ἀφαιρετέος,5,3,"3,5","82009,13","0,004",one must take away,Middle Liddell
,λύσις,5,3,"3,5","82012,63","0,0015","loosing, releasing, ransoming","LSJ, Middle Liddell, Slater, Autenrieth"
,εὐσχήμων,5,3,"3,5","82016,13","0,002","elegant in figure, mien and bearing, graceful","LSJ, Middle Liddell"
,δεσμός,29,1,"3,42","82019,54","0,0057","band, bond, anything for tying and fastening,","LSJ, Middle Liddell, Slater, Autenrieth"
1.960,ἀφροδισιάζω,32,1,"3,35","82022,89","0,0127",to indulge lust,Middle Liddell
,πῶμα,15,0,"3,33","82026,23","0,0062","drink, draught","LSJ, Middle Liddell"
,κρέας,6,3,"3,33","82029,56","0,0016","flesh, meat","LSJ, Middle Liddell, Slater, Autenrieth"
,μυρίος,17,1,"3,33","82032,89","0,002","numberless, countless, infinite","LSJ, Middle Liddell, Slater, Autenrieth"
,ἁμαρτία,6,3,"3,33","82036,23","0,0018","a failure, fault,","LSJ, Middle Liddell"
,τεχνόω,30,0,"3,33","82039,56","0,0116",instruct in an art,LSJ
,ἑλκέω,20,0,"3,33","82042,89","0,0051","drag about, tear asunder","LSJ, Middle Liddell, Autenrieth"
,ἀργύρεος,20,0,"3,33","82046,23","0,0048","of silver,","LSJ, Middle Liddell, Slater, Autenrieth"
,πάππος,6,3,"3,33","82049,56","0,0022",grandfather,"LSJ, Middle Liddell"
,γυμνός,12,1,"3,33","82052,89","0,002","naked, unclad,","LSJ, Middle Liddell, Slater, Autenrieth"
1.970,ἀκμάζω,6,3,"3,33","82056,23","0,0012","to be in full bloom, at the prime","LSJ, Middle Liddell"
,πῶμα,15,0,"3,33","82059,56","0,0062","lid, cover","LSJ, Middle Liddell, Autenrieth"
,ἄγγελος,6,3,"3,33","82062,89","0,0015","messenger, envoy","LSJ, Middle Liddell, Slater, Autenrieth"
,ὁμολογία,6,3,"3,33","82066,23","0,0021","agreement,","LSJ, Middle Liddell"
,σκυτοτομέω,14,2,"3,33","82069,56","0,0085",cut leather,"LSJ, Middle Liddell"
,δόκος,121,0,"3,32","82072,88","0,0147",[unavailable],LSJ
,δοκός,121,0,"3,32","82076,2","0,0147","bearing-beam, main beam,","LSJ, Middle Liddell, Autenrieth"
,ψεῦδις,33,0,"3,28","82079,48","0,007",deceitful,"LSJ, Middle Liddell, Slater"
,σκευάζω,16,2,"3,25","82082,73","0,0047","prepare, make ready","LSJ, Middle Liddell"
,ἁρπάζω,7,3,"3,25","82085,98","0,0011","snatch away, carry off,","LSJ, Middle Liddell, Slater, Autenrieth"
1.980,ὕπνος,27,0,"3,25","82089,23","0,0045","sleep, slumber,","LSJ, Middle Liddell, Slater, Autenrieth"
,λήθη,14,1,"3,2","82092,43","0,0028","forgetting, forgetfulness","LSJ, Middle Liddell, Autenrieth"
,ὀπίζω,17,0,"3,2","82095,63","0,0033","extract juice from,",LSJ
,ψευδής,34,0,"3,2","82098,83","0,0059","lying, false, untrue,","LSJ, Middle Liddell, Slater, Autenrieth"
,θεία,49,0,"3,19","82102,02","0,0091",one's father's,LSJ
,ἀγρέω,42,0,"3,17","82105,19","0,0073","take, seize","LSJ, Middle Liddell"
,ἀργός,27,0,"3,17","82108,36","0,0056","not working the ground,","LSJ, Middle Liddell"
,ὁσιόω,16,0,"3,17","82111,52","0,0054","make holy,","LSJ, Middle Liddell"
,συμφορά,22,0,"3,17","82114,69","0,0031","bringing together, collecting","LSJ, Middle Liddell, Slater"
,συμφοράζω,22,0,"3,17","82117,86","0,0033",bewail,LSJ
1.990,ἐνδέω,16,0,"3,17","82121,02","0,003",fall short,"LSJ, Middle Liddell"
,ὁσία,16,0,"3,17","82124,19","0,0049","divine law,","LSJ, Middle Liddell, Slater"
,σκοτόω,16,2,"3,17","82127,36","0,0056","darken, blind","LSJ, Middle Liddell"
,στάζω,26,0,"3,17","82130,52","0,004","drop, let fall","LSJ, Middle Liddell, Slater, Autenrieth"
,ἀργός,27,0,"3,17","82133,69","0,0056","shining, glistening,","LSJ, Middle Liddell, Autenrieth"
,σκοπός,16,2,"3,17","82136,86","0,0038","one that watches, one that looks about","LSJ, Middle Liddell, Slater, Autenrieth"
,διπλάσιος,17,0,"3,08","82139,94","0,0054","twofold, double,","LSJ, Middle Liddell"
,ἱερεύς,40,1,"3,03","82142,97","0,0052","priest, sacrificer, diviner","LSJ, Middle Liddell, Slater, Autenrieth"
,νομάζω,96,0,"3,03","82146,01","0,0138","graze,",LSJ
,ἐπονομάζω,3,3,3,"82149,01","0,0011",apply,"LSJ, Middle Liddell"
2.000,προσβλέπω,3,3,3,"82152,01","0,0012",look at,"LSJ, Middle Liddell"
,μνημεῖον,3,3,3,"82155,01","0,0012","memorial, remembrance, record","LSJ, Middle Liddell"
,ἀληθεύω,3,3,3,"82158,01","0,0012",speak truth,"LSJ, Middle Liddell"
,νύκτωρ,3,3,3,"82161,01","0,0007","by night,","LSJ, Middle Liddell"
,σκοτώδης,3,3,3,"82164,01","0,0025",dark,"LSJ, Middle Liddell"
,στρεβλόω,3,3,3,"82167,01","0,0013",twist,"LSJ, Middle Liddell"
,ἀνίστημι,3,3,3,"82170,01","0,0003","make to stand up, raise up,","LSJ, Middle Liddell, Autenrieth"
,ὁπόσος,3,3,3,"82173,01","0,0006","as many, as many as . . ,","LSJ, Middle Liddell, Slater, Autenrieth"
,ἀφανίζω,3,3,3,"82176,01","0,0007","make unseen, hide,","LSJ, Middle Liddell"
,βαίνω,11,2,3,"82179,01","0,0019","walk, step,","LSJ, Middle Liddell, Slater, Autenrieth"
2.010,πήγνυμι,6,2,3,"82182,01","0,0011",Aër.,"LSJ, Middle Liddell, Autenrieth"
,ἔργω,3,3,3,"82185,01","0,0007","shut in,","LSJ, Middle Liddell, Middle Liddell, Autenrieth"
,φυγή,6,2,3,"82188,01","0,0007",flight,"LSJ, Middle Liddell, Autenrieth"
,αἰδώς,12,0,3,"82191,01","0,0023","reverence, awe, respect","LSJ, Middle Liddell, Slater, Autenrieth"
,θεραπευτής,3,3,3,"82194,01","0,002","one who serves the gods, worshipper","LSJ, Middle Liddell"
,ἀνεπιστημοσύνη,3,3,3,"82197,01","0,0027","want of knowledge, ignorance, unskilfulness,","LSJ, Middle Liddell"
,πέρ,3,3,3,"82200,01","0,0007",all,"Middle Liddell, Autenrieth"
,συναρμόζω,3,3,3,"82203,01","0,001",to fit together,"LSJ, Middle Liddell, Slater"
,παναρμόνιος,3,3,3,"82206,01","0,0024",embracing all modes,"LSJ, Middle Liddell"
,ἀσχημοσύνη,3,3,3,"82209,01","0,0019","want of form,","LSJ, Middle Liddell"
2.020,ἑπέτης,12,0,3,"82212,01","0,0041","follower, attendant,",LSJ
,πεσσευτικός,3,3,3,"82215,01","0,003",skilled in draught-playing,"LSJ, Middle Liddell"
,εὐεξία,3,3,3,"82218,01","0,0015","good habit of body, good health","LSJ, Middle Liddell"
,ἀναλωτικός,3,3,3,"82221,01","0,0036","expensive, spend-thrift,","LSJ, Middle Liddell"
,ἐγκριτέος,3,3,3,"82224,01","0,0036",one must admit,Middle Liddell
,συνήθεια,3,3,3,"82227,01","0,0008","habitual intercourse, acquaintance, intimacy","LSJ, Middle Liddell"
,κόσμος,3,3,3,"82230,01","0,0003",order,"LSJ, Middle Liddell, Slater, Autenrieth"
,πειθός,17,0,3,"82233,01","0,0038",[unavailable],"LSJ, Middle Liddell"
,κωμῳδία,3,3,3,"82236,01","0,0011",comedy,"LSJ, Middle Liddell"
,ὑποκριτής,3,3,3,"82239,01","0,0011",one who answers:,"LSJ, Middle Liddell"
2.030,μέλι,3,3,3,"82242,01","0,0009",honey,"LSJ, Middle Liddell, Slater, Autenrieth"
,ἀγύμναστος,3,3,3,"82245,01","0,0018","unexercised, untrained","LSJ, Middle Liddell"
,χαλινός,3,3,3,"82248,01","0,001","bit,","LSJ, Middle Liddell, Slater, Autenrieth"
,ἀναβλέπω,3,3,3,"82251,01","0,0013","look up,","LSJ, Middle Liddell"
,συμμίγνυμι,3,3,3,"82254,01","0,0008","to mix together, commingle",Middle Liddell
,ἀποκλείω,3,3,3,"82257,01","0,0008",shut off from,"LSJ, Middle Liddell"
,ἐνδύω,3,3,3,"82260,01","0,0008","go into,","LSJ, Middle Liddell"
,τιμητέος,3,3,3,"82263,01","0,0023","to be honoured, valued","LSJ, Middle Liddell"
,ἀφροσύνη,3,3,3,"82266,01","0,0012","folly, thoughtlessness,","LSJ, Middle Liddell, Autenrieth"
,εὐάρμοστος,3,3,3,"82269,01","0,0017","well-joined, harmonious","LSJ, Middle Liddell"
2.040,διασπάω,3,3,3,"82272,01","0,0009","tear asunder,","LSJ, Middle Liddell"
,ῥήτωρ,3,3,3,"82275,01","0,0005",public speaker,"LSJ, Middle Liddell"
,ἄνεσις,3,3,3,"82278,01","0,0012","loosening, relaxing,","LSJ, Middle Liddell"
,κατακλίνω,3,3,3,"82281,01","0,001",lay down,"LSJ, Middle Liddell, Autenrieth"
,τέμνω,12,0,3,"82284,01","0,0024",ā-cāmati,LSJ
,ἔννομος,3,3,3,"82287,01","0,0014","ordained by law, lawful, legal,","LSJ, Middle Liddell, Slater"
,λῆψις,3,3,3,"82290,01","0,0014","taking hold, seizing, catching","LSJ, Middle Liddell"
,φρουρέω,6,2,3,"82293,01","0,0015",keep watch,"LSJ, Middle Liddell"
,ῥέπω,3,3,3,"82296,01","0,0012","turn the scale, sink","LSJ, Middle Liddell, Slater, Autenrieth"
,νεωτερισμός,3,3,3,"82299,01","0,0015",attempt to change,"LSJ, Middle Liddell"
2.050,δίφρος,3,3,3,"82302,01","0,0011","chariot-board,","LSJ, Middle Liddell, Slater, Autenrieth"
,καπνός,3,3,3,"82305,01","0,0009",smoke,"LSJ, Middle Liddell, Slater, Autenrieth"
,οὔποτε,3,3,3,"82308,01","0,001",never.,Autenrieth
,φθείρω,3,3,3,"82311,01","0,0007",destroy,"LSJ, Middle Liddell, Slater, Autenrieth"
,προδίδωμι,3,3,3,"82314,01","0,0006","give beforehand, pay in advance,","LSJ, Middle Liddell"
,σκυτοτομία,3,3,3,"82317,01","0,004",shoemaking,"LSJ, Middle Liddell"
,εἰσάγω,3,3,3,"82320,01","0,0005",lead in,"LSJ, Middle Liddell, Autenrieth"
,ἀποτυγχάνω,3,3,3,"82323,01","0,0011",fail in hitting,"LSJ, Middle Liddell"
,τεκμήριον,3,3,3,"82326,01","0,0007",sure sign,"LSJ, Middle Liddell"
,αὐτίκα,3,3,3,"82329,01","0,0005","forthwith, at once, in a moment,","LSJ, Middle Liddell, Slater, Autenrieth"
2.060,τυφλόω,9,1,3,"82332,01","0,003","blind, make blind,","LSJ, Middle Liddell, Slater"
,γελωτοποιέω,6,2,3,"82335,01","0,0039","to create, make laughter","LSJ, Middle Liddell"
,μελέτη,17,0,3,"82338,01","0,0044","care, attention","LSJ, Middle Liddell"
,ἄγροικος,3,3,3,"82341,01","0,001",dwelling in the fields,"LSJ, Middle Liddell"
,φυλακτέος,3,3,3,"82344,01","0,0016","to be observed,","LSJ, Middle Liddell"
,διαμιλλάομαι,3,3,3,"82347,01","0,0019","contend hotly, strive earnestly,","LSJ, Middle Liddell"
,οἴχομαι,6,2,3,"82350,01","0,0009",go,"LSJ, Middle Liddell, Slater, Autenrieth"
,κατατείνω,3,3,3,"82353,01","0,0014","stretch, draw tight","LSJ, Middle Liddell"
,κόπτω,3,3,3,"82356,01","0,0007","cut, strike","LSJ, Middle Liddell, Autenrieth"
,παῦλα,3,3,3,"82359,01","0,0018","rest, pause","LSJ, Middle Liddell"
2.070,αὔξη,12,0,3,"82362,01","0,0066","dimension,","LSJ, Middle Liddell"
,τύπτω,3,3,3,"82365,01","0,0007","beat, strike, smite,","LSJ, Middle Liddell, Slater, Autenrieth"
,πολυπραγμοσύνη,3,3,3,"82368,01","0,0018","curiosity, officiousness, meddlesomeness,","LSJ, Middle Liddell"
,θύμος,57,0,3,"82371,01","0,0066",[unavailable],LSJ
,καθεύδω,3,3,3,"82374,01","0,0006","lie down to sleep, sleep","LSJ, Middle Liddell, Autenrieth"
,ἐλλόγιμος,3,3,3,"82377,01","0,0017",held in account,"LSJ, Middle Liddell"
,τελέω,22,0,3,"82380,01","0,002","fulfil, accomplish, execute, perform","LSJ, Middle Liddell, Slater, Autenrieth"
,τρυφάω,12,2,3,"82383,01","0,0023","live softly, luxuriously, fare sumptuously,","LSJ, Middle Liddell"
,πνεῦμα,6,2,3,"82386,01","0,0009","blast, wind,","LSJ, Middle Liddell"
,ἀθροίζω,3,3,3,"82389,01","0,0007","gather together, collect, muster","LSJ, Middle Liddell"
2.080,μηνύω,3,3,3,"82392,01","0,0008","disclose what is secret, reveal","LSJ, Middle Liddell"
,ἀνόνητος,3,3,3,"82395,01","0,0015","unprofitable,","LSJ, Middle Liddell"
,πειστέος,12,0,3,"82398,01","0,0071",one must persuade,Middle Liddell
,ἀποκωλύω,3,3,3,"82401,01","0,0018",hinder,"LSJ, Middle Liddell"
,παρακελεύομαι,3,3,3,"82404,01","0,0008",recommend,"LSJ, Middle Liddell"
,ἐντός,27,0,3,"82407,01","0,0042","within, inside,",LSJ
,ἐπῳδή,3,3,3,"82410,01","0,0014",song sung to,"LSJ, Middle Liddell"
,προσομιλέω,3,3,3,"82413,01","0,0016","hold intercourse with, associate with","LSJ, Middle Liddell"
,θανατάω,22,0,3,"82416,01","0,0033",desire to die,"LSJ, Middle Liddell"
,ἁμιλλάομαι,3,3,3,"82419,01","0,0009","compete, vie, contend,","LSJ, Middle Liddell, Slater"
2.090,νυνί,3,3,3,"82422,01","0,0008","now, at this moment,","LSJ, Middle Liddell"
,ἐμμένω,3,3,3,"82425,01","0,0007",abide in,"LSJ, Middle Liddell"
,κλινοποιός,3,3,3,"82428,01","0,0036",maker of beds,"LSJ, Middle Liddell"
,ἔντεα,27,0,3,"82431,01","0,0041","fighting gear, arms, armour,","LSJ, Middle Liddell, Autenrieth"
,γοητεία,3,3,3,"82434,01","0,0015","witchcraft, jugglery","LSJ, Middle Liddell"
,σκοτεινός,3,3,3,"82437,01","0,0013",dark,"LSJ, Middle Liddell, Slater"
,ἐντός,27,0,3,"82440,01","0,0042","within, inside","Middle Liddell, Autenrieth"
,ποθεν,27,0,3,"82443,01","0,004",from some place,Middle Liddell
,συμφυλάσσω,3,3,3,"82446,01","0,0024",keep guard along with,"LSJ, Middle Liddell"
,ἔννοος,27,0,3,"82449,01","0,0151","thoughlful, shrewd, sensible,",LSJ
2.100,ἀτάρ,3,3,3,"82452,01","0,0008","but, nevertheless,","LSJ, Middle Liddell, Slater, Autenrieth"
,βλάβη,14,1,3,"82455,01","0,0041","harm, damage","LSJ, Middle Liddell"
,αἰδέομαι,3,3,3,"82458,01","0,0005",to be ashamed,"LSJ, Middle Liddell, Slater, Autenrieth"
,μισθαρνητικός,3,3,3,"82461,01","0,0036",of,"LSJ, Middle Liddell"
,παμπόνηρος,3,3,3,"82464,01","0,002",thoroughly depraved,"LSJ, Middle Liddell"
,γραῦς,3,3,3,"82467,01","0,0012",old woman,"LSJ, Middle Liddell"
,δεσμωτήριον,3,3,3,"82470,01","0,001","prison,","LSJ, Middle Liddell"
,διέχω,12,0,3,"82473,01","0,0031",keep apart,"LSJ, Middle Liddell, Autenrieth"
,ὑπόκειμαι,3,3,3,"82476,01","0,0007","lie under,","LSJ, Middle Liddell, Slater"
,ἐρημία,3,3,3,"82479,01","0,0008","a solitude, desert, wilderness,","LSJ, Middle Liddell"
2.110,προβαίνω,11,2,3,"82482,01","0,0025","step forward, advance,","LSJ, Middle Liddell, Slater, Autenrieth"
,ἀπόκρισις,3,3,3,"82485,01","0,001",a separating,Middle Liddell
,θέρος,3,3,3,"82488,01","0,0008",summer,"LSJ, Middle Liddell, Slater, Autenrieth"
,πάγκαλος,3,3,3,"82491,01","0,0015",all,"LSJ, Middle Liddell"
,παράπαν,3,3,3,"82494,01","0,001","altogether, absolutely","LSJ, Middle Liddell"
,ἐρώτημα,3,3,3,"82497,01","0,0015","that which is asked, question,","LSJ, Middle Liddell"
,ἀγριαίνω,3,3,3,"82500,01","0,0017",to be,"LSJ, Middle Liddell"
,προσαναγκάζω,3,3,3,"82503,01","0,0017",force,"LSJ, Middle Liddell"
,μητρίς,9,1,3,"82506,01","0,0023",one's mother country,"LSJ, Middle Liddell"
,μισθωτικός,3,3,3,"82509,01","0,004",of,"LSJ, Middle Liddell"
2.120,ψόγος,6,2,3,"82512,01","0,002","blamable fault, blemish, flaw,","LSJ, Middle Liddell, Slater"
,θύμος,57,0,3,"82515,01","0,0066",warty excrescence,LSJ
,ἐκκαίω,3,3,3,"82518,01","0,0013","burn out,","LSJ, Middle Liddell"
,τέλλω,22,0,3,"82521,01","0,0034",accomplish,"LSJ, Middle Liddell, Slater"
,φλυαρία,3,3,3,"82524,01","0,0015","nonsense, foolery,","LSJ, Middle Liddell"
,ἡδέως,12,0,3,"82527,01","0,0023",[unavailable],"LSJ, Middle Liddell"
,δυσκολία,3,3,3,"82530,01","0,0016","discontent, peevishness","LSJ, Middle Liddell"
,εἰσθέω,12,0,3,"82533,01","0,0028",run into,"LSJ, Middle Liddell"
,παραφέρω,3,3,3,"82536,01","0,0011",bring to,"LSJ, Middle Liddell"
,ἐξελέγχω,3,3,3,"82539,01","0,0008","convict, confute, refute,","LSJ, Middle Liddell, Slater"
2.130,βαρβαρικός,3,3,3,"82542,01","0,001","barbaric, non-Greek,","LSJ, Middle Liddell"
,διισχυρίζομαι,3,3,3,"82545,01","0,0019","to lean upon, rely on",Middle Liddell
,σκυτικός,3,3,3,"82548,01","0,0027",skilled in shoemaking,"LSJ, Middle Liddell"
,εἰκασία,3,3,3,"82551,01","0,0022","likeness, representation","LSJ, Middle Liddell"
,ἔμφρων,3,3,3,"82554,01","0,001",in one's mind,"LSJ, Middle Liddell, Slater"
,ἐσθλός,3,3,3,"82557,01","0,001",good,"LSJ, Middle Liddell, Autenrieth"
,εὔβουλος,3,3,3,"82560,01","0,002","well-advised, prudent","LSJ, Middle Liddell, Slater"
,θέαμα,3,3,3,"82563,01","0,0008","sight, spectacle","LSJ, Middle Liddell"
,θητεύω,3,3,3,"82566,01","0,0018",to be a serf,"LSJ, Middle Liddell, Autenrieth"
,δυνάστης,3,3,3,"82569,01","0,0011","lord, master, ruler","LSJ, Middle Liddell"
2.140,στέργω,3,3,3,"82572,01","0,0009","love, feel affection","LSJ, Middle Liddell, Slater"
,ὅποι,3,3,3,"82575,01","0,0009","to which place, whither,","LSJ, Middle Liddell"
,κατακλύζω,3,3,3,"82578,01","0,0014","deluge, inundate","LSJ, Middle Liddell, Slater"
,πάρεργος,12,0,3,"82581,01","0,0036","beside the main subject, subordinate, incidental",LSJ
,ἐξηγητής,6,2,3,"82584,01","0,0029","one who leads on, adviser,","LSJ, Middle Liddell"
,πειστέον,12,0,3,"82587,01","0,0071",one must persuade,LSJ
,περιάγω,3,3,3,"82590,01","0,001",lead,"LSJ, Middle Liddell"
,μειράκιον,3,3,3,"82593,01","0,0006","lad, stripling","LSJ, Middle Liddell"
,μένος,9,1,3,"82596,01","0,0018","might, force","LSJ, Middle Liddell, Slater, Autenrieth"
,μόνιμος,3,3,3,"82599,01","0,0013","staying in one's place, stable","LSJ, Middle Liddell"
2.150,ὄπισθεν,12,0,3,"82602,01","0,0035","behind, at the back,","LSJ, Middle Liddell, Slater"
,ἁπαλός,3,3,3,"82605,01","0,001","soft to the touch, tender","LSJ, Middle Liddell, Autenrieth"
,ἐκεῖθεν,3,3,3,"82608,01","0,0005","from that place, thence,","LSJ, Middle Liddell"
,ἐπινεύω,3,3,3,"82611,01","0,0013",—nod to,"LSJ, Middle Liddell, Slater, Autenrieth"
,ὑπομένω,3,3,3,"82614,01","0,0004","stay behind,","LSJ, Middle Liddell, Slater, Autenrieth"
,ἐραστής,12,0,3,"82617,01","0,0031","lover,","LSJ, Middle Liddell"
,βρῶμα,3,3,3,"82620,01","0,0015","that which is eaten, food, meat","LSJ, Middle Liddell"
,σπήλαιον,3,3,3,"82623,01","0,0015","grotto, cavern","LSJ, Middle Liddell"
,ἀπαγγέλλω,3,3,3,"82626,01","0,0005","bring tidings, report,","LSJ, Middle Liddell, Slater, Autenrieth"
,εὐμάθεια,3,3,3,"82629,01","0,0022","readiness in learning, docility","LSJ, Middle Liddell"
2.160,ἀκρίβεια,3,3,3,"82632,01","0,0011","exactness, precision","LSJ, Middle Liddell"
,καίπερ,3,3,3,"82635,01","0,0006",even,"LSJ, Middle Liddell, Slater"
,ἐκλεκτέος,3,3,3,"82638,01","0,0033","to be picked out, selected,",LSJ
,ἀργία,3,3,3,"82641,01","0,0012","want of employment,","LSJ, Middle Liddell"
,ἔνδον,12,0,3,"82644,01","0,0022",within,"LSJ, Middle Liddell, Slater, Autenrieth"
,ἄρκεσις,12,0,3,"82647,01","0,0053","help, aid,","LSJ, Middle Liddell"
,πόθεν,27,0,3,"82650,01","0,004",whence?,"LSJ, Middle Liddell, Slater, Autenrieth"
,πολεμίζω,27,0,3,"82653,01","0,0037","wage war, fight,","LSJ, Middle Liddell, Slater, Autenrieth"
,ἀγεννής,3,3,3,"82656,01","0,0007",low-born,"LSJ, Middle Liddell"
,πρίαμαι,3,3,3,"82659,01","0,0008",buy;,"LSJ, Middle Liddell, Slater"
2.170,ἥμισυς,9,1,3,"82662,01","0,0022",half,"LSJ, Middle Liddell, Slater, Autenrieth"
,δίψα,30,0,3,"82665,01","0,0118","thirst,","LSJ, Middle Liddell, Slater, Autenrieth"
,θηριόω,22,0,3,"82668,01","0,0051",make into a wild beast,"LSJ, Middle Liddell"
,θυμός,57,0,3,"82671,01","0,0066","soul, spirit","LSJ, Middle Liddell, Slater, Autenrieth"
,ἔννους,27,0,3,"82674,01","0,0127","thoughtful, intelligent, sensible",Middle Liddell
,ὀρέγω,3,3,3,"82677,01","0,0006","reach, stretch, stretch out,","LSJ, Middle Liddell, Slater"
,κατάκειμαι,3,3,3,"82680,01","0,0009",lie down,"LSJ, Middle Liddell, Slater, Autenrieth"
,σχολάζω,12,0,3,"82683,01","0,0023",to have leisure,"LSJ, Middle Liddell"
,πολλαχοῦ,3,3,3,"82686,01","0,001","in many places,","LSJ, Middle Liddell"
,μεθύσκω,3,3,3,"82689,01","0,0011","make drunk, intoxicate","LSJ, Middle Liddell"
2.180,εὐήθεια,3,3,3,"82692,01","0,0015","goodness of heart, guilelessness","LSJ, Middle Liddell"
,φοβερός,3,3,3,"82695,01","0,0004","fearful,","LSJ, Middle Liddell"
,φυτεύω,3,3,3,"82698,01","0,0009","of the thing planted, plant","LSJ, Middle Liddell, Slater, Autenrieth"
,δεσποτέω,12,0,3,"82701,01","0,0019","to be despotically ruled,","LSJ, Middle Liddell"
,ἡσύχιος,12,0,3,"82704,01","0,0056","still, quiet, at rest","LSJ, Middle Liddell, Slater, Autenrieth"
,σκληρότης,3,3,3,"82707,01","0,0017",hardness,"LSJ, Middle Liddell"
,σμῆνος,3,3,3,"82710,01","0,0015",beehive,"LSJ, Middle Liddell"
,συναμφότεροι,3,3,3,"82713,01","0,0016",both together,"LSJ, Middle Liddell"
,κατανοέω,3,3,3,"82716,01","0,0009","observe well, understand, apprehend","LSJ, Middle Liddell"
,πεῖνα,22,0,3,"82719,01","0,0097","hunger, famine","LSJ, Middle Liddell"
2.190,ποικιλία,12,0,3,"82722,01","0,006","marking with various colours, embroidering,","LSJ, Middle Liddell"
,σκιαγραφέω,3,3,3,"82725,01","0,0024",paint with the shadows,"LSJ, Middle Liddell"
,πραύνω,3,3,3,"82728,01","0,0013","to make soft, mild","Middle Liddell, Slater"
,τεῖχος,3,3,3,"82731,01","0,0004",wall,"LSJ, Middle Liddell, Slater, Autenrieth"
,ἄφθονος,3,3,3,"82734,01","0,0007",without envy:,"LSJ, Middle Liddell, Slater"
,ἔσθω,27,0,3,"82737,01","0,007","eat,","LSJ, Middle Liddell, Autenrieth"
,μετατίθημι,6,2,3,"82740,01","0,0017",place among,"LSJ, Middle Liddell, Autenrieth"
,προσκυνέω,3,3,3,"82743,01","0,0008",make obeisance,"LSJ, Middle Liddell"
,σωματόω,12,0,3,"82746,01","0,0025",make corporeal,LSJ
,κολακεύω,3,3,3,"82749,01","0,0009",to be a flatterer,"LSJ, Middle Liddell"
2.200,παρανομία,3,3,3,"82752,01","0,0013","transgression of law, decency","LSJ, Middle Liddell"
,ἐπίχειρον,9,1,3,"82755,01","0,0038","arm,","LSJ, Middle Liddell, Slater"
,αἰδώ,12,0,3,"82758,01","0,0023",[unavailable],LSJ
,καρδία,12,0,3,"82761,01","0,0031",heart,"LSJ, Middle Liddell, Slater"
,ἀποδημέω,3,3,3,"82764,01","0,0009","to be away from home, be abroad","LSJ, Middle Liddell"
,ἐραστός,12,0,3,"82767,01","0,0031","beloved, lovely,","LSJ, Middle Liddell"
,ἀγωγή,12,0,3,"82770,01","0,0041",carrying away,"LSJ, Middle Liddell"
,δεσπόζω,3,3,3,"82773,01","0,0016",to be lord,"LSJ, Middle Liddell"
,ἀκολασταίνω,3,3,3,"82776,01","0,0018",to be licentious,"LSJ, Middle Liddell"
,προὔργου,3,3,3,"82779,01","0,0015",serving for,"LSJ, Middle Liddell"
2.210,ἀσθενέω,12,0,3,"82782,01","0,0025","to be weak, feeble, sickly",Middle Liddell
,ἀποκρύπτω,3,3,3,"82785,01","0,0006","hide from, keep hidden from,","LSJ, Middle Liddell, Autenrieth"
,κείρω,3,3,3,"82788,01","0,0009",kṛṇā´ti,"LSJ, Middle Liddell, Slater, Autenrieth"
,ἐνθένδε,3,3,3,"82791,01","0,001","hence,","LSJ, Middle Liddell"
,ὑποκορίζομαι,3,3,3,"82794,01","0,0018","call by endearing names,","LSJ, Middle Liddell"
,φανερόω,12,0,3,"82797,01","0,0026","make manifest,","LSJ, Middle Liddell"
,εὐμαθής,3,3,3,"82800,01","0,0019",ready,"LSJ, Middle Liddell"
,εὔρυθμος,3,3,3,"82803,01","0,0016",rhythmical,"LSJ, Middle Liddell"
,χαλέπτω,12,0,3,"82806,01","0,0034","oppress, crush,","LSJ, Middle Liddell, Autenrieth"
,προσδέχομαι,3,3,3,"82809,01","0,0007","receive favourably, accept","LSJ, Middle Liddell, Autenrieth"
2.220,ἀκήρατος,3,3,3,"82812,01","0,0014","undefiled, pure","LSJ, Middle Liddell, Slater, Autenrieth"
,θεσπέσιος,3,3,3,"82815,01","0,0015","divinely sounding, divinely sweet","LSJ, Middle Liddell, Slater, Autenrieth"
,θρηνώδης,3,3,3,"82818,01","0,0025","like a dirge, fit for a dirge",Middle Liddell
,ὀνειρώσσω,3,3,3,"82821,01","0,0022","dream,",LSJ
,καταβάλλω,3,3,3,"82824,01","0,0005","throw down, overthrow","LSJ, Middle Liddell, Autenrieth"
,ἀποκάμνω,3,3,3,"82827,01","0,0018","grow quite weary, fail, flag utterly,","LSJ, Middle Liddell"
,μηδέποτε,3,3,3,"82830,01","0,0008",never,"LSJ, Middle Liddell"
,στέγω,3,3,3,"82833,01","0,001","cover closely, so as to keep","LSJ, Middle Liddell, Slater"
,ἀνερωτάω,3,3,3,"82836,01","0,0018","question,","LSJ, Middle Liddell, Autenrieth"
,ῥητέος,3,3,3,"82839,01","0,0015",one must mention,Middle Liddell
2.230,πανήγυρις,3,3,3,"82842,01","0,001",general,"LSJ, Middle Liddell"
,τέμνω,12,0,3,"82845,01","0,0024",cut,"LSJ, Middle Liddell, Autenrieth"
,ἀριστερός,3,3,3,"82848,01","0,0008","left, on the left,","LSJ, Middle Liddell, Autenrieth"
,πέτομαι,3,3,3,"82851,01","0,0009",fly,"LSJ, Middle Liddell, Autenrieth"
,παρακλητικός,3,3,3,"82854,01","0,0025",stimulating,"LSJ, Middle Liddell"
,ἀχρηστία,3,3,3,"82857,01","0,0028","uselessness, unfitness,","LSJ, Middle Liddell"
,ποικιλίας,12,0,3,"82860,01","0,006","fish,",LSJ
,μανικός,3,3,3,"82863,01","0,0012",of,"LSJ, Middle Liddell"
,πρόγονος,6,2,3,"82866,01","0,0014","early-born,","LSJ, Middle Liddell, Slater, Autenrieth"
,προτείνω,3,3,3,"82869,01","0,0008","stretch out before, hold before","LSJ, Middle Liddell"
2.240,νόμισμα,3,3,3,"82872,01","0,0009",anything sanctioned by current,"LSJ, Middle Liddell"
,ἀνδριάς,3,3,3,"82875,01","0,0008","image of a man, statue,","LSJ, Middle Liddell, Slater"
,ἴλαος,3,3,3,"82878,01","0,001","propitious, gracious",Middle Liddell
,πάρεργον,12,0,3,"82881,01","0,0036","a bye-work, subordinate",Middle Liddell
,ἀποβάλλω,3,3,3,"82884,01","0,0006","throw off,","LSJ, Middle Liddell"
,τιμοκρατικός,3,3,3,"82887,01","0,0036",of,"LSJ, Middle Liddell"
,νεάζω,269,0,"2,99",82890,"0,0264",to be young,"LSJ, Middle Liddell"
,γραφεύς,22,1,"2,95","82892,95","0,004",painter,"LSJ, Middle Liddell"
,ἰάζω,146,0,"2,94","82895,89","0,0223",[unavailable],LSJ
,ἰάζω,146,0,"2,94","82898,82","0,0223",cry aloud,LSJ
2.250,ἰάζω,146,0,"2,94","82901,76","0,0223",to be of a violet colour,LSJ
,σιγάω,15,1,"2,92","82904,68","0,0032",keep silence,"LSJ, Middle Liddell, Slater, Autenrieth"
,μυθέω,18,0,"2,92","82907,59","0,0046",[unavailable],LSJ
,δεσμεύω,30,0,"2,92","82910,51","0,0074","fetter, put in chains,","LSJ, Middle Liddell"
,ὕπνον,24,0,"2,92","82913,43","0,0049","lichen,",LSJ
,ἐνδεής,10,1,"2,83","82916,26","0,0022",wanting,"LSJ, Middle Liddell"
,ἀνάξιος,45,0,"2,83","82919,09","0,0121","kingly, royal,",LSJ
,ὑστερέω,7,2,"2,83","82921,93","0,0025",to be behind,"LSJ, Middle Liddell"
,ἀεκούσιος,13,0,"2,83","82924,76","0,005","against the will, constrained","LSJ, Middle Liddell"
,αἷμα,7,2,"2,83","82927,59","0,001",blood,"LSJ, Middle Liddell, Slater, Autenrieth"
2.260,ἀνδρεῖα,30,0,"2,83","82930,43","0,0125",[unavailable],Middle Liddell
,ὑπογράφω,7,2,"2,83","82933,26","0,0026",write under,"LSJ, Middle Liddell"
,ἀκούσιος,13,0,"2,83","82936,09","0,0051",[unavailable],LSJ
,πρόειμι,10,1,"2,83","82938,93","0,0019","ibo) go forward, advance,","LSJ, Middle Liddell"
,δωρεά,7,2,"2,83","82941,76","0,0019","gift, present","LSJ, Middle Liddell"
,ἀφρόνη,13,0,"2,83","82944,59","0,0062",[unavailable],LSJ
,ἀνάξιος,45,0,"2,83","82947,43","0,0121","unworthy, not deemed","LSJ, Middle Liddell"
,ἀργυρόω,18,0,"2,83","82950,26","0,0058","to cover with silver,","LSJ, Slater"
,μῆνις,25,1,"2,8","82953,06","0,0049",wrath,"LSJ, Middle Liddell, Autenrieth"
,ἄκων,33,0,"2,78","82955,84","0,0063","javelin, dart","LSJ, Middle Liddell, Slater, Autenrieth"
2.270,ἄκων,33,0,"2,78","82958,62","0,0063",[unavailable],"LSJ, Autenrieth"
,ἶδος,45,0,"2,77","82961,38","0,0036",sweat,"LSJ, Middle Liddell"
,βαρβαρόομαι,30,0,"2,75","82964,13","0,0043",to become barbarous,Middle Liddell
,εὐμενής,8,2,"2,75","82966,88","0,0019","well-disposed, favourable, gracious, kindly","Middle Liddell, Slater"
,αὐλέω,17,1,"2,75","82969,63","0,0031","play on the flute,","LSJ, Middle Liddell"
,πλοῦτος,14,0,"2,75","82972,38","0,0036",[unavailable],"LSJ, Middle Liddell"
,βάρβαρος,30,0,"2,75","82975,13","0,0037","barbarous,","LSJ, Middle Liddell, Slater"
,ἐλευθέριος,14,2,"2,75","82977,88","0,0042",speaking,"LSJ, Middle Liddell, Slater"
,βαρβαρόω,30,0,"2,75","82980,63","0,0043",make barbarous,LSJ
,ἔρος,117,0,"2,74","82983,38","0,0153","love, desire,","LSJ, Middle Liddell, Autenrieth"
2.280,θύω,21,0,"2,73","82986,11","0,0026","rage, seethe","LSJ, Middle Liddell, Slater, Autenrieth"
,ἄντομαι,24,2,"2,73","82988,84","0,0047","meet,","LSJ, Middle Liddell, Slater, Autenrieth"
,δαπανάω,12,1,"2,7","82991,54","0,0029","spend,","LSJ, Middle Liddell"
,κυρέω,17,1,"2,7","82994,24","0,003","hit, light upon","LSJ, Middle Liddell, Slater, Autenrieth"
,ὑφάζω,45,0,"2,7","82996,94","0,0047",[unavailable],LSJ
,ὑφάω,45,0,"2,7","82999,64","0,0045",[unavailable],"LSJ, Autenrieth"
,μεσόω,11,1,"2,67","83002,31","0,0018",to be in,"LSJ, Middle Liddell"
,σύν,16,1,"2,67","83004,98","0,0013",with.,"LSJ, Middle Liddell, Slater, Autenrieth"
,ἄκρον,26,0,"2,67","83007,64","0,004",highest,"LSJ, Middle Liddell, Autenrieth"
,κλῆρος,19,0,"2,67","83010,31","0,0049",lot,"LSJ, Middle Liddell, Autenrieth"
2.290,λοιπάς,24,0,"2,67","83012,98","0,0048","remainder,",LSJ
,γέννας,24,0,"2,67","83015,64","0,0103","mother's brother, uncle",LSJ
,προσστάζω,25,0,"2,67","83018,31","0,0056","drop on, shed over","LSJ, Middle Liddell"
,ἀκριβόω,24,0,"2,67","83020,98","0,0041",make exact,"LSJ, Middle Liddell"
,ἐνδέω,14,0,"2,67","83023,64","0,0029","bind in, on","LSJ, Middle Liddell, Autenrieth"
,ἀργέω,16,1,"2,67","83026,31","0,0052","to be unemployed, do nothing,","LSJ, Middle Liddell"
,κλῆρος,19,0,"2,67","83028,98","0,0049","a beetle destructive in bee-hives, Clerus apiarius",LSJ
,γέννα,24,0,"2,67","83031,64","0,0103","descent, birth, origin","LSJ, Middle Liddell, Slater"
,ἀκριβῶς,24,0,"2,67","83034,31","0,0046",[unavailable],Middle Liddell
,ἀγάζω,113,0,"2,66","83036,98","0,0066","exalt overmuch,",LSJ
2.300,πυρός,17,0,"2,64","83039,62","0,0026","wheat, Triticum vulgare","LSJ, Middle Liddell, Autenrieth"
,φαρμακάω,50,0,"2,62","83042,24","0,0098",suffer from the effect of drugs,"LSJ, Middle Liddell"
,ναός,281,0,"2,61","83044,85","0,0241",2 Ma.),"LSJ, Middle Liddell, Slater"
,ναός,281,0,"2,61","83047,45","0,0241",[unavailable],LSJ
,ἤπειρος,40,0,"2,6","83050,05","0,0059","terra firma, land","LSJ, Middle Liddell, Autenrieth"
,ἰδίω,33,0,"2,6","83052,65","0,0042",sweat,"LSJ, Middle Liddell, Autenrieth"
,φυτός,20,0,"2,58","83055,24","0,0051","shaped by nature, without art,","LSJ, Middle Liddell, Slater"
,κυνέη,39,0,"2,58","83057,82","0,009",dog's skin,"LSJ, Middle Liddell, Autenrieth"
,φυτόν,20,0,"2,58","83060,4","0,0051",plant,"LSJ, Middle Liddell, Slater, Autenrieth"
,ἴδη,89,0,"2,58","83062,98","0,0103",timber-tree,"LSJ, Middle Liddell"
2.310,ἴδη,89,0,"2,58","83065,56","0,0103",sheen of metal,LSJ
,ἐλεάω,25,0,"2,56","83068,12","0,0068",[unavailable],LSJ
,ἐλεέω,25,0,"2,56","83070,68","0,007","to have pity on, show mercy to","LSJ, Middle Liddell, Autenrieth"
,ἡλιόομαι,26,0,"2,53","83073,22","0,0056","live in the sun, be exposed to the sun","LSJ, Middle Liddell"
,νίκη,33,0,"2,53","83075,75","0,0039",contentious,"LSJ, Middle Liddell"
,ἡλιόω,26,0,"2,53","83078,28","0,0054",[unavailable],LSJ
,νίκη,33,0,"2,53","83080,82","0,0039","victory,","LSJ, Autenrieth"
,πλήρωσις,7,1,"2,5","83083,32","0,0035","filling up, filling,","LSJ, Middle Liddell"
,πομπή,7,1,"2,5","83085,82","0,0018","conduct, escort,","LSJ, Middle Liddell, Autenrieth"
,ἑορτή,7,1,"2,5","83088,32","0,0015","feast, festival, holiday,","LSJ, Middle Liddell, Autenrieth"
2.320,ἐπιτροπεύω,4,2,"2,5","83090,82","0,0018","to be an administrator, guardian,","LSJ, Middle Liddell"
,ἀλλάσσω,7,1,"2,5","83093,32","0,002","make other than it is, change, alter","LSJ, Middle Liddell, Slater"
,ἱδρύω,4,2,"2,5","83095,82","0,0008","make to sit down, seat","LSJ, Middle Liddell, Autenrieth"
,ἐνθυμέομαι,4,2,"2,5","83098,32","0,0013","lay to heart, ponder,","LSJ, Middle Liddell"
,αὐτόματος,7,1,"2,5","83100,82","0,0016","acting of one's own will, of oneself,","LSJ, Middle Liddell, Slater, Autenrieth"
,νομεύς,4,2,"2,5","83103,32","0,0015","herdsman,","LSJ, Middle Liddell, Autenrieth"
,φιλιάζω,27,0,"2,5","83105,82","0,004","to be a friend,",LSJ
,πῶ,40,0,"2,5","83108,32","0,0105",drink!,LSJ
,νουθετέω,4,2,"2,5","83110,82","0,0012",put in mind,"LSJ, Middle Liddell"
,ἀποστερέω,4,2,"2,5","83113,32","0,0009","rob, despoil, defraud","LSJ, Middle Liddell"
2.330,ἐπίθυμος,20,0,"2,5","83115,82","0,0074","desirous,",LSJ
,ἐμπίμπρημι,4,2,"2,5","83118,32","0,0014",b,"LSJ, Middle Liddell"
,πεινέω,20,0,"2,5","83120,82","0,0084",[unavailable],LSJ
,ὑγιάζω,10,0,"2,5","83123,32","0,0048",make sound,LSJ
,γραμμή,4,2,"2,5","83125,82","0,0013",stroke,"LSJ, Middle Liddell"
,φιλομαθέω,10,0,"2,5","83128,32","0,0058",to be fond of learning,Middle Liddell
,μῆκος,4,2,"2,5","83130,82","0,0009",length,"LSJ, Middle Liddell, Autenrieth"
,χειροτέχνης,7,1,"2,5","83133,32","0,0043","handicraftsman, artisan,","LSJ, Middle Liddell"
,διαιτέω,20,0,"2,5","83135,82","0,0057","turn by entreaty,",LSJ
,ῥίπτω,4,2,"2,5","83138,32","0,0007","throw, cast, hurl","LSJ, Middle Liddell, Slater, Autenrieth"
2.340,ἄσκησις,4,2,"2,5","83140,82","0,0014","exercise, practice, training,","LSJ, Middle Liddell"
,χρῆσις,10,0,"2,5","83143,32","0,0028","employment, use","LSJ, Middle Liddell, Slater"
,οὐδαμοῦ,10,0,"2,5","83145,82","0,0026",nowhere,"LSJ, Middle Liddell"
,λύρα,4,2,"2,5","83148,32","0,0013",lyre,"LSJ, Middle Liddell, Slater"
,ἡγεμονεύς,10,0,"2,5","83150,82","0,0032","governor,","LSJ, Middle Liddell"
,πενέω,10,0,"2,5","83153,32","0,0025",to be poor,LSJ
,φίλιος,27,0,"2,5","83155,82","0,0037","friendly,","LSJ, Middle Liddell, Slater"
,εὐλάβεια,4,2,"2,5","83158,32","0,0013","discretion, caution","LSJ, Middle Liddell"
,ὄστρεον,4,2,"2,5","83160,82","0,0026",oyster,"LSJ, Middle Liddell"
,ὑγιαίνω,10,0,"2,5","83163,32","0,0027","to be sound, healthy",Middle Liddell
2.350,ὑφή,40,0,"2,5","83165,82","0,0041","web,","LSJ, Middle Liddell"
,ὑγιαίνω,10,0,"2,5","83168,32","0,0027","to be sound, healthy,","LSJ, Middle Liddell"
,ὑπισχνέομαι,4,2,"2,5","83170,82","0,0008","take upon oneself,","LSJ, Middle Liddell"
,παιδαγωγέω,7,1,"2,5","83173,32","0,0031",attend as a,"LSJ, Middle Liddell"
,ἄρδω,4,2,"2,5","83175,82","0,0013",water,"LSJ, Middle Liddell, Slater"
,κάλλιον,40,0,"2,5","83178,32","0,0117",[unavailable],"LSJ, Middle Liddell, Autenrieth"
,ὑποτίθημι,4,2,"2,5","83180,82","0,0008","place under,","LSJ, Middle Liddell, Slater, Autenrieth"
,προθυμία,4,2,"2,5","83183,32","0,001","readiness, willingness, eagerness,","LSJ, Middle Liddell"
,ἀποστάζω,15,0,"2,5","83185,82","0,0034","let fall drop by drop, distil away,","LSJ, Middle Liddell, Slater"
,ὑπόνοια,4,2,"2,5","83188,32","0,0013","suspicion, conjecture, guess,","LSJ, Middle Liddell"
2.360,ἀθρόος,4,2,"2,5","83190,82","0,0008","in crowds, heaps","LSJ, Middle Liddell, Slater"
,ἀποδειλιάω,4,2,"2,5","83193,32","0,0018","to be very fearful, play the coward, flinch from danger","LSJ, Middle Liddell"
,ταμιεῖον,4,2,"2,5","83195,82","0,0018",treasury,"LSJ, Middle Liddell"
,ὕμνος,7,1,"2,5","83198,32","0,0023","hymn, ode, in praise","LSJ, Middle Liddell, Slater, Autenrieth"
,παραπλησιάζω,10,0,"2,5","83200,82","0,0034",to be a neighbour,Middle Liddell
,τειχίον,7,1,"2,5","83203,32","0,0046",wall,"LSJ, Middle Liddell, Autenrieth"
,ἀνακαλέω,4,2,"2,5","83205,82","0,001",call up,"LSJ, Middle Liddell"
,οἰστράω,4,2,"2,5","83208,32","0,0023",sting.,"LSJ, Middle Liddell"
,σύνοιδα,4,2,"2,5","83210,82","0,0009",know,"LSJ, Middle Liddell"
,παρανομέω,7,1,"2,5","83213,32","0,002","transgress the law, actunlawfully","LSJ, Middle Liddell"
2.370,ἐπιχείρησις,10,0,"2,5","83215,82","0,0045","an attempt upon, attack,","LSJ, Middle Liddell"
,χροάζω,10,0,"2,5","83218,32","0,0028","colour,",LSJ
,πω,40,0,"2,5","83220,82","0,0105","up to this time, yet","Middle Liddell, Slater"
,καταδέχομαι,4,2,"2,5","83223,32","0,002","receive, admit","LSJ, Middle Liddell"
,ἔμπλεος,4,2,"2,5","83225,82","0,0022",quite full of,"LSJ, Middle Liddell"
,ἡσσάομαι,4,2,"2,5","83228,32","0,0006",to be less,"LSJ, Middle Liddell"
,καταχέω,7,1,"2,5","83230,82","0,0021","pour down upon, pour over","LSJ, Middle Liddell, Slater, Autenrieth"
,περιτίθημι,4,2,"2,5","83233,32","0,0009",place,"LSJ, Middle Liddell, Autenrieth"
,γελωτός,10,0,"2,5","83235,82","0,0023",[unavailable],LSJ
,χωλός,4,2,"2,5","83238,32","0,0015",lame,"LSJ, Middle Liddell, Autenrieth"
2.380,κάλλιον,40,0,"2,5","83240,82","0,0117",board,LSJ
,σύμφωνος,4,2,"2,5","83243,32","0,0016","agreeing in sound, harmonious","LSJ, Middle Liddell, Slater"
,προσθέω,10,0,"2,5","83245,82","0,0024",run towards,"LSJ, Middle Liddell"
,πῶ,40,0,"2,5","83248,32","0,0105",where?,"LSJ, Middle Liddell"
,ἱεροσυλέω,7,1,"2,5","83250,82","0,0038","rob a temple, commit sacrilege","LSJ, Middle Liddell"
,τριπλάσιος,4,2,"2,5","83253,32","0,0022","thrice as many, thrice as much, thrice as great as,","LSJ, Middle Liddell"
,καταδείκνυμι,4,2,"2,5","83255,82","0,0018",discover and make known,"LSJ, Middle Liddell"
,διάκονος,7,1,"2,5","83258,32","0,0029","servant,","LSJ, Middle Liddell"
,συνουσία,10,0,"2,5","83260,82","0,0026",being with,"LSJ, Middle Liddell"
,ἀποπληρόω,4,2,"2,5","83263,32","0,0021","fill up,","LSJ, Middle Liddell"
2.390,φυλακίς,7,1,"2,5","83265,82","0,005",guard,"LSJ, Middle Liddell"
,συγχέω,4,2,"2,5","83268,32","0,0007","pour together, commingle, confound","LSJ, Middle Liddell, Autenrieth"
,παραδείκνυμι,10,0,"2,5","83270,82","0,0036",exhibit side by side,"LSJ, Middle Liddell"
,βαθύς,7,1,"2,5","83273,32","0,0012",deep,"LSJ, Middle Liddell, Slater, Autenrieth"
,χροιά,10,0,"2,5","83275,82","0,0024",sign.,"LSJ, Middle Liddell"
,συνάπτω,4,2,"2,5","83278,32","0,0007",join together,"LSJ, Middle Liddell, Slater"
,ἑορτάζω,7,1,"2,5","83280,82","0,0017",keep festival,"LSJ, Middle Liddell"
,κωμῳδέω,4,2,"2,5","83283,32","0,0018",treat after the manner of,"LSJ, Middle Liddell"
,θορυβέω,4,2,"2,5","83285,82","0,001","make a noise, uproar","LSJ, Middle Liddell"
,βλέπος,10,0,"2,5","83288,32","0,003",look,"LSJ, Middle Liddell"
2.400,φιλία,27,0,"2,5","83290,82","0,004","affectionate regard, friendship","LSJ, Middle Liddell"
,γυμνόω,7,1,"2,5","83293,32","0,0019","strip naked,","LSJ, Middle Liddell, Autenrieth"
,πω,40,0,"2,5","83295,82","0,0105","up to this time, yet",LSJ
,οἰκιστής,4,2,"2,5","83298,32","0,0021","colonizer, founder of a city,","LSJ, Middle Liddell"
,ἐπάγω,4,2,"2,5","83300,82","0,0004","bring on,","LSJ, Middle Liddell, Slater, Autenrieth"
,κάπηλος,4,2,"2,5","83303,32","0,0021","retail-dealer, huckster","LSJ, Middle Liddell"
,τίτθη,4,2,"2,5","83305,82","0,0021",nurse,"LSJ, Middle Liddell"
,ἐσχατάω,10,0,"2,5","83308,32","0,002","to be at the edge,","LSJ, Middle Liddell"
,θανατόω,20,0,"2,5","83310,82","0,0032",put to death,"LSJ, Middle Liddell"
,ἀοιδή,15,0,"2,5","83313,32","0,0035","song,","LSJ, Middle Liddell, Autenrieth"
2.410,συνουσιάζω,10,0,"2,5","83315,82","0,0026",keep company with,LSJ
,νέα,251,0,"2,49","83318,31","0,0276",[unavailable],LSJ
,ἀπορέω,35,0,"2,48","83320,79","0,0055",[unavailable],LSJ
,ἀπορέω,35,0,"2,48","83323,28","0,0055",to be,"LSJ, Middle Liddell"
,προσίημι,49,0,"2,46","83325,73","0,0047",let come to,"LSJ, Middle Liddell"
,μύρω,21,0,"2,42","83328,15","0,0031","flow, trickle","LSJ, Middle Liddell"
,ἄνειμι,26,0,"2,37","83330,52","0,0062","go up,","LSJ, Middle Liddell, Autenrieth"
,νεώς,277,0,"2,36","83332,87","0,0281",a temple,"LSJ, Middle Liddell"
,Ἀφροδίσιος,31,0,"2,35","83335,22","0,0124","belonging to the goddess of love,","LSJ, Middle Liddell, Slater"
,ποτάομαι,254,0,"2,34","83337,56","0,0422","fly hither and thither,","LSJ, Middle Liddell, Slater, Autenrieth"
2.420,ἔραμαι,92,1,"2,34","83339,9","0,012","love,","LSJ, Middle Liddell, Slater, Autenrieth"
,καινός,13,1,"2,33","83342,23","0,0021","new, fresh","LSJ, Middle Liddell"
,ἑταιρέω,11,0,"2,33","83344,57","0,0023","keep company with,","LSJ, Middle Liddell"
,οἰκοδομέω,5,2,"2,33","83346,9","0,0015",build a house,"LSJ, Middle Liddell"
,καρτερέω,5,2,"2,33","83349,23","0,0014","to be steadfast, patient","LSJ, Middle Liddell"
,σκότος,22,0,"2,33","83351,57","0,0044",darkness,Slater
,ζηλόω,8,1,"2,33","83353,9","0,0014","vie with, emulate","LSJ, Middle Liddell"
,προφήτης,8,1,"2,33","83356,23","0,0033",one who speaks for a god and interprets his will,"LSJ, Middle Liddell"
,ἀίσσω,5,2,"2,33","83358,57","0,0017","to move with a quick shooting motion, to shoot, dart, glance","Middle Liddell, Slater, Autenrieth"
,καρπός,17,0,"2,33","83360,9","0,003",fruit,"LSJ, Middle Liddell, Slater, Autenrieth"
2.430,κεντρόω,5,2,"2,33","83363,23","0,0027",furnish with a sting,"LSJ, Middle Liddell"
,διαφεύγω,5,2,"2,33","83365,57","0,0009","get away from, escape,","LSJ, Middle Liddell"
,σκληρός,11,0,"2,33","83367,9","0,0028",hard,LSJ
,σκότος,22,0,"2,33","83370,23","0,0044","darkness, gloom","LSJ, Middle Liddell, Slater, Autenrieth"
,ἀγγέλλω,5,2,"2,33","83372,57","0,0011",bear a message,"LSJ, Middle Liddell, Slater, Autenrieth"
,κόσμιον,11,0,"2,33","83374,9","0,0048",insignia,LSJ
,γονή,21,0,"2,33","83377,23","0,0056",offspring,"LSJ, Middle Liddell, Autenrieth"
,καρπός,17,0,"2,33","83379,57","0,003",wrist,"LSJ, Middle Liddell, Autenrieth"
,ἐπίπεδος,5,2,"2,33","83381,9","0,0025","on the ground, on the ground-floor","LSJ, Middle Liddell"
,κοῖλος,5,2,"2,33","83384,23","0,0013",hollow,"LSJ, Middle Liddell, Slater, Autenrieth"
2.440,ἀστός,5,2,"2,33","83386,57","0,0017","townsman, citizen,","LSJ, Middle Liddell, Slater, Autenrieth"
,ἀτιμόω,8,1,"2,33","83388,9","0,0027","dishonour,","LSJ, Middle Liddell"
,σκληρός,11,0,"2,33","83391,23","0,0028",hard,"Middle Liddell, Slater"
,ῥώννυμι,11,0,"2,33","83393,57","0,0024",strengthen,"LSJ, Middle Liddell"
,ἄπειμι,11,0,"2,33","83395,9","0,0012",sum,"LSJ, Middle Liddell, Slater, Autenrieth"
,προφάω,11,0,"2,33","83398,23","0,0021",shine forth,LSJ
,διαγράφω,5,2,"2,33","83400,57","0,0023","mark out by lines, delineate,","LSJ, Middle Liddell"
,ἀκμή,5,2,"2,33","83402,9","0,0012","point, edge","LSJ, Middle Liddell, Autenrieth"
,σπείρω,5,2,"2,33","83405,23","0,0012",sow,"LSJ, Middle Liddell, Slater"
,ἰάομαι,81,0,"2,3","83407,54","0,0137",j,"LSJ, Middle Liddell, Slater, Autenrieth"
2.450,ἔδω,47,0,"2,3","83409,84","0,0048",eat,"LSJ, Middle Liddell, Autenrieth"
,διπλασιάζω,12,0,"2,25","83412,09","0,0049","double,","LSJ, Middle Liddell"
,παιδίον,24,0,"2,25","83414,34","0,0048",a little,Middle Liddell
,παίδιον,24,0,"2,25","83416,59","0,0048",little,LSJ
,δείλη,12,0,"2,25","83418,84","0,0039",afternoon,"LSJ, Middle Liddell, Autenrieth"
,ἀκουή,22,0,"2,25","83421,09","0,0046",hearing;,"LSJ, Middle Liddell, Autenrieth"
,στρατηγέω,6,2,"2,25","83423,34","0,0009",to be general,"LSJ, Middle Liddell"
,χαλκόω,29,0,"2,25","83425,59","0,007","turn to bronze,","LSJ, Middle Liddell, Slater"
,σκευόω,18,0,"2,25","83427,84","0,0087",[unavailable],LSJ
,μοῖρα,22,0,"2,25","83430,09","0,0042",part,"LSJ, Middle Liddell, Slater, Autenrieth"
2.460,πολλαπλασιόω,9,1,"2,25","83432,34","0,0052","multiply,","LSJ, Middle Liddell"
,μοιράζω,22,0,"2,25","83434,59","0,0042",[unavailable],LSJ
,πεῖσα,12,0,"2,25","83436,84","0,0028",obedience,"LSJ, Middle Liddell, Autenrieth"
,κυνάς,36,0,"2,25","83439,09","0,0087",of a dog,"LSJ, Middle Liddell"
,μοιράω,22,0,"2,25","83441,34","0,0042","share, divide, distribute","LSJ, Middle Liddell"
,δοκιμάζω,6,2,"2,25","83443,59","0,0016","assay, test,","LSJ, Middle Liddell"
,πότης,275,0,"2,23","83445,82","0,0394","a drinker, tippler, toper",Middle Liddell
,πότης,275,0,"2,23","83448,05","0,0394","drinker, tippler, toper,",LSJ
,ἡβάω,7,2,"2,2","83450,25","0,0021",attain,"LSJ, Middle Liddell, Autenrieth"
,ἄγαμαι,30,0,"2,17","83452,42","0,0041","wonder,","LSJ, Middle Liddell, Slater, Autenrieth"
2.470,ἐπικουρέω,8,2,"2,17","83454,59","0,0028",to be an,"LSJ, Middle Liddell, Autenrieth"
,σίδηρος,18,0,"2,17","83456,75","0,0033",iron,"LSJ, Middle Liddell, Autenrieth"
,ἔριον,8,2,"2,17","83458,92","0,003","wool,","LSJ, Middle Liddell, Autenrieth"
,κακοῦργος,12,0,"2,17","83461,09","0,004","doing ill, mischievous, knavish, villanous",Middle Liddell
,πίων,8,2,"2,17","83463,25","0,0029",fat,"LSJ, Middle Liddell, Slater, Autenrieth"
,ὑπήκοος,12,0,"2,17","83465,42","0,0036","hearkening,",LSJ
,ἱερόω,30,0,"2,17","83467,59","0,0038","consecrate, dedicate","LSJ, Middle Liddell"
,παρίζω,12,0,"2,17","83469,75","0,004",sit beside,"LSJ, Middle Liddell, Autenrieth"
,προστήκομαι,23,0,"2,17","83471,92","0,0121","stick fast to, cling to","LSJ, Middle Liddell"
,κάκουργος,12,0,"2,17","83474,09","0,004","doing ill, mischievous, knavish",LSJ
2.480,σιδήρεος,18,0,"2,17","83476,25","0,0038",made of iron,"LSJ, Middle Liddell, Autenrieth"
,ἄκρα,24,0,"2,17","83478,42","0,0037",highest,"LSJ, Middle Liddell, Slater"
,μέλας,12,0,"2,17","83480,59","0,0023","black, dark","LSJ, Middle Liddell, Slater, Autenrieth"
,ὑπήκους,12,0,"2,17","83482,75","0,0036","giving ear, listening to",Middle Liddell
,ἐρίζω,8,2,"2,17","83484,92","0,0023","strive, wrangle, quarrel,","LSJ, Middle Liddell, Slater, Autenrieth"
,νή,105,0,"2,14","83487,06","0,0175",[unavailable],Middle Liddell
,νή,105,0,"2,14","83489,2","0,0175",[unavailable],LSJ
,κυνέω,48,0,"2,13","83491,34","0,0142",kiss,"LSJ, Middle Liddell, Autenrieth"
,ψευδοκύων,48,0,"2,13","83493,47","0,012","sham Cynic,","LSJ, Middle Liddell"
,φαρμακός,60,0,"2,12","83495,59","0,01","a poisoner, sorcerer, magician",Middle Liddell
2.490,φάρμακος,60,0,"2,12","83497,71","0,01","poisoner, sorcerer, magician,",LSJ
,φαρμακός,60,0,"2,12","83499,83","0,01",one sacrificed,LSJ
,χαλκός,16,1,"2,08","83501,91","0,0034","copper,","LSJ, Middle Liddell, Slater, Autenrieth"
,χρέος,42,0,"2,07","83503,98","0,0076","that which one needs must pay, obligation, debt,","LSJ, Middle Liddell, Slater, Autenrieth"
,ἀγός,78,0,"2,04","83506,02","0,0068","leader, chief","LSJ, Middle Liddell, Slater, Autenrieth"
,ἐπιβουλή,2,2,2,"83508,02","0,0006",plan formed against,"LSJ, Middle Liddell"
,γεωργικός,2,2,2,"83510,02","0,0011",agricultural,"LSJ, Middle Liddell"
,ἀγροικία,2,2,2,"83512,02","0,0011","rusticity, boorishness","LSJ, Middle Liddell"
,σηκός,2,2,2,"83514,02","0,0009","pen, fold","LSJ, Middle Liddell, Autenrieth"
,ἀπάτη,8,0,2,"83516,02","0,0019","trick, fraud, deceit,","LSJ, Middle Liddell, Autenrieth"
2.500,ἑκτός,8,0,2,"83518,02","0,0024",qualities,LSJ
,ἐλεεινός,2,2,2,"83520,02","0,0008","finding pity, pitied","LSJ, Middle Liddell, Autenrieth"
,ἄπονος,2,2,2,"83522,02","0,001",without toil,"LSJ, Middle Liddell, Slater"
,τάχος,10,1,2,"83524,02","0,001","swiftness, speed","LSJ, Middle Liddell, Slater, Autenrieth"
,τιμαρχία,2,2,2,"83526,02","0,0024",censoria potestas,LSJ
,ἐξαλείφω,2,2,2,"83528,02","0,0008",plaster,"LSJ, Middle Liddell"
,μαστιγόω,2,2,2,"83530,02","0,0007","whip, flog","LSJ, Middle Liddell"
,φιλοπονία,2,2,2,"83532,02","0,0012","love of labour, industry,","LSJ, Middle Liddell"
,μειρακιώδης,2,2,2,"83534,02","0,001","becoming a youth, youthful","LSJ, Middle Liddell"
,φοιτάω,11,1,2,"83536,02","0,0024","go to and fro, backwards and forwards,","LSJ, Middle Liddell, Autenrieth"
2.510,ἕωσπερ,2,2,2,"83538,02","0,0015",even until,"LSJ, Middle Liddell"
,διάθεσις,2,2,2,"83540,02","0,0006","placing in order, arrangement","LSJ, Middle Liddell"
,ἀλγεινός,2,2,2,"83542,02","0,0009","painful, grievous","LSJ, Middle Liddell"
,ἀνάντης,5,1,2,"83544,02","0,0029","up-hill, steep,","LSJ, Middle Liddell"
,ἴατρα,8,0,2,"83546,02","0,0027",doctor's fee,LSJ
,δυστυχέω,5,1,2,"83548,02","0,0013","to be unlucky, unfortunate","LSJ, Middle Liddell"
,ἰσόθεος,2,2,2,"83550,02","0,0011","equal to the gods, godlike","LSJ, Middle Liddell, Slater, Autenrieth"
,ὁπλέω,18,0,2,"83552,02","0,0029","make ready,","LSJ, Middle Liddell, Autenrieth"
,κακούργημα,2,2,2,"83554,02","0,0014","knavish trick, fraud","LSJ, Middle Liddell"
,ἀπερείδω,2,2,2,"83556,02","0,001","fix, settle,","LSJ, Middle Liddell"
2.520,ἄρρυθμος,2,2,2,"83558,02","0,0016","unrhythmical,","LSJ, Middle Liddell"
,ἐξετάζω,2,2,2,"83560,02","0,0004",examine well,"LSJ, Middle Liddell"
,ἀψευδής,2,2,2,"83562,02","0,001","without deceit, truthful,","LSJ, Middle Liddell, Slater"
,βασανιστέος,2,2,2,"83564,02","0,0021",to be proved,"LSJ, Middle Liddell"
,βοτάνη,2,2,2,"83566,02","0,0011",pasture,"LSJ, Middle Liddell, Autenrieth"
,φθονερός,2,2,2,"83568,02","0,0008","envious, jealous,","LSJ, Middle Liddell, Slater"
,φιλονικία,8,0,2,"83570,02","0,0045","love of victory, rivalry, contentiousness,",LSJ
,προσρητέος,2,2,2,"83572,02","0,0018","to be addressed, called","LSJ, Middle Liddell"
,διαπεραίνω,2,2,2,"83574,02","0,0014","bring to a conclusion,","LSJ, Middle Liddell"
,θρόνον,8,0,2,"83576,02","0,0025",flowers embroidered on cloth,"LSJ, Middle Liddell, Autenrieth"
2.530,δυσκίνητος,2,2,2,"83578,02","0,0012",hard to move,"LSJ, Middle Liddell"
,συλλαμβάνω,2,2,2,"83580,02","0,0003","collect, gather together","LSJ, Middle Liddell, Slater"
,ὀρφανός,2,2,2,"83582,02","0,0007","orphan, without parents, fatherless,","LSJ, Middle Liddell, Slater, Autenrieth"
,καταψεύδομαι,2,2,2,"83584,02","0,0008","tell lies against, speak falsely of","LSJ, Middle Liddell"
,τιμωρία,2,2,2,"83586,02","0,0005","retribution, vengeance","LSJ, Middle Liddell"
,ἐπαμύνω,2,2,2,"83588,02","0,001","come to aid, succour,","LSJ, Middle Liddell, Autenrieth"
,ἐπεισέρχομαι,2,2,2,"83590,02","0,0011","come in besides,","LSJ, Middle Liddell"
,δέπας,2,2,2,"83592,02","0,0014","beaker, goblet,","LSJ, Middle Liddell, Autenrieth"
,μικτός,2,2,2,"83594,02","0,0011","mixed, blended","LSJ, Middle Liddell"
,ἀκριβολογέομαι,2,2,2,"83596,02","0,0012",to be exact,"LSJ, Middle Liddell"
2.540,διατείνω,2,2,2,"83598,02","0,0007","stretch to the uttermost,","LSJ, Middle Liddell"
,ἄλυπος,2,2,2,"83600,02","0,0006","without pain,","LSJ, Middle Liddell"
,θετέος,2,2,2,"83602,02","0,0011",to be countedas,"LSJ, Middle Liddell"
,ἀνάπηρος,2,2,2,"83604,02","0,0014","maimed, mutilated,","LSJ, Middle Liddell"
,οἰκονομία,2,2,2,"83606,02","0,0008",management of a household,"LSJ, Middle Liddell"
,ἐγκρίνω,2,2,2,"83608,02","0,0012",reckon in,"LSJ, Middle Liddell"
,καταυλέω,2,2,2,"83610,02","0,0013",charm by flute-playing,"LSJ, Middle Liddell"
,σφαλερός,2,2,2,"83612,02","0,0008",likely to make one stumble,"LSJ, Middle Liddell"
,ἐξίστημι,2,2,2,"83614,02","0,0004",displace,"LSJ, Middle Liddell"
,κριθάω,8,0,2,"83616,02","0,0022","to be barley-fed, wax wanton","LSJ, Middle Liddell"
2.550,πέμπω,2,2,2,"83618,02","0,0002",send,"LSJ, Middle Liddell, Slater, Autenrieth"
,βραδύς,2,2,2,"83620,02","0,0005",slow,"LSJ, Middle Liddell, Autenrieth"
,μηδέτερος,2,2,2,"83622,02","0,0008",neither of the two,"LSJ, Middle Liddell"
,αἰκία,2,2,2,"83624,02","0,001","insulting treatment, outrage","LSJ, Middle Liddell"
,χειράς,8,0,2,"83626,02","0,0007","chap, crack,",LSJ
,ζωτικός,2,2,2,"83628,02","0,0013",fit for giving,"LSJ, Middle Liddell"
,προσφερής,2,2,2,"83630,02","0,0008","similar, like","LSJ, Middle Liddell"
,νικητήριος,2,2,2,"83632,02","0,0011",belonging to a conqueror,"LSJ, Middle Liddell"
,σεμνός,5,1,2,"83634,02","0,0007","revered, august, holy","LSJ, Middle Liddell, Slater"
,δυναστεία,2,2,2,"83636,02","0,0007","power, lordship, domination","LSJ, Middle Liddell"
2.560,στέμμα,2,2,2,"83638,02","0,0011","wreath, garland, chaplet","LSJ, Middle Liddell, Autenrieth"
,συμφύλαξ,2,2,2,"83640,02","0,0021",fellow-watchman,"LSJ, Middle Liddell"
,ἀπαρνέομαι,2,2,2,"83642,02","0,001","deny utterly,","LSJ, Middle Liddell"
,οὔτοι,2,2,2,"83644,02","0,0008",indeed not,"LSJ, Middle Liddell, Slater, Autenrieth"
,συστρατεύω,2,2,2,"83646,02","0,0007",join,"LSJ, Middle Liddell"
,ἐνδέχομαι,2,2,2,"83648,02","0,0006",take upon oneself,"LSJ, Middle Liddell"
,ἀσμενέω,8,0,2,"83650,02","0,0032",wish for,LSJ
,τρίς,2,2,2,"83652,02","0,0005","thrice, three times,","LSJ, Middle Liddell, Slater, Autenrieth"
,ἀφορία,2,2,2,"83654,02","0,0013",not bearing,"LSJ, Middle Liddell"
,ἐπίχαρις,2,2,2,"83656,02","0,0012","pleasing, charming,","LSJ, Middle Liddell"
2.570,βουλευτικός,2,2,2,"83658,02","0,0013",of,"LSJ, Middle Liddell"
,ποίμνιος,8,0,2,"83660,02","0,004","frequented by flocks,",LSJ
,πολυειδής,2,2,2,"83662,02","0,0012",of many kinds,"LSJ, Middle Liddell"
,ἕψημα,2,2,2,"83664,02","0,0018",anything boiled,"LSJ, Middle Liddell"
,δεσποτικός,2,2,2,"83666,02","0,0011",of,"LSJ, Middle Liddell"
,οἶνος,15,0,2,"83668,02","0,0024","wine,","LSJ, Middle Liddell, Slater, Autenrieth"
,στρατεύω,2,2,2,"83670,02","0,0004",advance with an army,"LSJ, Middle Liddell"
,ὁμόνοια,2,2,2,"83672,02","0,0007","oneness of mind, unanimity, concord,","LSJ, Middle Liddell"
,σύλλογος,2,2,2,"83674,02","0,0008","assembly, concourse, meeting","LSJ, Middle Liddell"
,ἐκδίδωμι,2,2,2,"83676,02","0,0005","give up,","LSJ, Middle Liddell, Slater, Autenrieth"
2.580,καταντλέω,2,2,2,"83678,02","0,0016",pour,"LSJ, Middle Liddell"
,ἐλαφρός,2,2,2,"83680,02","0,0006",light in weight,"LSJ, Middle Liddell, Slater, Autenrieth"
,παραχρῆμα,2,2,2,"83682,02","0,0006","on the spot, forthwith","LSJ, Middle Liddell"
,ἐπιμένω,2,2,2,"83684,02","0,0008","stay on, tarry","LSJ, Middle Liddell, Autenrieth"
,ἀγανακτητικός,2,2,2,"83686,02","0,0024","apt to be vexed, irritable, peevish,","LSJ, Middle Liddell"
,εὐδοξία,2,2,2,"83688,02","0,001","good repute, honour","LSJ, Middle Liddell, Slater"
,δάκνω,2,2,2,"83690,02","0,0004","bite,","LSJ, Middle Liddell, Slater, Autenrieth"
,αἰσθητός,5,1,2,"83692,02","0,0019","sensible, perceptible","LSJ, Middle Liddell"
,χθών,2,2,2,"83694,02","0,0007","earth,","LSJ, Middle Liddell, Slater, Autenrieth"
,μιμητέος,2,2,2,"83696,02","0,0016",to be imitated,"LSJ, Middle Liddell"
2.590,προτερέω,18,0,2,"83698,02","0,0044","to be before, be in advance","LSJ, Middle Liddell"
,πυκτικός,2,2,2,"83700,02","0,0017",skilled in boxing,"LSJ, Middle Liddell"
,ὠδίς,2,2,2,"83702,02","0,0007",pangs,"LSJ, Middle Liddell, Slater, Autenrieth"
,διατριβή,5,1,2,"83704,02","0,001","wearing away,","LSJ, Middle Liddell"
,σπέρμα,2,2,2,"83706,02","0,0005",seed,"LSJ, Middle Liddell, Slater, Autenrieth"
,ἀνδρικός,2,2,2,"83708,02","0,001","masculine, manly,","LSJ, Middle Liddell"
,εἰκοσιετής,2,2,2,"83710,02","0,0024",[unavailable],"LSJ, Middle Liddell"
,ἀόρατος,2,2,2,"83712,02","0,001","unseen, invisible,","LSJ, Middle Liddell"
,κατάγειος,2,2,2,"83714,02","0,0015","under the earth, subterranean","LSJ, Middle Liddell"
,ἀπειρία,8,0,2,"83716,02","0,0024","infinity, infinitude,","LSJ, Middle Liddell"
2.600,ἀσαφής,2,2,2,"83718,02","0,0008",indistinct,"LSJ, Middle Liddell"
,τρέφος,8,0,2,"83720,02","0,0025",[unavailable],LSJ
,βαναυσία,2,2,2,"83722,02","0,0019","handicraft,","LSJ, Middle Liddell"
,λιμός,2,2,2,"83724,02","0,0005",Fr.anon.,"LSJ, Middle Liddell, Slater, Autenrieth"
,ἐπορέγω,2,2,2,"83726,02","0,0015","hold out to, give yet more,","LSJ, Middle Liddell, Autenrieth"
,ἑσπέρα,2,2,2,"83728,02","0,0005","evening,","LSJ, Middle Liddell, Slater"
,εὕρησις,8,0,2,"83730,02","0,0026",[unavailable],LSJ
,χυτρεύς,2,2,2,"83732,02","0,0012","potter,","LSJ, Middle Liddell"
,νεότης,2,2,2,"83734,02","0,0007","youth,","LSJ, Middle Liddell, Autenrieth"
,θέατρον,2,2,2,"83736,02","0,0004",place for seeing,"LSJ, Middle Liddell"
2.610,διοίκησις,8,0,2,"83738,02","0,0035",housekeeping:,"LSJ, Middle Liddell"
,ἀναβάλλω,2,2,2,"83740,02","0,0005","throw up,","LSJ, Middle Liddell, Slater, Autenrieth"
,ἀναπείθω,2,2,2,"83742,02","0,0006","persuade, convince,","LSJ, Middle Liddell"
,κατακούω,2,2,2,"83744,02","0,0011","hear and obey, be subject","LSJ, Middle Liddell"
,ὑποκατακλίνομαι,2,2,2,"83746,02","0,0014","to lie down under, to submit, yield",Middle Liddell
,ἀποτείνω,2,2,2,"83748,02","0,001","stretch out, extend,","LSJ, Middle Liddell"
,ἀσπίς,2,2,2,"83750,02","0,0004","shield,","LSJ, Middle Liddell, Slater, Autenrieth"
,πέμμα,2,2,2,"83752,02","0,0011",any kind of dressed food,"LSJ, Middle Liddell"
,ἐπάρουρος,2,2,2,"83754,02","0,0022",attached to the soil,"LSJ, Middle Liddell, Autenrieth"
,περίοδος,8,0,2,"83756,02","0,0023","one who goes the rounds, patrol",LSJ
2.620,βλαστάνω,2,2,2,"83758,02","0,0006","bud, sprout, grow","LSJ, Middle Liddell, Slater"
,ὑψηλός,2,2,2,"83760,02","0,0004","high, lofty,","LSJ, Middle Liddell, Slater, Autenrieth"
,ἀγείρω,2,2,2,"83762,02","0,0007",gather together,"LSJ, Middle Liddell, Slater, Autenrieth"
,φιλόπονος,2,2,2,"83764,02","0,0009","laborious, industrious,","LSJ, Middle Liddell"
,ἀδαμάντινος,2,2,2,"83766,02","0,0012","adamantine, of steel","LSJ, Middle Liddell, Slater"
,φωνέω,8,0,2,"83768,02","0,0007",produce a sound,"LSJ, Middle Liddell, Slater, Autenrieth"
,μηδαμῶς,8,0,2,"83770,02","0,0026",[unavailable],"LSJ, Middle Liddell"
,χορτάζω,2,2,2,"83772,02","0,0015","feed, fatten,","LSJ, Middle Liddell"
,σεισμός,2,2,2,"83774,02","0,0008","shaking, shock","LSJ, Middle Liddell"
,ἀνεπιστήμων,2,2,2,"83776,02","0,0014","ignorant, unskilful,","LSJ, Middle Liddell"
2.630,στρατηγός,2,2,2,"83778,02","0,0002",leader,"LSJ, Middle Liddell"
,ὀργίζω,2,2,2,"83780,02","0,0004","make angry, provoke to anger, irritate,","LSJ, Middle Liddell"
,ἐκκαθαίρω,2,2,2,"83782,02","0,001",cleanse out,"LSJ, Middle Liddell, Autenrieth"
,συνάρχω,2,2,2,"83784,02","0,0007",rule jointly with,"LSJ, Middle Liddell"
,σχηματίζω,2,2,2,"83786,02","0,0008","assume a certain form, figure, posture","LSJ, Middle Liddell"
,ἀποσπάω,2,2,2,"83788,02","0,0005",tear,"LSJ, Middle Liddell, Slater"
,πάνδεινος,2,2,2,"83790,02","0,0015","all-dreadful, terrible","LSJ, Middle Liddell"
,κοινώνημα,2,2,2,"83792,02","0,0015",that which is communicated,"LSJ, Middle Liddell"
,ἀσχήμων,5,1,2,"83794,02","0,0023","misshapen, ugly,","LSJ, Middle Liddell"
,τριήρης,2,2,2,"83796,02","0,0006","a trireme,","LSJ, Middle Liddell"
2.640,αὐχήν,2,2,2,"83798,02","0,0006","neck, throat,","LSJ, Middle Liddell, Slater, Autenrieth"
,περιίστημι,2,2,2,"83800,02","0,0004",place round,"LSJ, Middle Liddell, Autenrieth"
,πλεονεξία,2,2,2,"83802,02","0,0006","greediness, assumption, arrogance,","LSJ, Middle Liddell"
,ποιμενικός,2,2,2,"83804,02","0,0016",of,"LSJ, Middle Liddell"
,ἀγάπη,18,0,2,"83806,02","0,0044","love,","LSJ, Middle Liddell"
,γλίσχρος,2,2,2,"83808,02","0,0008",sticky,"LSJ, Middle Liddell"
,εὐεργεσία,2,2,2,"83810,02","0,0006",well-doing,"LSJ, Middle Liddell, Slater"
,πρέπων,8,0,2,"83812,02","0,0018",[unavailable],LSJ
,εὔχαρις,2,2,2,"83814,02","0,0012","charming, gracious","LSJ, Middle Liddell"
,νεανικέω,8,0,2,"83816,02","0,0055","to be youthful,",LSJ
2.650,ἀμυδρός,2,2,2,"83818,02","0,001","dim, faint, obscure:","LSJ, Middle Liddell"
,νομοθέτησις,8,0,2,"83820,02","0,0083",[unavailable],LSJ
,θρόνος,8,0,2,"83822,02","0,0023","seat, chair","LSJ, Middle Liddell, Slater, Autenrieth"
,σκώπτω,2,2,2,"83824,02","0,0006","mock, jeer, scoff at","LSJ, Middle Liddell"
,ἱδρώς,2,2,2,"83826,02","0,0006",sweat,"LSJ, Middle Liddell, Autenrieth"
,στοχάζομαι,2,2,2,"83828,02","0,0007",aim,"LSJ, Middle Liddell"
,συμποδίζω,2,2,2,"83830,02","0,0016","tie the feet together, bind hand and foot","LSJ, Middle Liddell"
,ἀπαίδευτος,2,2,2,"83832,02","0,0007","uneducated,","LSJ, Middle Liddell"
,συνήθης,2,2,2,"83834,02","0,0003",dwelling,"LSJ, Middle Liddell"
,ὀχεύω,2,2,2,"83836,02","0,0013",cover,"LSJ, Middle Liddell"
2.660,ἀποχράω,2,2,2,"83838,02","0,0006","suffice, be sufficient, be enough","LSJ, Middle Liddell"
,τελέθω,2,2,2,"83840,02","0,0012",come into being,"LSJ, Middle Liddell, Slater, Autenrieth"
,ἐξελαύνω,2,2,2,"83842,02","0,0003","drive out,","LSJ, Middle Liddell, Autenrieth"
,ἐπαμφοτερίζω,2,2,2,"83844,02","0,0013",to be double,"LSJ, Middle Liddell"
,περιάπτω,5,1,2,"83846,02","0,0022","tie, fasten, hang about","LSJ, Middle Liddell, Slater"
,πρόβλημα,2,2,2,"83848,02","0,0008",anything thrown forward,"LSJ, Middle Liddell"
,ἀκίνητος,2,2,2,"83850,02","0,0006","unmoved, motionless","LSJ, Middle Liddell, Slater"
,ἡλικιάζομαι,8,0,2,"83852,02","0,0024",assume this,LSJ
,ἰδέ,18,0,2,"83854,02","0,0083","lo, behold",Middle Liddell
,ἐγκύπτω,2,2,2,"83856,02","0,0014",stoop down and peep in,"LSJ, Middle Liddell"
2.670,ἀπεῖπον,2,2,2,"83858,02","0,0005","speak out, tell out, declare,","LSJ, Middle Liddell, Autenrieth"
,συνέπομαι,2,2,2,"83860,02","0,0009","follow along with, accompany","LSJ, Middle Liddell"
,καταλάμπω,2,2,2,"83862,02","0,0011",shine upon,"LSJ, Middle Liddell"
,ἐκφέρω,2,2,2,"83864,02","0,0003",carry out of,"LSJ, Middle Liddell, Slater, Autenrieth"
,ἀποκλίνω,2,2,2,"83866,02","0,0008",turn off,"LSJ, Middle Liddell, Autenrieth"
,ἐμφαίνω,2,2,2,"83868,02","0,0004","exhibit, display in","LSJ, Middle Liddell"
,ἐξίτηλος,2,2,2,"83870,02","0,0011",going out,"LSJ, Middle Liddell"
,ἀτιμία,2,2,2,"83872,02","0,0007","dishonour, disgrace,","LSJ, Middle Liddell, Slater"
,βλίττω,2,2,2,"83874,02","0,0018","cut out the comb of bees, take the honey","LSJ, Middle Liddell"
,ἀβίωτος,2,2,2,"83876,02","0,0012","not to be lived, insupportable,","LSJ, Middle Liddell"
2.680,πολύχορδος,2,2,2,"83878,02","0,0017","many-stringed,","LSJ, Middle Liddell"
,εὐβουλία,2,2,2,"83880,02","0,0009","good counsel, soundness of judgement, prudence","LSJ, Middle Liddell, Slater"
,μιαίνω,2,2,2,"83882,02","0,0007","stain, dye","LSJ, Middle Liddell, Slater, Autenrieth"
,πωλέω,2,2,2,"83884,02","0,0005",sell,"LSJ, Middle Liddell"
,οἰκοδόμημα,2,2,2,"83886,02","0,0009","building, structure,","LSJ, Middle Liddell"
,δυναστεύω,2,2,2,"83888,02","0,001",hold power,"LSJ, Middle Liddell"
,ἀριστεύω,2,2,2,"83890,02","0,0008",to be best,"LSJ, Middle Liddell, Slater, Autenrieth"
,ἐξαίρω,8,0,2,"83892,02","0,0017","lift up, lift off the earth,","LSJ, Autenrieth"
,ἀσμενής,8,0,2,"83894,02","0,003",[unavailable],LSJ
,αὐλοποιός,2,2,2,"83896,02","0,0018","flute-maker,","LSJ, Middle Liddell"
2.690,ἀφορίζω,2,2,2,"83898,02","0,0008","mark off by boundaries,","LSJ, Middle Liddell"
,πληγή,5,1,2,"83900,02","0,0007","blow, stroke,","LSJ, Middle Liddell, Autenrieth"
,ἀγγεῖον,2,2,2,"83902,02","0,0008",vessel,"LSJ, Middle Liddell"
,εὐηθικός,2,2,2,"83904,02","0,0019",like an,"LSJ, Middle Liddell"
,προσεύχομαι,2,2,2,"83906,02","0,0008",offer prayers,"LSJ, Middle Liddell"
,ῥεῦμα,2,2,2,"83908,02","0,0006","that which flows, current, stream","LSJ, Middle Liddell"
,ἀφετέος,2,2,2,"83910,02","0,0015",one must dismiss,Middle Liddell
,ἀνανδρία,2,2,2,"83912,02","0,0009","want of manhood,","LSJ, Middle Liddell"
,ἀνατρέπω,5,1,2,"83914,02","0,0012","overturn, upset,","LSJ, Middle Liddell, Autenrieth"
,δυσμαθής,5,1,2,"83916,02","0,0037",hard to learn,"LSJ, Middle Liddell"
2.700,συμπότης,2,2,2,"83918,02","0,0011","fellow-drinker, boon-companion","LSJ, Middle Liddell"
,σχάζω,8,0,2,"83920,02","0,0018",slit open so as to let something escape,"LSJ, Middle Liddell, Slater"
,κτῆμα,2,2,2,"83922,02","0,0005","anything gotten, piece of property, possession","LSJ, Middle Liddell, Autenrieth"
,αὐτοφυής,2,2,2,"83924,02","0,001","self-grown,","LSJ, Middle Liddell"
,ἐπιμιμνήσκομαι,2,2,2,"83926,02","0,0008","bethink oneself of, remember, think of","LSJ, Middle Liddell, Autenrieth"
,ὑπόλοιπος,2,2,2,"83928,02","0,0009","left over,","LSJ, Middle Liddell"
,ποίκιλμα,2,2,2,"83930,02","0,0012","broidered stuff, brocade,","LSJ, Middle Liddell, Autenrieth"
,πόποι,2,2,2,"83932,02","0,0014",oh strange! oh shame!,"LSJ, Middle Liddell, Slater, Autenrieth"
,πρᾶσις,2,2,2,"83934,02","0,001","sale,","LSJ, Middle Liddell"
,εὐτυχέω,5,1,2,"83936,02","0,0009","to be prosperous, fortunate","LSJ, Middle Liddell, Slater"
2.710,διακρίνω,2,2,2,"83938,02","0,0005","separate one from another,","LSJ, Middle Liddell, Slater, Autenrieth"
,ἧσσα,5,1,2,"83940,02","0,0012","defeat, discomfiture","LSJ, Middle Liddell"
,ῥώμη,8,0,2,"83942,02","0,0019","bodily strength, might","LSJ, Middle Liddell"
,νομοθεσία,2,2,2,"83944,02","0,0011","legislation,","LSJ, Middle Liddell"
,θεωρός,2,2,2,"83946,02","0,0008",envoy sent to consult an oracle,"LSJ, Middle Liddell"
,σκυτοτομικός,2,2,2,"83948,02","0,0017",of,"LSJ, Middle Liddell"
,ἰτέος,8,0,2,"83950,02","0,0053",(ibo),Middle Liddell
,ἄνθος,8,0,2,"83952,02","0,0022","blossom, flower,","LSJ, Middle Liddell, Slater, Autenrieth"
,νυμφίος,8,0,2,"83954,02","0,0031",bridal,"Middle Liddell, Slater"
,κακηγορέω,2,2,2,"83956,02","0,0016","speak ill of, abuse, slander","LSJ, Middle Liddell"
2.720,συμπεριφέρω,2,2,2,"83958,02","0,0013",carry round along with,"LSJ, Middle Liddell"
,ἀπειροκαλία,2,2,2,"83960,02","0,0013","ignorance of the beautiful, want of taste,","LSJ, Middle Liddell"
,φιλονεικία,8,0,2,"83962,02","0,0024","love of strife, eager rivalry, contentiousness, party-spirit",Middle Liddell
,κίβδηλος,2,2,2,"83964,02","0,001","adulterated, base","LSJ, Middle Liddell, Slater"
,κριτής,8,0,2,"83966,02","0,0024","judge, umpire","LSJ, Middle Liddell"
,ἐπακολουθέω,2,2,2,"83968,02","0,0007","follow close upon, follow after, pursue,","LSJ, Middle Liddell"
,αὐτόθεν,2,2,2,"83970,02","0,0006",from the very spot,"LSJ, Middle Liddell, Slater, Autenrieth"
,φιλόδοξος,2,2,2,"83972,02","0,0012",loving fame,"LSJ, Middle Liddell"
,προκρίνω,2,2,2,"83974,02","0,0007","choose before others, prefer, select,","LSJ, Middle Liddell, Slater"
,μικρολογία,2,2,2,"83976,02","0,0009","meanness, stinginess","LSJ, Middle Liddell"
2.730,διακαθαίρω,2,2,2,"83978,02","0,0015","purge thoroughly,","LSJ, Middle Liddell"
,ἀνάβασις,5,1,2,"83980,02","0,0025","going up, mounting,","LSJ, Middle Liddell"
,ἐγκράτεια,2,2,2,"83982,02","0,0008",mastery over,"LSJ, Middle Liddell"
,κατατέμνω,2,2,2,"83984,02","0,0011","cut in pieces, cut up","LSJ, Middle Liddell"
,κάτοπτρον,2,2,2,"83986,02","0,0008",mirror,"LSJ, Middle Liddell"
,ἐπαινέτης,13,0,2,"83988,02","0,0061","praiser, commender,","LSJ, Middle Liddell"
,πεμπάς,2,2,2,"83990,02","0,0016",the number five,"LSJ, Middle Liddell"
,περίοδος,8,0,2,"83992,02","0,0023","going round, marching round, flank march","LSJ, Middle Liddell"
,πλημμελέω,2,2,2,"83994,02","0,0008","make a false note in music,","LSJ, Middle Liddell"
,ἀγέλη,2,2,2,"83996,02","0,0007",herd,"LSJ, Middle Liddell, Autenrieth"
2.740,φυή,8,0,2,"83998,02","0,0049","growth, stature,","LSJ, Middle Liddell, Autenrieth"
,μεταπείθω,2,2,2,"84000,02","0,001",change a man's persuasion,"LSJ, Middle Liddell"
,ἥδυσμα,2,2,2,"84002,02","0,001","relish, seasoning, sauce","LSJ, Middle Liddell"
,διαμαρτάνω,2,2,2,"84004,02","0,0005","miss entirely, go quite astray from,","LSJ, Middle Liddell"
,ἡμίσεια,8,0,2,"84006,02","0,0033",[unavailable],"LSJ, Middle Liddell"
,δικαστικός,2,2,2,"84008,02","0,0013",of,"LSJ, Middle Liddell"
,ὁμοφυής,2,2,2,"84010,02","0,0019","of the same growth, age,","LSJ, Middle Liddell"
,ὁπλίζω,2,2,2,"84012,02","0,0006",make,"LSJ, Middle Liddell, Autenrieth"
,κατηγορία,2,2,2,"84014,02","0,0005",accusation,"LSJ, Middle Liddell"
,σχηματισμός,2,2,2,"84016,02","0,0011",configuration,"LSJ, Middle Liddell"
2.750,τηρέω,2,2,2,"84018,02","0,0005","watch over, take care of, guard","LSJ, Middle Liddell, Slater"
,παραμελέω,2,2,2,"84020,02","0,0011","disregard, pay no heed to","LSJ, Middle Liddell"
,τράγημα,2,2,2,"84022,02","0,0012",dried fruits,"LSJ, Middle Liddell"
,περαίτερος,2,2,2,"84024,02","0,0009",beyond,"LSJ, Middle Liddell, Slater"
,ὑφαντικός,2,2,2,"84026,02","0,0017","skilled in weaving,","LSJ, Middle Liddell"
,εὐεργετέω,2,2,2,"84028,02","0,0005",to be a benefactor,"LSJ, Middle Liddell"
,εὐχέρεια,2,2,2,"84030,02","0,0011",tolerance of,"LSJ, Middle Liddell"
,ἀδυναμία,2,2,2,"84032,02","0,0011","want of strength, debility","LSJ, Middle Liddell"
,μήποτε,2,2,2,"84034,02","0,0006","never, on no account","LSJ, Middle Liddell, Slater, Autenrieth"
,χρησμός,2,2,2,"84036,02","0,0005","oracular response, oracle,","LSJ, Middle Liddell, Slater"
2.760,διαπονέω,2,2,2,"84038,02","0,0008","work out with labour, elaborate,","LSJ, Middle Liddell"
,ὠνή,2,2,2,"84040,02","0,0011","buying, purchasing,","LSJ, Middle Liddell"
,ῥαψῳδέω,5,1,2,"84042,02","0,0027",recite poems,"LSJ, Middle Liddell"
,ἀναστρέφω,2,2,2,"84044,02","0,0004","turn upside down,","LSJ, Middle Liddell, Autenrieth"
,ἕδρα,8,0,2,"84046,02","0,0023",sitting-place,"LSJ, Middle Liddell, Slater"
,κακοήθεια,2,2,2,"84048,02","0,001","bad disposition, malignity","LSJ, Middle Liddell"
,τηλικοῦτος,2,2,2,"84050,02","0,0003",[unavailable],Middle Liddell
,αὐτόσε,2,2,2,"84052,02","0,0015","thither, to the very place,","LSJ, Middle Liddell"
,φθάνω,2,2,2,"84054,02","0,0003",come,"LSJ, Middle Liddell, Autenrieth"
,ἄκληρος,2,2,2,"84056,02","0,0016",without lot,"LSJ, Middle Liddell, Autenrieth"
2.770,διακονία,2,2,2,"84058,02","0,0011","service,","LSJ, Middle Liddell"
,ἄλφιτον,2,2,2,"84060,02","0,0008","barley-groats,","LSJ, Middle Liddell, Autenrieth"
,ὀθνεῖος,2,2,2,"84062,02","0,0013","strange, foreign,","LSJ, Middle Liddell"
,δωροδοκέω,2,2,2,"84064,02","0,0011",accept as a present,"LSJ, Middle Liddell"
,ἀνομία,2,2,2,"84066,02","0,001","lawlessness, lawless conduct,","LSJ, Middle Liddell"
,καλλωπίζω,2,2,2,"84068,02","0,0008",beautify the face,"LSJ, Middle Liddell"
,συνάγω,5,1,2,"84070,02","0,0006","bring together, gather together","LSJ, Middle Liddell, Slater, Autenrieth"
,καταφανής,8,0,2,"84072,02","0,0025","clearly seen, in sight","LSJ, Middle Liddell"
,ἐμμετρία,2,2,2,"84074,02","0,0024",fit measure,"LSJ, Middle Liddell"
,ἀποτρέπω,2,2,2,"84076,02","0,0005","turn away from,","LSJ, Middle Liddell, Slater, Autenrieth"
2.780,τόλμα,8,0,2,"84078,02","0,0012","courage, hardihood,","LSJ, Middle Liddell, Slater"
,ἐπεικάζω,26,0,2,"84080,02","0,0099","surmise, guess,","LSJ, Middle Liddell"
,τυρός,2,2,2,"84082,02","0,0009","cheese,","LSJ, Middle Liddell, Autenrieth"
,λεπτός,2,2,2,"84084,02","0,0004","peeled, husked","LSJ, Middle Liddell, Slater, Autenrieth"
,ἀβλαβής,2,2,2,"84086,02","0,0008","without harm,","LSJ, Middle Liddell, Slater"
,πότμος,2,2,2,"84088,02","0,001","that which befalls one, lot, destiny","LSJ, Middle Liddell, Slater, Autenrieth"
,ἀγριότης,2,2,2,"84090,02","0,0012","savageness, wildness","LSJ, Middle Liddell"
,μεταστροφή,2,2,2,"84092,02","0,0027",turning from,"LSJ, Middle Liddell"
,δειλία,8,0,2,"84094,02","0,0023","timidity, cowardice,","LSJ, Middle Liddell"
,μιαιφονέω,2,2,2,"84096,02","0,0012",commit murder,"LSJ, Middle Liddell"
2.790,ἀκέραιος,2,2,2,"84098,02","0,0009","pure, unmixed","LSJ, Middle Liddell"
,διαισθάνομαι,2,2,2,"84100,02","0,0017","perceive distinctly, distinguish,","LSJ, Middle Liddell"
,ἠλακάτη,2,2,2,"84102,02","0,0014",distaff,"LSJ, Middle Liddell, Autenrieth"
,ἡνία,2,2,2,"84104,02","0,0008","bridle, reins","LSJ, Middle Liddell"
,διδαχή,2,2,2,"84106,02","0,0013","teaching,",LSJ
,ἀμετάστατος,2,2,2,"84108,02","0,002","unchangeable, unchanging,","LSJ, Middle Liddell"
,σεμνύνω,2,2,2,"84110,02","0,0007","exalt, magnify","LSJ, Middle Liddell"
,νυκτερινός,2,2,2,"84112,02","0,001","by night, nightly,","LSJ, Middle Liddell"
,ἰδέ,18,0,2,"84114,02","0,0083",and,"LSJ, Middle Liddell, Autenrieth"
,ἀνδράποδον,2,2,2,"84116,02","0,0006","one taken in war and sold as a slave,","LSJ, Middle Liddell, Autenrieth"
2.800,ἀπιστία,2,2,2,"84118,02","0,0006","unbelief, distrust,","LSJ, Middle Liddell"
,κεραμεύω,2,2,2,"84120,02","0,0017",to be a potter,"LSJ, Middle Liddell"
,ἀποστρέφω,2,2,2,"84122,02","0,0004",turn back,"LSJ, Middle Liddell, Autenrieth"
,κολακεία,2,2,2,"84124,02","0,0007","flattery, fawning","LSJ, Middle Liddell"
,ἐπαιάζω,2,2,2,"84126,02","0,0015",cry,"LSJ, Middle Liddell"
,φιλόπολις,2,2,2,"84128,02","0,0011","loving the city,","LSJ, Middle Liddell, Slater"
,γνώμη,2,2,2,"84130,02","0,0002",means of knowing,"LSJ, Middle Liddell"
,γυμνασία,14,0,2,"84132,02","0,0046",right to use,"LSJ, Middle Liddell"
,εὐπάθεια,2,2,2,"84134,02","0,0012","comfort, ease","LSJ, Middle Liddell"
,εὐχωλή,2,2,2,"84136,02","0,0014","prayer, vow","LSJ, Middle Liddell, Autenrieth"
2.810,ἄμαχος,2,2,2,"84138,02","0,0007",without battle:,"LSJ, Middle Liddell, Slater"
,ἀνάθημα,2,2,2,"84140,02","0,0006",that which is set up:,"LSJ, Middle Liddell, Autenrieth"
,θυμίαμα,2,2,2,"84142,02","0,001",incense,"LSJ, Middle Liddell"
,ἄνανδρος,2,2,2,"84144,02","0,0007","husbandless,","LSJ, Middle Liddell"
,εὔνους,5,1,2,"84146,02","0,0012","well-minded, well-disposed, kindly, friendly",Middle Liddell
,ἀνιαρός,2,2,2,"84148,02","0,0007","grievous, troublesome, annoying,","LSJ, Middle Liddell, Slater"
,καθαρμός,2,2,2,"84150,02","0,0008","cleansing, purification","LSJ, Middle Liddell"
,ἀνυπόθετος,2,2,2,"84152,02","0,002","not hypothetical, unconditioned, absolute,",LSJ
,εἰσφορά,2,2,2,"84154,02","0,0009",carrying,"LSJ, Middle Liddell"
,ἀπεργασία,2,2,2,"84156,02","0,0018","finishing off, completing,","LSJ, Middle Liddell"
2.820,κατέρχομαι,2,2,2,"84158,02","0,0005",go down,"LSJ, Middle Liddell, Autenrieth"
,ἀποσβέννυμι,2,2,2,"84160,02","0,0008","extinguish, quench,","LSJ, Middle Liddell"
,ἕξ,2,2,2,"84162,02","0,0005","six,","LSJ, Middle Liddell, Slater, Autenrieth"
,τλάω,2,2,2,"84164,02","0,0007","suffer, undergo","LSJ, Middle Liddell, Slater"
,ἐξέρχομαι,2,2,2,"84166,02","0,0004",go,"LSJ, Middle Liddell, Autenrieth"
,κραδίας,8,0,2,"84168,02","0,0043",curdled with fig-juice,LSJ
,περιέρχομαι,2,2,2,"84170,02","0,0006","go round, go about","LSJ, Middle Liddell"
,λυσσάω,2,2,2,"84172,02","0,0009",to be raging,"LSJ, Middle Liddell"
,βόσκημα,2,2,2,"84174,02","0,0008",that which is fed,"LSJ, Middle Liddell"
,μάντις,2,2,2,"84176,02","0,0004","diviner, seer, prophet","LSJ, Middle Liddell, Slater, Autenrieth"
2.830,εὐειδής,2,2,2,"84178,02","0,001","well-shaped, comely","LSJ, Middle Liddell, Slater, Autenrieth"
,προοράω,2,2,2,"84180,02","0,0008","see before one, look forward to,","LSJ, Middle Liddell, Slater"
,ζητητικός,2,2,2,"84182,02","0,0016",disposed to search,"LSJ, Middle Liddell"
,Ῥώμη,8,0,2,"84184,02","0,0019","Roma, Rome",LSJ
,ξενικός,2,2,2,"84186,02","0,0008",of,"LSJ, Middle Liddell"
,σκιάς,32,0,2,"84188,02","0,0118",canopy,"LSJ, Middle Liddell"
,δρέπανον,2,2,2,"84190,02","0,001","pruning-knife,","LSJ, Middle Liddell"
,ἰχθύς,2,2,2,"84192,02","0,0006",a fish,"Middle Liddell, Slater, Autenrieth"
,ἄνθος,8,0,2,"84194,02","0,0022","bird,",LSJ
,συναθροίζω,2,2,2,"84196,02","0,0009","gather together, assemble","LSJ, Middle Liddell"
2.840,σύνταξις,2,2,2,"84198,02","0,0008","putting together in order, arranging","LSJ, Middle Liddell"
,ἀποκριτέον,8,0,2,"84200,02","0,0076","one must reject,",LSJ
,οἶος,63,0,2,"84202,02","0,0207",alone,Slater
,παρακαλύπτω,2,2,2,"84204,02","0,0014","cover by hanging something beside, cloak, disguise","LSJ, Middle Liddell"
,τρέχω,2,2,2,"84206,02","0,0005","run,","LSJ, Middle Liddell, Slater, Autenrieth"
,κριτός,8,0,2,"84208,02","0,0024","separated, picked out, chosen","LSJ, Middle Liddell, Slater, Autenrieth"
,πειθαρχέω,2,2,2,"84210,02","0,0011",obey one in authority,"LSJ, Middle Liddell"
,ὑμέτερος,2,2,2,"84212,02","0,0006","your, yours,","LSJ, Middle Liddell, Slater, Autenrieth"
,ὑπερφυής,2,2,2,"84214,02","0,0007",growing above,"LSJ, Middle Liddell"
,εὐρυθμία,2,2,2,"84216,02","0,0014",rhythmical order,"LSJ, Middle Liddell"
2.850,μετέρχομαι,2,2,2,"84218,02","0,0006",come,"LSJ, Middle Liddell, Slater, Autenrieth"
,ἀθανατόω,8,0,2,"84220,02","0,0024",make immortal,LSJ
,προσδέησις,2,2,2,"84222,02","0,002","want, need",LSJ
,πύθω,8,0,2,"84224,02","0,0011",cause to rot,"LSJ, Middle Liddell, Autenrieth"
,ἀποκριτέος,8,0,2,"84226,02","0,0076",one must reject,Middle Liddell
,νυμφίος,8,0,2,"84228,02","0,0031","bridegroom,","LSJ, Middle Liddell"
,συμμετρία,2,2,2,"84230,02","0,0009",commensurability,"LSJ, Middle Liddell"
,ἀποπέμπω,2,2,2,"84232,02","0,0004",send off,"LSJ, Middle Liddell, Slater, Autenrieth"
,ἀποτέμνω,2,2,2,"84234,02","0,0006","cut off, sever,","LSJ, Middle Liddell"
,παραπίπτω,2,2,2,"84236,02","0,0009",fall beside,"LSJ, Middle Liddell"
2.860,ἀστεῖος,2,2,2,"84238,02","0,0007",of the town,"LSJ, Middle Liddell"
,ἐπαινετός,13,0,2,"84240,02","0,0059","to be praised, praiseworthy, laudable,","LSJ, Middle Liddell"
,διδακτός,2,2,2,"84242,02","0,0012","taught, learnt,","LSJ, Middle Liddell, Slater"
,νοσοτροφία,2,2,2,"84244,02","0,0024","nursing of disease,","LSJ, Middle Liddell"
,οἶος,63,0,2,"84246,02","0,0207","alone, lonely,","LSJ, Middle Liddell, Slater, Autenrieth"
,ἀνέρχομαι,2,2,2,"84248,02","0,0007","go up,","LSJ, Middle Liddell, Autenrieth"
,ὀξέως,8,0,2,"84250,02","0,0032",[unavailable],Middle Liddell
,σύνδεσμος,2,2,2,"84252,02","0,001","that which binds together, bond of union, fastening","LSJ, Middle Liddell"
,ἀσωτία,2,2,2,"84254,02","0,0011","prodigality, wastefulness,","LSJ, Middle Liddell"
,πέσσω,5,1,2,"84256,02","0,0015",Acut.(Sp.),"LSJ, Middle Liddell, Slater, Autenrieth"
2.870,βούλευμα,2,2,2,"84258,02","0,0006","resolution, purpose","LSJ, Middle Liddell, Slater"
,μακρολογέω,2,2,2,"84260,02","0,0012","speak at length, use many words","LSJ, Middle Liddell"
,δίς,2,2,2,"84262,02","0,0004","twice, doubly,","LSJ, Middle Liddell, Slater, Autenrieth"
,οἰκειότης,2,2,2,"84264,02","0,0008",a being,"LSJ, Middle Liddell"
,ἰαμβεῖος,2,2,2,"84266,02","0,0011",iambic,"LSJ, Middle Liddell"
,ἱππόομαι,8,0,2,"84268,02","0,0017",have the concept,LSJ
,ὁμονοέω,2,2,2,"84270,02","0,0009","to be of one mind, agree,","LSJ, Middle Liddell"
,ἑδράζω,8,0,2,"84272,02","0,0023","cause to sit, place","LSJ, Middle Liddell"
,ἀπελαύνω,2,2,2,"84274,02","0,0005","drive away, expel from","LSJ, Middle Liddell"
,παίδευσις,2,2,2,"84276,02","0,001",process,"LSJ, Middle Liddell"
2.880,ταμιεύω,2,2,2,"84278,02","0,0008","to be treasurer, paymaster, controller,","LSJ, Middle Liddell, Slater"
,ἐναντίωμα,2,2,2,"84280,02","0,0016",anything opposite,"LSJ, Middle Liddell"
,τεχνικός,2,2,2,"84282,02","0,0009","artistic, skilful, workmanlike","LSJ, Middle Liddell"
,παρακινέω,2,2,2,"84284,02","0,0012","move aside, disturb","LSJ, Middle Liddell"
,ἐπέκεινα,2,2,2,"84286,02","0,0009","on yonder side, beyond,","LSJ, Middle Liddell"
,ἀχρηστέω,18,0,2,"84288,02","0,0087","to be useless,",LSJ
,ὑπολείπω,2,2,2,"84290,02","0,0005","leave remaining,","LSJ, Middle Liddell, Autenrieth"
,βομβέω,2,2,2,"84292,02","0,0013",make a booming noise,"LSJ, Middle Liddell, Autenrieth"
,ἐριστικός,2,2,2,"84294,02","0,0012",eager for strife,LSJ
,φρήν,2,2,2,"84296,02","0,0004","midriff,","LSJ, Middle Liddell, Slater, Autenrieth"
2.890,μέτοικος,2,2,2,"84298,02","0,0009","settler from abroad, alien resident in a foreign city, denizen","LSJ, Middle Liddell"
,ζήτημα,2,2,2,"84300,02","0,0013",that which is sought,"LSJ, Middle Liddell"
,διανόημα,2,2,2,"84302,02","0,0012","thought, notion,","LSJ, Middle Liddell"
,ᾠδή,13,0,2,"84304,02","0,0036","song, lay, ode,","LSJ, Middle Liddell"
,ναυτικός,2,2,2,"84306,02","0,0006",of,"LSJ, Middle Liddell"
,ἀναγιγνώσκω,2,2,2,"84308,02","0,0004","know well, know certainly,","LSJ, Middle Liddell, Autenrieth"
,θρέψις,8,0,2,"84310,02","0,0055",nourishing,LSJ
,οἰκουμένη,8,0,2,"84312,02","0,0026","inhabited region,","LSJ, Middle Liddell"
,στῆθος,2,2,2,"84314,02","0,0007",breast,"LSJ, Middle Liddell, Slater, Autenrieth"
,ἀντιλέγω,2,2,2,"84316,02","0,0005","speak against, gainsay, contradict,","LSJ, Middle Liddell"
2.900,ἀποκναίω,2,2,2,"84318,02","0,0012","scrape, rub off,","LSJ, Middle Liddell"
,ἔμμετρος,2,2,2,"84320,02","0,0011","in measure, proportioned","LSJ, Middle Liddell"
,τιμοκρατία,2,2,2,"84322,02","0,0024",state in which the love of honour is the ruling principle,"LSJ, Middle Liddell"
,παροιμία,8,0,2,"84324,02","0,003","proverb, maxim, saw","LSJ, Middle Liddell"
,περιπλάσσω,2,2,2,"84326,02","0,0016",plaster,"LSJ, Middle Liddell"
,φιλογυμναστέω,5,1,2,"84328,02","0,0043","love gymnastic exercises,","LSJ, Middle Liddell"
,δειλιάω,8,0,2,"84330,02","0,0023","to be afraid,","LSJ, Middle Liddell"
,μιαρός,2,2,2,"84332,02","0,0006",stained,"LSJ, Middle Liddell, Autenrieth"
,ἀκράτωρ,2,2,2,"84334,02","0,0017",[unavailable],"LSJ, Middle Liddell"
,θερμότης,2,2,2,"84336,02","0,0009",heat,"LSJ, Middle Liddell"
2.910,νυκτερίς,2,2,2,"84338,02","0,0014","bat,","LSJ, Middle Liddell, Autenrieth"
,ἔγκειμαι,2,2,2,"84340,02","0,0007","lie in, be wrapped in","LSJ, Middle Liddell, Slater, Autenrieth"
,ὅρκος,5,1,2,"84342,02","0,0009","the object by which one swears,","LSJ, Middle Liddell, Slater, Autenrieth"
,ἀπατεών,2,2,2,"84344,02","0,0013","cheat, rogue,","LSJ, Middle Liddell"
,συνεθίζω,2,2,2,"84346,02","0,001",accustom,"LSJ, Middle Liddell"
,ἕκτος,8,0,2,"84348,02","0,0024",sixth,"LSJ, Middle Liddell, Slater, Autenrieth"
,τάχα,18,0,2,"84350,02","0,003","quickly, presently, forthwith","LSJ, Middle Liddell, Slater, Autenrieth"
,πολυκέφαλος,2,2,2,"84352,02","0,0017","many-headed,","LSJ, Middle Liddell"
,δευσοποιός,2,2,2,"84354,02","0,0015","deeply dyed, fast,","LSJ, Middle Liddell"
,δικανικός,2,2,2,"84356,02","0,0011","skilled in pleading,","LSJ, Middle Liddell"
2.920,ἀναίδεια,2,2,2,"84358,02","0,0009","shamelessness,","LSJ, Middle Liddell"
,ὀλοφύρομαι,2,2,2,"84360,02","0,0009","lament, wail, moan,","LSJ, Middle Liddell, Slater, Autenrieth"
,ἀνίατος,2,2,2,"84362,02","0,001","incurable,","LSJ, Middle Liddell, Slater"
,κατάδηλος,2,2,2,"84364,02","0,001","manifest, visible","LSJ, Middle Liddell"
,συνθηρεύω,2,2,2,"84366,02","0,0018",catch,"LSJ, Middle Liddell"
,κατεύχομαι,2,2,2,"84368,02","0,0011",pray earnestly,"LSJ, Middle Liddell"
,ὀψέ,2,2,2,"84370,02","0,0005","after a long time, at length, late","LSJ, Middle Liddell, Slater, Autenrieth"
,ἐνίπτω,2,2,2,"84372,02","0,0013","reprove, upbraid,","LSJ, Middle Liddell, Slater, Autenrieth"
,ἀρρυθμία,2,2,2,"84374,02","0,002",want of rhythm,"LSJ, Middle Liddell"
,ἐπέτειος,2,2,2,"84376,02","0,0012","annual,","LSJ, Middle Liddell, Slater"
2.930,ἑταιρεία,2,2,2,"84378,02","0,0008","association, brotherhood,","LSJ, Middle Liddell"
,εὔνοια,2,2,2,"84380,02","0,0003","goodwill, favour","LSJ, Middle Liddell, Slater"
,εὐφημέω,2,2,2,"84382,02","0,0007",use words of good omen,"LSJ, Middle Liddell, Autenrieth"
,διαφανής,5,1,2,"84384,02","0,0024","translucent, transparent,","LSJ, Middle Liddell"
,ἀναλωτής,2,2,2,"84386,02","0,0015","spender, waster,","LSJ, Middle Liddell"
,δρέπω,2,2,2,"84388,02","0,0008",V A,"LSJ, Middle Liddell, Slater, Autenrieth"
,εἰσδέχομαι,2,2,2,"84390,02","0,0009","take into, admit,","LSJ, Middle Liddell"
,ὀφλισκάνω,2,2,2,"84392,02","0,0007",become a debtor,"LSJ, Middle Liddell"
,Ἶσος,8,0,2,"84394,02","0,0013",[unavailable],Autenrieth
,ἀποφεύγω,2,2,2,"84396,02","0,0006","flee from, escape,","LSJ, Middle Liddell, Slater"
2.940,ἐνάμιλλος,2,2,2,"84398,02","0,0012","engaged in equal contest with, a match for","LSJ, Middle Liddell"
,κιθαριστικός,2,2,2,"84400,02","0,0016",skilled in citharaplaying,"LSJ, Middle Liddell"
,κυλινδέω,2,2,2,"84402,02","0,0009",[unavailable],"LSJ, Middle Liddell"
,ἐπίλοιπος,2,2,2,"84404,02","0,001","still left, remaining","LSJ, Middle Liddell, Slater"
,πίθηκος,2,2,2,"84406,02","0,0009","ape, monkey","LSJ, Middle Liddell"
,πλησμονή,2,2,2,"84408,02","0,0009","a being filled, satiety,","LSJ, Middle Liddell"
,φιλόθηρος,2,2,2,"84410,02","0,0017","fond of hunting,","LSJ, Middle Liddell"
,γηγενής,2,2,2,"84412,02","0,001",earthborn,"LSJ, Middle Liddell"
,ἄγρυπνος,2,2,2,"84414,02","0,0011",wakeful,"LSJ, Middle Liddell"
,δεῖμα,5,1,2,"84416,02","0,0019","fear,","LSJ, Middle Liddell, Slater, Autenrieth"
2.950,ἀναβιόω,2,2,2,"84418,02","0,0011","come to life again,","LSJ, Middle Liddell"
,ὀκτώ,2,2,2,"84420,02","0,0005","eight,","LSJ, Middle Liddell, Slater, Autenrieth"
,κατορύσσω,2,2,2,"84422,02","0,0008","bury, sink in the earth","LSJ, Middle Liddell"
,ἀποτίνω,2,2,2,"84424,02","0,0007","repay,","LSJ, Middle Liddell, Autenrieth"
,παραδύομαι,2,2,2,"84426,02","0,0013","creep, slink","LSJ, Middle Liddell"
,ἀρχικός,2,2,2,"84428,02","0,0012",of,"LSJ, Middle Liddell"
,τριχῆ,2,2,2,"84430,02","0,0011","in three ways, triply,","LSJ, Middle Liddell"
,ὑπερέχω,2,2,2,"84432,02","0,0006","hold over,","LSJ, Middle Liddell, Autenrieth"
,ἐρεθίζω,2,2,2,"84434,02","0,0008","rouse to anger, rouse to fight,","LSJ, Middle Liddell, Slater, Autenrieth"
,εὐαρμοστία,2,2,2,"84436,02","0,0015","happy adaptation, suitableness","LSJ, Middle Liddell"
2.960,ἀζήμιος,2,2,2,"84438,02","0,0011",free from further payment,"LSJ, Middle Liddell"
,προσαναγορεύω,2,2,2,"84440,02","0,0024",announce besides,"LSJ, Middle Liddell"
,μηχανεύς,8,0,2,"84442,02","0,0022",contriver,LSJ
,ψόφος,2,2,2,"84444,02","0,0006",noise,"LSJ, Middle Liddell, Slater"
,σκέμμα,2,2,2,"84446,02","0,0015",subject for speculation,"LSJ, Middle Liddell"
,ἐγερτικός,2,2,2,"84448,02","0,0018","waking, stirring","LSJ, Middle Liddell"
,συγκεράννυμι,2,2,2,"84450,02","0,0009","mix, blend with","LSJ, Middle Liddell"
,ὁπλιτικός,2,2,2,"84452,02","0,0012",of,"LSJ, Middle Liddell"
,ἑκτέος,2,2,2,"84454,02","0,0014","to be held,","LSJ, Middle Liddell"
,ἀπομαντεύομαι,2,2,2,"84456,02","0,002","divine by instinct, presage,","LSJ, Middle Liddell"
2.970,τοιγάρ,2,2,2,"84458,02","0,0005","therefore, accordingly, well then,","LSJ, Middle Liddell"
,ἐπάνοδος,2,2,2,"84460,02","0,0011","rising up,","LSJ, Middle Liddell"
,ἐπίθυμον,18,0,2,"84462,02","0,0066","a parasitic plant growing on thyme, Cuscuta Epithymum",LSJ
,ὑπείκω,5,1,2,"84464,02","0,0017","retire, withdraw, depart,","LSJ, Middle Liddell, Autenrieth"
,ποίμνιον,8,0,2,"84466,02","0,004","of sheep,","LSJ, Middle Liddell"
,ἀγωνίζομαι,2,2,2,"84468,02","0,0003",contend for a prize,"LSJ, Middle Liddell"
,δανείζω,2,2,2,"84470,02","0,0006","put out money at usury, lend,","LSJ, Middle Liddell"
,προέρχομαι,2,2,2,"84472,02","0,0004","go forward, advance,","LSJ, Middle Liddell"
,ἄθυμος,2,2,2,"84474,02","0,0008","fainthearted, spiritless","LSJ, Middle Liddell, Autenrieth"
,νεωτερίζω,2,2,2,"84476,02","0,0009","makeinnovations,","LSJ, Middle Liddell"
2.980,ξύλινος,2,2,2,"84478,02","0,0007","of wood, wooden,","LSJ, Middle Liddell, Slater"
,οἶνον,15,0,2,"84480,02","0,0025",[unavailable],LSJ
,δύσκριτος,2,2,2,"84482,02","0,0014",hard to discern,"LSJ, Middle Liddell"
,μεθό,18,0,2,"84484,02","0,0023",after that.,Middle Liddell
,ὁμονοητικός,2,2,2,"84486,02","0,0022","conducing to agreement, in harmony,","LSJ, Middle Liddell"
,ἀπαλλαγή,10,1,2,"84488,02","0,0032","deliverance, release, relief from","LSJ, Middle Liddell"
,σύνθεσις,2,2,2,"84490,02","0,0009","putting together, composition, combination","LSJ, Middle Liddell, Slater"
,ἀπράγμων,2,2,2,"84492,02","0,0008",free from business,"LSJ, Middle Liddell"
,κοιμάω,2,2,2,"84494,02","0,0006","lull, put to sleep","LSJ, Middle Liddell, Autenrieth"
,κομψεύω,2,2,2,"84496,02","0,0015",refine upon,"LSJ, Middle Liddell"
2.990,παραχέω,8,0,2,"84498,02","0,0023",pour in beside,"LSJ, Middle Liddell"
,λίχνος,2,2,2,"84500,02","0,0012",gluttonous,"LSJ, Middle Liddell"
,φθέγμα,2,2,2,"84502,02","0,001","sound of the voice, voice,","LSJ, Middle Liddell, Slater"
,ἡλιοειδής,2,2,2,"84504,02","0,0021","like the sun, bright and beaming","LSJ, Middle Liddell"
,μυθολογία,2,2,2,"84506,02","0,0012","romance, fiction","LSJ, Middle Liddell"
,ὠδίνω,2,2,2,"84508,02","0,0009","to have the pains of childbirth, be in travail,","LSJ, Middle Liddell, Autenrieth"
,ναυτιλία,2,2,2,"84510,02","0,001","sailing, seamanship,","LSJ, Middle Liddell, Slater"
,νῶτον,2,2,2,"84512,02","0,0005","back,","LSJ, Middle Liddell, Slater, Autenrieth"
,σκιαγραφία,2,2,2,"84514,02","0,0015",painting with the shadows,"LSJ, Middle Liddell"
,θωπεύω,2,2,2,"84516,02","0,0012","flatter, wheedle","LSJ, Middle Liddell"
3.000,ἰτέον,8,0,2,"84518,02","0,0044",ibo) one must go,LSJ
,ἀνομοιότης,2,2,2,"84520,02","0,0011","unlikeness, dissimilarity,","LSJ, Middle Liddell"
,καίω,5,1,2,"84522,02","0,0011",kindle,"LSJ, Middle Liddell, Slater, Autenrieth"
,ἀντιλογία,2,2,2,"84524,02","0,001","contradiction, controversy,","LSJ, Middle Liddell"
,ἀπειρία,8,0,2,"84526,02","0,0024","want of skill, inexperience, ignorance,","LSJ, Middle Liddell"
,ἔνθα,2,2,2,"84528,02","0,0003","there,","LSJ, Middle Liddell, Slater, Autenrieth"
,ἀσάφεια,2,2,2,"84530,02","0,0012","want of clearness, uncertainty, obscurity,","LSJ, Middle Liddell"
,παροιμιάζω,8,0,2,"84532,02","0,0029",cite the Proverbs of,"LSJ, Middle Liddell"
,πένθος,5,1,2,"84534,02","0,0011","grief, sorrow","LSJ, Middle Liddell, Slater, Autenrieth"
,τροπέω,87,0,"1,95","84535,97","0,0122","turn,","LSJ, Middle Liddell, Autenrieth"
3.010,τροπόω,87,0,"1,95","84537,93","0,0143","make to turn, put to flight,",LSJ
,τροπόω,87,0,"1,95","84539,88","0,0143","furnish the oar with its thong,","LSJ, Middle Liddell"
,ἀνάσσω,47,0,"1,95","84541,83","0,0099","to be lord, master,","LSJ, Middle Liddell, Slater, Autenrieth"
,καιρός,19,0,"1,92","84543,75","0,0012","due measure, proportion, fitness","LSJ, Middle Liddell, Slater"
,ὁρμή,19,0,"1,92","84545,66","0,0031","rapid motion forwards, onrush, onset, assault,","LSJ, Middle Liddell, Autenrieth"
,καῖρος,19,0,"1,92","84547,58","0,0012",row of thrums,LSJ
,καῖρος,19,0,"1,92","84549,5","0,0012",the row of thrums,Middle Liddell
,δεσμέω,26,0,"1,92","84551,41","0,0071","undergo ankylosis,",LSJ
,σιγάζω,14,0,"1,92","84553,33","0,0034",bid,"LSJ, Middle Liddell, Slater"
,μαλίς,190,0,"1,9","84555,23","0,0667",[unavailable],Middle Liddell
3.020,μηλίς,190,0,"1,9","84557,13","0,0667",[unavailable],"LSJ, Middle Liddell"
,μηλίς,190,0,"1,9","84559,03","0,0667",a distemper of asses,LSJ
,μηλίς,190,0,"1,9","84560,93","0,0667",yellow pigment,LSJ
,παρόω,16,0,"1,9","84562,83","0,0018",[unavailable],LSJ
,νέομαι,79,0,"1,88","84564,71","0,0194",go,"LSJ, Middle Liddell, Slater, Autenrieth"
,δοκή,37,0,"1,87","84566,58","0,0057","vision, fancy,","LSJ, Middle Liddell"
,χειροτεχνέω,9,0,"1,83","84568,41","0,0067",to be a,LSJ
,Ἄγριος,14,0,"1,83","84570,25","0,0039",[unavailable],Autenrieth
,πρόειμι,9,0,"1,83","84572,08","0,0019","sum) to be before,","LSJ, Middle Liddell"
,δωρέω,9,0,"1,83","84573,91","0,0019","give, present","LSJ, Middle Liddell, Slater"
3.030,ἀτιμάω,9,0,"1,83","84575,75","0,0028","dishonour, disdain,","LSJ, Middle Liddell, Slater, Autenrieth"
,χαλάω,6,1,"1,83","84577,58","0,0019",Aër.,"LSJ, Middle Liddell, Slater"
,σιδηρόω,15,0,"1,83","84579,41","0,0043",overlay with iron,"LSJ, Middle Liddell"
,νομή,66,0,"1,83","84581,25","0,0122","pasturage,","LSJ, Middle Liddell"
,ὀργανόω,27,0,"1,83","84583,08","0,0099","to be organized,",LSJ
,ἐτάζω,14,0,"1,83","84584,91","0,0018","examine, test,","LSJ, Middle Liddell"
,οἰκόδομος,9,0,"1,83","84586,75","0,0048","builder, architect,",LSJ
,νεκρόω,9,0,"1,83","84588,58","0,0015","make dead, mortify,","LSJ, Middle Liddell"
,οἰκοδόμος,9,0,"1,83","84590,41","0,0048","a builder, an architect",Middle Liddell
,χαλκεύς,20,0,"1,83","84592,25","0,0062","coppersmith,","LSJ, Middle Liddell, Autenrieth"
3.040,ἀκροάζομαι,9,0,"1,83","84594,08","0,0024",[unavailable],LSJ
,πάτριος,6,1,"1,83","84595,91","0,0012",of,"LSJ, Middle Liddell, Slater"
,πιστός,15,0,"1,83","84597,75","0,0025",liquid,"LSJ, Middle Liddell"
,ἰδιόομαι,6,1,"1,83","84599,58","0,002","make one's own, appropriate","LSJ, Middle Liddell"
,μακαρίζω,9,0,"1,83","84601,41","0,0027","bless, deem","LSJ, Middle Liddell, Slater, Autenrieth"
,ἀκροάομαι,9,0,"1,83","84603,25","0,002","hearken, listen to","LSJ, Middle Liddell"
,στερεός,6,1,"1,83","84605,08","0,0023","firm, solid","LSJ, Middle Liddell, Slater, Autenrieth"
,πιστός,15,0,"1,83","84606,91","0,0025",to be trusted,"LSJ, Middle Liddell, Slater, Autenrieth"
,πονέομαι,9,0,"1,83","84608,75","0,0022","be engaged in
            toil, toil, labor, be busy",Autenrieth
,σίδηρον,15,0,"1,83","84610,58","0,0031",[unavailable],LSJ
3.050,σημεία,9,0,"1,83","84612,41","0,0022",military standard,LSJ
,σκύλαξ,6,1,"1,83","84614,25","0,0029","young dog, puppy","LSJ, Middle Liddell, Autenrieth"
,ποθέω,6,1,"1,83","84616,08","0,001","long for, yearn after","LSJ, Middle Liddell, Slater, Autenrieth"
,ἀγριάω,30,0,"1,83","84617,91","0,0085",to be savage,LSJ
,μισθαρνέω,6,1,"1,83","84619,75","0,0039",work,"LSJ, Middle Liddell"
,ἀνατίθημι,6,1,"1,83","84621,58","0,001","lay upon,","LSJ, Middle Liddell, Slater, Autenrieth"
,θεωρία,6,1,"1,83","84623,41","0,0021",sending of,"LSJ, Middle Liddell"
,μανία,29,0,"1,8","84625,21","0,0068",madness,"LSJ, Middle Liddell, Slater"
,μανία,29,0,"1,8","84627,01","0,0068",[unavailable],LSJ
,κυνώ,45,0,"1,8","84628,81","0,0155",bitch,"LSJ, Middle Liddell"
3.060,μανιάω,29,0,"1,8","84630,61","0,0068","to be mad, rave",LSJ
,περάω,28,0,"1,78","84632,4","0,0038","to carry beyond seas for the purpose of selling, to export for sale","LSJ, Middle Liddell, Autenrieth"
,περάω,28,0,"1,78","84634,18","0,0035",drive right through,"LSJ, Middle Liddell, Slater, Autenrieth"
,ὑπνάω,21,0,"1,75","84635,93","0,0051",to sleep,Middle Liddell
,ἑξῆς,28,0,"1,75","84637,68","0,0065","one after another, in order, in a row,","LSJ, Middle Liddell, Autenrieth"
,ἐπίστημος,28,0,"1,75","84639,43","0,0149",knowing,LSJ
,λυάω,10,0,"1,75","84641,18","0,0029",[unavailable],LSJ
,σιτίζω,28,0,"1,75","84642,93","0,0098",feed,"LSJ, Middle Liddell"
,ἀτεχνής,28,0,"1,75","84644,68","0,0094",[unavailable],LSJ
,ἐπιστημόω,28,0,"1,75","84646,43","0,015",make wise,LSJ
3.070,κεραμεύς,10,0,"1,75","84648,18","0,0053",potter,"LSJ, Middle Liddell, Autenrieth"
,πολλαπλάσιος,10,0,"1,75","84649,93","0,0044",many,"LSJ, Middle Liddell"
,ἄτεχνος,28,0,"1,75","84651,68","0,0087","without art, unskilful,","LSJ, Middle Liddell"
,ἀτεχνῶς,28,0,"1,75","84653,43","0,0099",simply,Middle Liddell
,ἐπαίρω,7,1,"1,75","84655,18","0,0011","lift up and set on,","LSJ, Middle Liddell"
,Χρύσης,28,0,"1,75","84656,93","0,0065",Chryses,Autenrieth
,ἀτέχνως,28,0,"1,75","84658,68","0,0099","without art, without rules of art, empirically,","LSJ, Middle Liddell"
,ἀπορρέω,16,0,"1,75","84660,43","0,003",Cat. Cod.Astr.,"LSJ, Middle Liddell"
,ἱερή,59,0,"1,7","84662,13","0,007",[unavailable],"LSJ, Middle Liddell"
,τυπάζω,11,0,"1,7","84663,83","0,0054",[unavailable],LSJ
3.080,ὑφάντης,11,0,"1,7","84665,53","0,0073","weaver,","LSJ, Middle Liddell"
,ἱερά,59,0,"1,7","84667,23","0,0066",serpent,LSJ
,δαπάνη,11,0,"1,7","84668,93","0,0031","cost, expenditure,","LSJ, Middle Liddell"
,κόνις,8,1,"1,7","84670,63","0,003",dust,"LSJ, Middle Liddell, Slater, Autenrieth"
,ὑφαντός,11,0,"1,7","84672,33","0,007","woven,","LSJ, Middle Liddell, Autenrieth"
,ἱεράζω,59,0,"1,7","84674,03","0,0067",serve as priest,LSJ
,μήτις,60,0,"1,67","84675,7","0,0103",do I,"LSJ, Autenrieth"
,μάκρα,15,0,"1,67","84677,36","0,0017",bath-tub,LSJ
,ἀμελής,22,0,"1,67","84679,03","0,005","careless, negligent,","LSJ, Middle Liddell"
,ἱέρεια,10,0,"1,67","84680,7","0,0023",a priestess,"LSJ, Middle Liddell"
3.090,ὁλόομαι,15,0,"1,67","84682,36","0,0047","to be constituted a whole,",LSJ
,φίλων,60,0,"1,67","84684,03","0,0068",[unavailable],LSJ
,Οἶον,60,0,"1,67","84685,7","0,0247","Oeum,",LSJ
,μάκαρ,7,1,"1,67","84687,36","0,0025","blessed, happy","LSJ, Middle Liddell, Slater, Autenrieth"
,ἁπλῶς,15,0,"1,67","84689,03","0,0033","singly, in one way,","LSJ, Middle Liddell"
,ἔνειμι,15,0,"1,67","84690,7","0,0022",sum,"LSJ, Middle Liddell, Slater, Autenrieth"
,ἐφεξῆς,15,0,"1,67","84692,36","0,0041","in order, in a row, one after another","LSJ, Middle Liddell"
,ἀμελής,22,0,"1,67","84694,03","0,005","unmelodious,",LSJ
,ὄψος,10,0,"1,67","84695,7","0,0018",[unavailable],LSJ
,ἐχέτης,22,0,"1,67","84697,36","0,0068",man of substance,"LSJ, Middle Liddell"
3.100,μέτειμι,9,1,"1,67","84699,03","0,0016",ibo,"LSJ, Middle Liddell, Autenrieth"
,ἠρέμα,15,0,"1,67","84700,7","0,0052","gently, softly","LSJ, Middle Liddell"
,δευτερόω,10,0,"1,67","84702,36","0,0032","do the second time: repeat,",LSJ
,στρατιά,15,0,"1,67","84704,03","0,0033",army,"LSJ, Slater"
,μήτις,60,0,"1,67","84705,7","0,0103","lest any one, lest anything; that no one, that nothing","Middle Liddell, Slater"
,μακράν,15,0,"1,67","84707,36","0,0029",far,"LSJ, Middle Liddell"
,πεμπτός,15,0,"1,67","84709,03","0,0037",sent,Middle Liddell
,ἐπιτελέω,7,1,"1,67","84710,7","0,0019","complete, finish, accomplish,","LSJ, Middle Liddell"
,ἔφεξις,15,0,"1,67","84712,36","0,0041","excuse, pretext","LSJ, Middle Liddell"
,ἠρεμάζω,15,0,"1,67","84714,03","0,0051","to be still, silent",LSJ
3.110,στρατία,15,0,"1,67","84715,7","0,0033",an army,Middle Liddell
,κληρόω,15,0,"1,67","84717,36","0,0046",appoint by lot,"LSJ, Middle Liddell"
,πέμπτος,15,0,"1,67","84719,03","0,0037",fifth : with four others,"LSJ, Middle Liddell, Slater, Autenrieth"
,φιλήκοος,10,0,"1,67","84720,7","0,0067",fond of hearing,LSJ
,στράτιος,15,0,"1,67","84722,36","0,0033",of an army,"LSJ, Middle Liddell"
,ῥαίζω,7,1,"1,67","84724,03","0,0034","to grow easier, find relief, recover from illness",Middle Liddell
,ἐνίζω,15,0,"1,67","84725,7","0,0023","to set in,","LSJ, Middle Liddell"
,φιλήκους,10,0,"1,67","84727,36","0,0066",fond of hearing discussions,Middle Liddell
,μῆτις,60,0,"1,67","84729,03","0,0099",counsel,Slater
,ἀγριόω,31,0,"1,67","84730,7","0,0085",makewild,"LSJ, Middle Liddell"
3.120,χάσμα,7,1,"1,67","84732,36","0,0029","yawning chasm, gulf,","LSJ, Middle Liddell"
,μῆτις,60,0,"1,67","84734,03","0,0099","wisdom, skill, craft","LSJ, Middle Liddell, Autenrieth"
,μάομαι,60,0,"1,67","84735,7","0,0104",[unavailable],"LSJ, Autenrieth"
,ἤρεμος,15,0,"1,67","84737,36","0,0051",quiet,"LSJ, Middle Liddell"
,πεμπτός,15,0,"1,67","84739,03","0,0037",sent,LSJ
,βαφή,10,0,"1,67","84740,7","0,0041",dipping,"LSJ, Middle Liddell"
,ζῶσις,15,0,"1,67","84742,36","0,0049","girding on, cincture",LSJ
,συννοέω,7,1,"1,67","84744,03","0,004","meditate, reflect upon","LSJ, Middle Liddell"
,ἀγαπητός,7,1,"1,67","84745,7","0,0024",that wherewith one must be content,"LSJ, Middle Liddell, Autenrieth"
,ζωγραφέω,7,1,"1,67","84747,36","0,0031","paint from life, paint","LSJ, Middle Liddell"
3.130,θερμός,15,1,"1,65","84749,01","0,0031",hot,"LSJ, Middle Liddell, Slater, Autenrieth"
,πυρή,13,0,"1,64","84750,66","0,0037",any place where fire is kindled,"LSJ, Middle Liddell, Autenrieth"
,πυράζω,13,0,"1,64","84752,3","0,0035",singe,LSJ
,ποτή,235,0,"1,61","84753,9","0,0417","flight,","LSJ, Middle Liddell, Autenrieth"
,ποτή,235,0,"1,61","84755,51","0,0417","sample of wine,",LSJ
,πυκνός,17,0,"1,58","84757,09","0,0041","close, compact.","LSJ, Middle Liddell"
,πυκνός,17,0,"1,58","84758,68","0,0041",[unavailable],LSJ
,πατέομαι,65,0,"1,55","84760,22","0,0106",eat,"LSJ, Middle Liddell, Autenrieth"
,πάομαι,65,0,"1,55","84761,77","0,0109","get, acquire","LSJ, Middle Liddell, Slater"
,ἰός,93,0,"1,53","84763,3","0,0205",arrow,"LSJ, Middle Liddell, Autenrieth"
3.140,ἰός,93,0,"1,53","84764,82","0,0209",poison,"LSJ, Slater"
,περισσός,3,1,"1,5","84766,32","0,0004",beyond the regular number,"LSJ, Middle Liddell, Slater"
,θεατέον,6,0,"1,5","84767,82","0,0057",one must see,LSJ
,θεατέος,6,0,"1,5","84769,32","0,0057",to be seen,Middle Liddell
,ἰσχνός,3,1,"1,5","84770,82","0,0016","dry, withered","LSJ, Middle Liddell"
,ἐμβαίνω,3,1,"1,5","84772,32","0,0007",step in,"LSJ, Middle Liddell, Slater, Autenrieth"
,τραπεζεύς,6,0,"1,5","84773,82","0,0016","at, of a table,","LSJ, Middle Liddell, Autenrieth"
,πατρῷος,6,0,"1,5","84775,32","0,0011",of,"LSJ, Middle Liddell"
,περιαγωγή,6,0,"1,5","84776,82","0,004",turning round,"LSJ, Middle Liddell"
,ὑγίεις,6,0,"1,5","84778,32","0,0036",sound,"LSJ, Middle Liddell, Slater"
3.150,βασίλη,6,0,"1,5","84779,82","0,0011","queen, princess,",LSJ
,ὀργή,12,0,"1,5","84781,32","0,0013",natural impulse,"LSJ, Middle Liddell"
,ἐπανίημι,6,0,"1,5","84782,82","0,002","let loose at,","LSJ, Middle Liddell"
,ἀγωγός,6,0,"1,5","84784,32","0,0029","leading, guiding","LSJ, Middle Liddell"
,μεταδοξάζω,3,1,"1,5","84785,82","0,0025",change one's opinion,"LSJ, Middle Liddell"
,ἡγητής,24,0,"1,5","84787,32","0,0142",a guide,LSJ
,προφαίνω,3,1,"1,5","84788,82","0,0012","bring to light, show forth, manifest","LSJ, Middle Liddell, Slater, Autenrieth"
,στόμιον,3,1,"1,5","84790,32","0,0016",mouth,"LSJ, Middle Liddell"
,λίσσομαι,6,0,"1,5","84791,82","0,0029","beg, pray","LSJ, Middle Liddell, Slater, Autenrieth"
,ἐπιτήδευσις,3,1,"1,5","84793,32","0,0017",devotion,"LSJ, Middle Liddell"
3.160,παραδεκτέος,6,0,"1,5","84794,82","0,0066",to be admitted,Middle Liddell
,ἕκατος,6,0,"1,5","84796,32","0,0012",far-shooting,"LSJ, Middle Liddell, Autenrieth"
,φαντάζομαι,6,0,"1,5","84797,82","0,0032","to become visible, appear, shew oneself",Middle Liddell
,λεοντέη,6,0,"1,5","84799,32","0,0019",lion's skin,"LSJ, Middle Liddell"
,ἄκαιρος,3,1,"1,5","84800,82","0,0009","ill-timed, unseasonable","LSJ, Middle Liddell"
,θύρα,6,0,"1,5","84802,32","0,0009",door,"LSJ, Middle Liddell, Slater"
,συνδέω,6,0,"1,5","84803,82","0,0019",bind,"LSJ, Middle Liddell, Autenrieth"
,ἐμπόδιος,3,1,"1,5","84805,32","0,0015",at one's feet,"LSJ, Middle Liddell"
,κράτιστος,3,1,"1,5","84806,82","0,0006","strongest, mightiest","LSJ, Middle Liddell, Slater"
,ἀμφιέννυμι,3,1,"1,5","84808,32","0,0013",put round,"LSJ, Middle Liddell"
3.170,γηροβοσκός,6,0,"1,5","84809,82","0,0047",nourishing,"LSJ, Middle Liddell"
,ἀναρμοστέω,3,1,"1,5","84811,32","0,0024",not to fit,"LSJ, Middle Liddell"
,ἰδιωτίζω,6,0,"1,5","84812,82","0,003",pronounce in the local manner,LSJ
,κέρδος,6,0,"1,5","84814,32","0,0014","gain, profit","LSJ, Middle Liddell, Slater, Autenrieth"
,ἀστρονομέω,3,1,"1,5","84815,82","0,0024","study astronomy,","LSJ, Middle Liddell"
,ἐπαιτιάομαι,3,1,"1,5","84817,32","0,0019","bring a charge against, accuse,","LSJ, Middle Liddell"
,φαλακρός,6,0,"1,5","84818,82","0,0032","baldheaded,","LSJ, Middle Liddell"
,προσφύω,3,1,"1,5","84820,32","0,0013",cause to grow to,"LSJ, Middle Liddell, Autenrieth"
,θαμά,6,0,"1,5","84821,82","0,0031",often,"LSJ, Middle Liddell, Slater"
,σπάνιος,3,1,"1,5","84823,32","0,001","rare, scarce, scanty","LSJ, Middle Liddell"
3.180,δῶμα,3,1,"1,5","84824,82","0,001",house,"LSJ, Middle Liddell, Slater, Autenrieth"
,κόλασις,3,1,"1,5","84826,32","0,001",checking the growth,"LSJ, Middle Liddell"
,μάταιος,3,1,"1,5","84827,82","0,0009","vain, empty, idle","LSJ, Middle Liddell, Slater"
,εὐωχία,6,0,"1,5","84829,32","0,003","good cheer, feasting","LSJ, Middle Liddell"
,προσακούω,6,0,"1,5","84830,82","0,0019","hear besides,","LSJ, Middle Liddell"
,ὡραῖος,3,1,"1,5","84832,32","0,0009",produced at the right season,"LSJ, Middle Liddell, Slater"
,καρπέω,12,0,"1,5","84833,82","0,0028",[unavailable],LSJ
,λογοποιέω,3,1,"1,5","84835,32","0,0017","write, compose","LSJ, Middle Liddell"
,μαρμαρυγή,3,1,"1,5","84836,82","0,0019","flashing, sparkling, gleaming","LSJ, Middle Liddell, Autenrieth"
,ἠμέν,6,0,"1,5","84838,32","0,0022",both . .,"LSJ, Middle Liddell, Autenrieth"
3.190,ἀκτέον,6,0,"1,5","84839,82","0,0048",one must lead,LSJ
,μυκάομαι,3,1,"1,5","84841,32","0,0014","low, bellow","LSJ, Middle Liddell, Autenrieth"
,ὁμόλογος,6,0,"1,5","84842,82","0,002","agreeing, of one mind,","LSJ, Middle Liddell"
,συγγένεια,3,1,"1,5","84844,32","0,0011",kinship,"LSJ, Middle Liddell, Slater"
,προλυπέομαι,3,1,"1,5","84845,82","0,0031",to feel pain before,Middle Liddell
,ἔρις,6,0,"1,5","84847,32","0,0016","strife, quarrel, contention","LSJ, Middle Liddell, Slater, Autenrieth"
,φιλοκερδέω,6,0,"1,5","84848,82","0,0044","to be greedy of gain,","LSJ, Middle Liddell"
,ἐκβάζω,6,0,"1,5","84850,32","0,0024","speak out, declare,","LSJ, Middle Liddell"
,τειχέω,6,0,"1,5","84851,82","0,0013",build walls,"LSJ, Middle Liddell, Slater"
,χειρίς,6,0,"1,5","84853,32","0,0012","a covering for the hand, glove,","LSJ, Middle Liddell, Autenrieth"
3.200,θυράζω,6,0,"1,5","84854,82","0,0008",thrust out of doors,LSJ
,ἄρτιος,3,1,"1,5","84856,32","0,0008","complete, perfect of its kind, suitable, exactly fitled,","LSJ, Middle Liddell, Slater, Autenrieth"
,λειμών,3,1,"1,5","84857,82","0,0009","any moist, grassy place, meadow","LSJ, Middle Liddell, Slater, Autenrieth"
,πετράς,6,0,"1,5","84859,32","0,0019",fourth day,LSJ
,μεῖξις,3,1,"1,5","84860,82","0,0026",[unavailable],LSJ
,σύνθετος,6,0,"1,5","84862,32","0,003","put together, compounded, composite","LSJ, Middle Liddell"
,ἀπόρρητος,3,1,"1,5","84863,82","0,0007","forbidden,","LSJ, Middle Liddell"
,τιτρώσκω,3,1,"1,5","84865,32","0,0007",wound,"LSJ, Middle Liddell, Slater, Autenrieth"
,ἐπιστατητέον,6,0,"1,5","84866,82","0,0071","one must oversee, superintend",LSJ
,γηρότροφος,6,0,"1,5","84868,32","0,0057",[unavailable],LSJ
3.210,ἀνομολογέομαι,3,1,"1,5","84869,82","0,002",agree upon,"LSJ, Middle Liddell"
,ὀνομαστός,3,1,"1,5","84871,32","0,0014","named, to be named,","LSJ, Middle Liddell, Autenrieth"
,κυκλόω,12,0,"1,5","84872,82","0,0032","encircle, surround","LSJ, Middle Liddell, Slater"
,ἀκριβάζω,6,0,"1,5","84874,32","0,0027",to be proud,LSJ
,θαμέες,6,0,"1,5","84875,82","0,003","crowded, close-set","LSJ, Middle Liddell, Autenrieth"
,νεανίσκος,6,0,"1,5","84877,32","0,0013",a youth,Middle Liddell
,ἑκατέρωσε,3,1,"1,5","84878,82","0,0023","to either side, either way,","LSJ, Middle Liddell"
,ἔνος,6,0,"1,5","84880,32","0,0023","year,","LSJ, Middle Liddell"
,αὔξησις,6,0,"1,5","84881,82","0,0019","growth, increase,","LSJ, Middle Liddell"
,ποτέρως,6,0,"1,5","84883,32","0,0044",in which of two ways?,"LSJ, Middle Liddell"
3.220,εὐωχιάζω,6,0,"1,5","84884,82","0,003",[unavailable],LSJ
,συνδέομαι,6,0,"1,5","84886,32","0,0022",join in entreating,"LSJ, Middle Liddell"
,ἐξάγω,3,1,"1,5","84887,82","0,0006","lead out, lead away","LSJ, Middle Liddell, Slater, Autenrieth"
,αὐχμέω,3,1,"1,5","84889,32","0,0013",to be squalid,"LSJ, Middle Liddell, Autenrieth"
,γλύκειος,6,0,"1,5","84890,82","0,0029",[unavailable],LSJ
,ἀκτέος,6,0,"1,5","84892,32","0,0049",one must lead,"LSJ, Middle Liddell"
,πατρώιος,6,0,"1,5","84893,82","0,0011","of one's fathers, ancestral","Slater, Autenrieth"
,κυμάς,6,0,"1,5","84895,32","0,002",pregnant woman,LSJ
,ἔρις,6,0,"1,5","84896,82","0,0016",[unavailable],LSJ
,προσδοκάω,3,1,"1,5","84898,32","0,0006",expect,"LSJ, Middle Liddell"
3.230,ἀνάπτω,6,0,"1,5","84899,82","0,0014",make fast on,"LSJ, Middle Liddell, Autenrieth"
,ἀστήρ,3,1,"1,5","84901,32","0,0008",star,"LSJ, Middle Liddell, Slater, Autenrieth"
,ἀνώτερος,6,0,"1,5","84902,82","0,003","upper, higher,","LSJ, Middle Liddell"
,κυβέρνησις,3,1,"1,5","84904,32","0,0023","steering, pilotage","LSJ, Middle Liddell"
,βάθος,6,0,"1,5","84905,82","0,0014",depth,"LSJ, Middle Liddell"
,μάρτυς,3,1,"1,5","84907,32","0,0005",witness,"LSJ, Middle Liddell, Slater"
,σαφηνέω,6,0,"1,5","84908,82","0,0057",to tell distinctly,"LSJ, Middle Liddell"
,ἀσχημονέω,3,1,"1,5","84910,32","0,0015","behave unseemly, disgrace oneself,","LSJ, Middle Liddell"
,ἀγωγεύς,6,0,"1,5","84911,82","0,0025",haulier,"LSJ, Middle Liddell"
,διαγωγή,3,1,"1,5","84913,32","0,0015","carrying across,","LSJ, Middle Liddell"
3.240,παρατίθημι,3,1,"1,5","84914,82","0,0006",place beside,"LSJ, Middle Liddell, Autenrieth"
,μέλη,11,0,"1,5","84916,32","0,0021",[unavailable],LSJ
,ψυχρός,6,0,"1,5","84917,82","0,0015","cold,","LSJ, Middle Liddell, Slater, Autenrieth"
,νοθόω,6,0,"1,5","84919,32","0,0032","counterfeit,",LSJ
,ὀδύνη,6,0,"1,5","84920,82","0,002","pain of body,","LSJ, Middle Liddell, Autenrieth"
,ἑκατόν,6,0,"1,5","84922,32","0,0012","a hundred,","LSJ, Middle Liddell, Slater, Autenrieth"
,ἔνος,6,0,"1,5","84923,82","0,0023",the day after tomorrow,LSJ
,ἀδεής,6,0,"1,5","84925,32","0,0016",fearless,"LSJ, Middle Liddell"
,ζώς,11,0,"1,5","84926,82","0,0029",[unavailable],"LSJ, Middle Liddell"
,τηρητέον,6,0,"1,5","84928,32","0,0051",one must watch,LSJ
3.250,πνέω,3,1,"1,5","84929,82","0,0009","blow,","LSJ, Middle Liddell, Slater, Autenrieth"
,φθορά,6,0,"1,5","84931,32","0,0017","destruction, ruin,","LSJ, Middle Liddell"
,γλυκύς,6,0,"1,5","84932,82","0,0015",sweet to the taste,"LSJ, Middle Liddell, Slater, Autenrieth"
,νεάνισκος,6,0,"1,5","84934,32","0,0013","youth, young man,",LSJ
,νεώτατος,6,0,"1,5","84935,82","0,0024",youngest,"LSJ, Middle Liddell"
,εὐδοκίμησις,6,0,"1,5","84937,32","0,0048","good repute, credit",Middle Liddell
,ὁλκός,6,0,"1,5","84938,82","0,0026","drawing to oneself, attractive,","LSJ, Middle Liddell"
,τηρητέος,6,0,"1,5","84940,32","0,0051",one must watch,Middle Liddell
,ὕστατος,6,0,"1,5","84941,82","0,0019","last,
            hindmost.","LSJ, Middle Liddell, Autenrieth"
,φαντάζω,6,0,"1,5","84943,32","0,003","make visible, present to the eye",LSJ
3.260,σής,12,0,"1,5","84944,82","0,002",moth,"LSJ, Middle Liddell, Slater"
,πομπεύς,6,0,"1,5","84946,32","0,0023",one who attends,"LSJ, Middle Liddell, Autenrieth"
,ἐφέπω,3,1,"1,5","84947,82","0,0013","ply, wield","LSJ, Middle Liddell, Slater, Autenrieth"
,ἡνίκα,6,0,"1,5","84949,32","0,0017",at the time when,"LSJ, Middle Liddell, Autenrieth"
,σκευαστός,3,1,"1,5","84950,82","0,003","prepared by art, artificial","LSJ, Middle Liddell"
,περιαγωγεύς,6,0,"1,5","84952,32","0,0045",windlass,"LSJ, Middle Liddell"
,φυγάς,3,1,"1,5","84953,82","0,0007",one who flees,"LSJ, Middle Liddell"
,δημοσιόω,6,0,"1,5","84955,32","0,0019",to confiscate,Middle Liddell
,ὀργάω,12,0,"1,5","84956,82","0,0012","to be getting ready to bear, growing ripe","LSJ, Middle Liddell"
,σῦριγξ,3,1,"1,5","84958,32","0,0012","shepherd's pipe, Panspipe","LSJ, Middle Liddell, Autenrieth"
3.270,ἄπολις,6,0,"1,5","84959,82","0,0023","without city, state","LSJ, Middle Liddell"
,κοινών,6,0,"1,5","84961,32","0,0015",partners,"LSJ, Middle Liddell"
,ἐπάνειμι,3,1,"1,5","84962,82","0,0009",ibo,"LSJ, Middle Liddell"
,περιθέω,3,1,"1,5","84964,32","0,0012",run round,"LSJ, Middle Liddell"
,ἡγητήρ,24,0,"1,5","84965,82","0,0133",a guide,"LSJ, Middle Liddell"
,θήκη,3,1,"1,5","84967,32","0,0013","case, chest","LSJ, Middle Liddell"
,τεύχω,3,1,"1,5","84968,82","0,0008","make ready, make","LSJ, Middle Liddell, Slater, Autenrieth"
,ἐπακτός,3,1,"1,5","84970,32","0,0018","brought in,","LSJ, Middle Liddell, Slater"
,αὐτοματέω,6,0,"1,5","84971,82","0,0022",[unavailable],LSJ
,ὑπέχω,3,1,"1,5","84973,32","0,0005","hold under,","LSJ, Middle Liddell, Slater, Autenrieth"
3.280,φήμη,3,1,"1,5","84974,82","0,0007",a.,"LSJ, Middle Liddell, Autenrieth"
,διατάσσω,3,1,"1,5","84976,32","0,0011",appoint,"LSJ, Middle Liddell"
,σκηνάω,3,1,"1,5","84977,82","0,0007",banqueters,"LSJ, Middle Liddell"
,παραδεκτέος,6,0,"1,5","84979,32","0,0066",one must admit,Middle Liddell
,σύνοικος,3,1,"1,5","84980,82","0,0011",dwelling in the same house with,"LSJ, Middle Liddell"
,αὖξις,6,0,"1,5","84982,32","0,0019",[unavailable],LSJ
,γείτων,3,1,"1,5","84983,82","0,0008","neighbour, borderer","LSJ, Middle Liddell, Slater, Autenrieth"
,ἀδεής,6,0,"1,5","84985,32","0,0016",not in want,LSJ
,ῥητός,3,1,"1,5","84986,82","0,0011","stated, specified, covenanted","LSJ, Middle Liddell, Slater, Autenrieth"
,διψάς,24,0,"1,5","84988,32","0,0152","venomous serpent, whose bite caused intense thirst,","LSJ, Middle Liddell"
3.290,σύμφορος,9,1,"1,5","84989,82","0,0024",accompanying,"LSJ, Middle Liddell, Slater"
,Πύρις,6,0,"1,5","84991,32","0,0014",[unavailable],Autenrieth
,ἔργασις,6,0,"1,5","84992,82","0,0023","perpetration,",LSJ
,φθορεύς,6,0,"1,5","84994,32","0,0022","corrupter, seducer,",LSJ
,ἀμφιάζω,3,1,"1,5","84995,82","0,0018","ciothe,","LSJ, Middle Liddell"
,ὁλκός,6,0,"1,5","84997,32","0,0039",machine for hauling,"LSJ, Middle Liddell"
,ἀνοσία,6,0,"1,5","84998,82","0,0032","fredom from sickness,",LSJ
,ἐναντίωσις,3,1,"1,5","85000,32","0,0021",opposition,"LSJ, Middle Liddell"
,ἑνίζω,6,0,"1,5","85001,82","0,0017","to be a partisan of the One,",LSJ
,ὑβρίς,6,0,"1,5","85003,32","0,0012","the great eagle owl, Strix bubo,",LSJ
3.300,ὑπηρέτης,3,1,"1,5","85004,82","0,0007","rower,","LSJ, Middle Liddell"
,πιμπλάω,6,0,"1,5","85006,32","0,003",[unavailable],LSJ
,ἐπιστατητέος,6,0,"1,5","85007,82","0,0071",one must superintend,Middle Liddell
,εἴκοσι,24,0,"1,5","85009,32","0,0046",twenty,"LSJ, Middle Liddell, Slater, Autenrieth"
,ἔμφυτος,3,1,"1,5","85010,82","0,0013","inborn, natural","LSJ, Middle Liddell"
,παρατάσσω,3,1,"1,5","85012,32","0,0008",place,"LSJ, Middle Liddell"
,κυκλέω,9,1,"1,5","85013,82","0,0027",wheel along,"LSJ, Middle Liddell, Autenrieth"
,ἐρέομαι,72,0,"1,49","85015,31","0,0129",[unavailable],Autenrieth
,θειόω,29,0,"1,46","85016,77","0,0072",fumigate with brimstone,"LSJ, Middle Liddell"
,πέρα,25,0,"1,45","85018,22","0,0038",to a foreign city,"LSJ, Middle Liddell"
3.310,γράφος,13,0,"1,45","85019,67","0,0026",[unavailable],LSJ
,ἀναξέω,45,0,"1,45","85021,12","0,0154","hew smooth, polish,",LSJ
,πέρα,25,0,"1,45","85022,57","0,0038","beyond, further","LSJ, Middle Liddell"
,λευκός,21,0,"1,42","85023,99","0,0033","light, bright, brilliant","Middle Liddell, Slater, Autenrieth"
,λευκός,21,0,"1,42","85025,4","0,0033","light, bright, clear",LSJ
,θύσις,26,0,"1,4","85026,8","0,0063",raging,LSJ
,ἰόομαι,48,0,"1,4","85028,2","0,0149",become,LSJ
,Ἴδη,59,0,"1,38","85029,58","0,0071",Ida,"Middle Liddell, Autenrieth"
,ξένος,13,0,"1,37","85030,95","0,0011","guest-friend,","LSJ, Middle Liddell, Slater"
,ξένος,13,0,"1,37","85032,32","0,001",foreign,Middle Liddell
3.320,Ἀφροδισιάζω,27,0,"1,35","85033,67","0,0111",have sexual intercourse,LSJ
,ζῆλος,4,1,"1,33",85035,"0,0009",jealousy,"LSJ, Middle Liddell"
,διαβαίνω,4,1,"1,33","85036,33","0,0009","stride, walk","LSJ, Middle Liddell, Slater, Autenrieth"
,εἰάζω,7,0,"1,33","85037,67","0,0012",cry,LSJ
,πιστόω,13,0,"1,33",85039,"0,0026",make trustworthy,"LSJ, Middle Liddell, Autenrieth"
,ἐπιθυμητός,12,0,"1,33","85040,33","0,007","desired, to be desired",LSJ
,ὕπτιος,4,1,"1,33","85041,67","0,0014","laid on one's back,","LSJ, Middle Liddell, Autenrieth"
,γεμόω,7,0,"1,33",85043,"0,0029",[unavailable],LSJ
,ἀρχοντίς,12,0,"1,33","85044,33","0,0045",[unavailable],LSJ
,πλάνη,7,0,"1,33","85045,67","0,0022","wandering, roaming","LSJ, Middle Liddell"
3.330,γόης,7,0,"1,33",85047,"0,0031","sorcerer, wizard","LSJ, Middle Liddell"
,ἀγρίζω,28,0,"1,33","85048,33","0,0102","inflame, irritate",LSJ
,μορφάω,12,0,"1,33","85049,67","0,0026","to shape, fashion, mould",Middle Liddell
,πνῖγος,4,1,"1,33",85051,"0,0023","choking, stifling,","LSJ, Middle Liddell"
,μαρτύρομαι,4,1,"1,33","85052,33","0,0008","call to witness, invoke","LSJ, Middle Liddell"
,ἀπεράω,4,1,"1,33","85053,67","0,0025","vomit, disgorge,",LSJ
,ἐνύπνιον,7,0,"1,33",85055,"0,0027","thing seen in sleep,","LSJ, Middle Liddell, Slater"
,ἀθλιόομαι,12,0,"1,33","85056,33","0,0066",to be made miserable,LSJ
,δορυφόρος,12,0,"1,33","85057,67","0,0041",spear-bearing,Middle Liddell
,ὁδόω,19,0,"1,33",85059,"0,0028","lead by the right way,","LSJ, Middle Liddell"
3.340,δορύφορος,12,0,"1,33","85060,33","0,0041","spear-bearing,",LSJ
,ἐπαινετέω,12,0,"1,33","85061,67","0,0059",[unavailable],LSJ
,ἀγρία,28,0,"1,33",85063,"0,0082",[unavailable],LSJ
,Καινόν,12,0,"1,33","85064,33","0,0032",the New Court,Middle Liddell
,δαιμόνιον,12,0,"1,33","85065,67","0,0026","divine Power, Divinity,","LSJ, Middle Liddell"
,Ἔχετος,19,0,"1,33",85067,"0,0055",[unavailable],Autenrieth
,μῶμαι,12,0,"1,33","85068,33","0,0026","seek after, covet",LSJ
,ἐνύπνιος,7,0,"1,33","85069,67","0,0027","in sleep, in dreams appearing,","LSJ, Middle Liddell, Autenrieth"
,τρίβω,4,1,"1,33",85071,"0,001","rub,","LSJ, Middle Liddell, Autenrieth"
,εὐνάω,7,0,"1,33","85072,33","0,0015",lay,"LSJ, Middle Liddell"
3.350,θάπτω,4,1,"1,33","85073,67","0,0007",honour with funeral rites,"LSJ, Middle Liddell, Autenrieth"
,ἀμηχανάω,12,0,"1,33",85075,"0,0044",to be,LSJ
,καίνω,12,0,"1,33","85076,33","0,0022","kill, slay","LSJ, Middle Liddell"
,σύνειμι,7,0,"1,33","85077,67","0,0014",ibo) go,"LSJ, Middle Liddell, Slater, Autenrieth"
,τοιχωρυχέω,4,1,"1,33",85079,"0,0027","dig through a wall like a thief, to be a housebreaker,","LSJ, Middle Liddell"
,τριτώ,12,0,"1,33","85080,33","0,0044",[unavailable],LSJ
,ἀπέχθομαι,7,0,"1,33","85081,67","0,0035","to be hated, incur hatred","LSJ, Middle Liddell"
,ἐξούσιος,12,0,"1,33",85083,"0,0061","stripped of property,",LSJ
,ἐπιτήκω,7,0,"1,33","85084,33","0,0047","melt upon, pour when melted over","LSJ, Middle Liddell"
,ἀγνώς,4,1,"1,33","85085,67","0,0017",unknown,"LSJ, Middle Liddell, Slater, Autenrieth"
3.360,μορφάζω,12,0,"1,33",85087,"0,0033",gesticulate,"LSJ, Middle Liddell"
,μῶν,12,0,"1,33","85088,33","0,005",surely not,"LSJ, Middle Liddell"
,ὁδάω,19,0,"1,33","85089,67","0,0025",export and sell,"LSJ, Middle Liddell"
,κλαίω,4,1,"1,33",85091,"0,0009","cry, wail, lament","LSJ, Middle Liddell, Autenrieth"
,ἐπιθυμητής,12,0,"1,33","85092,33","0,0074",one who longs for,"LSJ, Middle Liddell"
,οἰήτης,12,0,"1,33","85093,67","0,007",[unavailable],LSJ
,ἐρῆμος,4,1,"1,33",85095,"0,0006","desolate, lonely, solitary,","LSJ, Middle Liddell, Slater, Autenrieth"
,αἰνίσσομαι,4,1,"1,33","85096,33","0,0014",speakdarkly,"LSJ, Middle Liddell, Slater"
,μαρτυρέω,4,1,"1,33","85097,67","0,0006","bear witness, give evidence","LSJ, Middle Liddell, Slater"
,μορφή,12,0,"1,33",85099,"0,0026","form, shape","LSJ, Middle Liddell, Autenrieth"
3.370,Ἐλευθεραί,12,0,"1,33","85100,33","0,0044",[unavailable],LSJ
,γοάω,4,1,"1,33","85101,67","0,0014","groan, weep","LSJ, Middle Liddell, Autenrieth"
,σύστασις,4,1,"1,33",85103,"0,0016","bringing together, introduction, recommendation","LSJ, Middle Liddell"
,μυρίζω,12,0,"1,33","85104,33","0,0024",rub with ointment,"LSJ, Middle Liddell"
,ἀμηχανέω,12,0,"1,33","85105,67","0,0044",to be at a loss for,Middle Liddell
,ἄγνωστος,4,1,"1,33",85107,"0,0015",unknown,"LSJ, Middle Liddell, Slater, Autenrieth"
,ἀκροατής,4,1,"1,33","85108,33","0,0014",hearer,"LSJ, Middle Liddell"
,διπλάζω,13,0,"1,33","85109,67","0,0038","double,","LSJ, Middle Liddell"
,δεξιάζω,13,0,"1,25","85110,92","0,0021","approve,",LSJ
,ἐλεγχής,14,0,"1,25","85112,17","0,0047",worthy of reproof,"LSJ, Middle Liddell, Autenrieth"
3.380,τομάω,13,0,"1,25","85113,42","0,0046","need cutting,","LSJ, Middle Liddell"
,δεξιόομαι,5,1,"1,25","85114,67","0,001","greet with the right hand, welcome,","LSJ, Middle Liddell"
,ὁρμάζω,13,0,"1,25","85115,92","0,002",[unavailable],LSJ
,γηραιός,5,1,"1,25","85117,17","0,0021","aged, old","LSJ, Middle Liddell, Slater"
,δεξιός,13,0,"1,25","85118,42","0,0015",on the right hand,"LSJ, Middle Liddell, Slater, Autenrieth"
,ἀγωνία,8,0,"1,25","85119,67","0,0031","contest, struggle for victory","LSJ, Middle Liddell, Slater"
,οἶκος,14,0,"1,25","85120,92","0,0012","house,","LSJ, Middle Liddell, Slater, Autenrieth"
,δοξόω,13,0,"1,25","85122,17","0,0038",have the character,LSJ
,αὐλός,14,0,"1,25","85123,42","0,0034","pipe, flute, clarionet,","LSJ, Middle Liddell, Slater, Autenrieth"
,στρατηγία,8,0,"1,25","85124,67","0,0023","office of general, command","LSJ, Middle Liddell"
3.390,τομή,13,0,"1,25","85125,92","0,0048","the end left after cutting, the stump","Middle Liddell, Autenrieth"
,τομός,13,0,"1,25","85127,17","0,0046","cutting, sharp,","LSJ, Middle Liddell"
,αὐλή,14,0,"1,25","85128,42","0,0034",open court,"LSJ, Middle Liddell, Autenrieth"
,ἀγωνιάω,8,0,"1,25","85129,67","0,0028","contend eagerly, struggle","LSJ, Middle Liddell"
,θήρ,5,1,"1,25","85130,92","0,0015",beast of prey,"LSJ, Middle Liddell, Slater, Autenrieth"
,ἧλιξ,5,1,"1,25","85132,17","0,0017",of the same age,"LSJ, Middle Liddell, Autenrieth"
,δεξιά,13,0,"1,25","85133,42","0,0022","right hand,","LSJ, Middle Liddell"
,στρατηγιάω,8,0,"1,25","85134,67","0,0023",wish to be a general,"LSJ, Middle Liddell"
,κακίζω,5,1,"1,25","85135,92","0,0018","abuse, reproach","LSJ, Middle Liddell"
,δέσμη,20,0,"1,25","85137,17","0,0063","package, bundle,",LSJ
3.400,πότις,212,0,"1,21","85138,38","0,0391",[unavailable],LSJ
,χρεῖος,21,0,"1,2","85139,58","0,007",[unavailable],"LSJ, Autenrieth"
,θάλλω,9,0,"1,2","85140,78","0,0021","sprout, grow, thrive","LSJ, Middle Liddell, Slater, Autenrieth"
,γραφής,21,0,"1,2","85141,98","0,0032",[unavailable],LSJ
,χρεῖος,21,0,"1,2","85143,18","0,007","needing, in want of,","LSJ, Middle Liddell"
,νῆσος,6,1,"1,2","85144,38","0,0012","island,","LSJ, Middle Liddell, Autenrieth"
,δαπανηρός,6,1,"1,2","85145,58","0,0035","lavish, extravagant,","LSJ, Middle Liddell"
,γραφή,21,0,"1,2","85146,78","0,0034",representation by means of lines,"LSJ, Middle Liddell"
,ἐπείσειμι,9,0,"1,2","85147,98","0,0038",ibo,"LSJ, Middle Liddell"
,σῶς,14,0,"1,17","85149,15","0,0028","safe and sound, alive and well","LSJ, Middle Liddell, Slater, Autenrieth"
3.410,χάσμη,8,0,"1,17","85150,31","0,0041","yawning, gaping,","LSJ, Middle Liddell"
,ὠμός,14,0,"1,17","85151,48","0,0022","raw, crude","LSJ, Autenrieth"
,ἐκλογέω,8,0,"1,17","85152,65","0,0047","select,",LSJ
,σκοτάω,14,0,"1,17","85153,81","0,0044",their sight is darkened,LSJ
,σῶς,14,0,"1,17","85154,98","0,0028",[unavailable],LSJ
,ἐκλογή,8,0,"1,17","85156,15","0,0046","choice, selection,","LSJ, Middle Liddell"
,ἱερεία,8,0,"1,17","85157,31","0,0025","sacrifice, festival",LSJ
,ἐποίζω,8,0,"1,17","85158,48","0,0015","lament over,",LSJ
,οἰκεύς,14,0,"1,17","85159,65","0,0046","inmate of one's house,","LSJ, Middle Liddell, Autenrieth"
,χασμάω,8,0,"1,17","85160,81","0,0037","to yawn, gape wide",Middle Liddell
3.420,συμφορεύς,14,0,"1,17","85161,98","0,0029",aide-de-camp,"LSJ, Middle Liddell"
,ὦμος,14,0,"1,17","85163,15","0,0025",the shoulder with the upper arm,"LSJ, Middle Liddell, Slater, Autenrieth"
,ὠμός,14,0,"1,17","85164,31","0,0022","raw, undressed",Middle Liddell
,κεῖνος,22,0,"1,15","85165,46","0,0064","that, those","LSJ, Slater, Autenrieth"
,κεινός,22,0,"1,15","85166,61","0,0064",[unavailable],"Slater, Autenrieth"
,νεών,224,0,"1,14","85167,75","0,0315",[unavailable],LSJ
,ποτέομαι,42,0,"1,12","85168,88","0,017",[unavailable],"LSJ, Autenrieth"
,βάζω,17,0,"1,12",85170,"0,002","speak, say,","LSJ, Middle Liddell, Slater, Autenrieth"
,βοῦς,9,1,"1,12","85171,13","0,0013","bullock, bull, ox","LSJ, Middle Liddell, Slater, Autenrieth"
,ἄγη,94,0,"1,11","85172,23","0,0094",[unavailable],LSJ
3.430,ἄγη,94,0,"1,11","85173,34","0,0094","wonder, amazement,","LSJ, Middle Liddell, Autenrieth"
,ἀγή,94,0,"1,11","85174,45","0,0094",breakage:,"LSJ, Middle Liddell"
,ἀγή,94,0,"1,11","85175,55","0,0094",[unavailable],LSJ
,ὑπνόω,15,0,"1,08","85176,63","0,0036","put to sleep,","LSJ, Middle Liddell, Slater, Autenrieth"
,ἐπαινός,15,0,"1,08","85177,72","0,0038",dread,"Middle Liddell, Autenrieth"
,ἐπαινός,15,0,"1,08","85178,8","0,0038","awesome,",LSJ
,μύρον,9,0,"1,08","85179,88","0,0028","sweet oil, unguent, perfume","LSJ, Middle Liddell"
,τύχος,15,0,"1,08","85180,97","0,0025",[unavailable],"LSJ, Middle Liddell"
,πυκνάζω,15,0,"1,08","85182,05","0,0049","to be frequent,",LSJ
,ἐπιστάτης,16,0,"1,07","85183,12","0,0044",one who stands near,"LSJ, Middle Liddell, Autenrieth"
3.440,φοράς,16,0,"1,07","85184,18","0,0059","fruitful,",LSJ
,φορεύς,16,0,"1,07","85185,25","0,0049","bearer, carrier,","LSJ, Middle Liddell, Autenrieth"
,μέσης,16,0,"1,07","85186,32","0,0021",a wind between,LSJ
,ἄγος,70,0,"1,05","85187,37","0,0082",any matter of religious awe,"LSJ, Middle Liddell"
,ἄγος,70,0,"1,05","85188,43","0,0082",fragment,LSJ
,πρωτεύς,24,0,"1,05","85189,48","0,0041",eyesalve,LSJ
,μετριάζω,10,0,"1,03","85190,51","0,0023","to be moderate, keep measure","LSJ, Middle Liddell"
,μετριάω,10,0,"1,03","85191,54","0,0025",[unavailable],LSJ
,ὕειος,1,1,1,"85192,54","0,0007",of,"LSJ, Middle Liddell"
,λιμοκτονέω,1,1,1,"85193,54","0,001","treat by hunger, diet severely, starve","LSJ, Middle Liddell"
3.450,ὑπόχρυσος,1,1,1,"85194,54","0,0009",containing a mixture,"LSJ, Middle Liddell"
,φαλακρόομαι,4,0,1,"85195,54","0,0033","become bald,","LSJ, Middle Liddell"
,μαθητής,4,0,1,"85196,54","0,0012","learner, pupil","LSJ, Middle Liddell"
,ἑσμός,1,1,1,"85197,54","0,0006","that which settles,","LSJ, Middle Liddell"
,φιλογυμναστής,4,0,1,"85198,54","0,0041","fond of gymnastic exercises,","LSJ, Middle Liddell"
,μεγαλαυχέω,1,1,1,"85199,54","0,0006","boast, brag","LSJ, Middle Liddell"
,εὐγενής,1,1,1,"85200,54","0,0003",well-born,"LSJ, Middle Liddell"
,εὐλαβητέος,4,0,1,"85201,54","0,0032","verecundus,","LSJ, Middle Liddell"
,εὑρετικός,1,1,1,"85202,54","0,0008","inventive, ingenious","LSJ, Middle Liddell"
,ἀήθεια,1,1,1,"85203,54","0,0006","unaccustomedness, novelty","LSJ, Middle Liddell"
3.460,αἰνέω,1,1,1,"85204,54","0,0004","tell, speak of","LSJ, Middle Liddell, Slater, Autenrieth"
,μίασμα,1,1,1,"85205,54","0,0005","stain, defilement","LSJ, Middle Liddell"
,προσκύπτω,1,1,1,"85206,54","0,0008",stoop to,"LSJ, Middle Liddell"
,χύδην,1,1,1,"85207,54","0,0007","as if poured out, in floods","LSJ, Middle Liddell"
,Μοῦσα,1,1,1,"85208,54","0,0004","music, song","LSJ, Middle Liddell, Autenrieth"
,διαμηχανάομαι,1,1,1,"85209,54","0,0009","bring about, contrive,","LSJ, Middle Liddell"
,πτωχικός,1,1,1,"85210,54","0,0009",of,"LSJ, Middle Liddell"
,διαστέλλω,1,1,1,"85211,54","0,0005","put asunder, expand, separate,","LSJ, Middle Liddell"
,νεοσσιά,1,1,1,"85212,54","0,0006","nest of young birds,","LSJ, Middle Liddell"
,ῥίζα,1,1,1,"85213,54","0,0003",root,"LSJ, Middle Liddell, Slater, Autenrieth"
3.470,ἀμετρία,4,0,1,"85214,54","0,0023","excess, disproportion,","LSJ, Middle Liddell"
,ἀναπαύω,1,1,1,"85215,54","0,0002","make to cease, stop","LSJ, Middle Liddell, Slater, Autenrieth"
,οἰκοδομία,1,1,1,"85216,54","0,0005","building, edifice,","LSJ, Middle Liddell"
,οἰχέομαι,4,0,1,"85217,54","0,0015",[unavailable],"LSJ, Middle Liddell"
,δωδεκαταῖος,1,1,1,"85218,54","0,001","on the twelfth day, in twelve days","LSJ, Middle Liddell"
,κινδυνευτέος,1,1,1,"85219,54","0,0009",one must venture,Middle Liddell
,ὀμματόω,4,0,1,"85220,54","0,0013","furnish with eyes,","LSJ, Middle Liddell"
,ἔγκλημα,1,1,1,"85221,54","0,0003","accusation, charge","LSJ, Middle Liddell"
,σύγχυσις,1,1,1,"85222,54","0,0005","mixture, confusion, confounding","LSJ, Middle Liddell"
,εἰροπόκος,1,1,1,"85223,54","0,0009","wool-fleeced, woolly","LSJ, Middle Liddell, Autenrieth"
3.480,ὁρκόω,4,0,1,"85224,54","0,0009",make,"LSJ, Middle Liddell"
,ἐκλάμπω,1,1,1,"85225,54","0,0004",shine,"LSJ, Middle Liddell"
,κατακοσμέω,1,1,1,"85226,54","0,0005","set in order, arrange","LSJ, Middle Liddell, Autenrieth"
,ἀποικίζω,1,1,1,"85227,54","0,0005","send away from home,","LSJ, Middle Liddell, Autenrieth"
,κατοίκισις,1,1,1,"85228,54","0,0009",settlement,"LSJ, Middle Liddell"
,κεραμόω,4,0,1,"85229,54","0,0022","roof with tiles,",LSJ
,Φύλακος,9,0,1,"85230,54","0,0067",[unavailable],Autenrieth
,πάνσοφος,1,1,1,"85231,54","0,0006",most clever,"LSJ, Middle Liddell"
,ἐνδιατρίβω,1,1,1,"85232,54","0,0004",spend,"LSJ, Middle Liddell"
,κληρόνομος,4,0,1,"85233,54","0,0016",heir,LSJ
3.490,ἀριστοκρατικός,1,1,1,"85234,54","0,0006","aristocratical,","LSJ, Middle Liddell"
,ἐνόπλιος,1,1,1,"85235,54","0,0006","'martial' rhythm,","LSJ, Middle Liddell, Slater"
,ἀσπάλαθος,1,1,1,"85236,54","0,0009","spinous shrub,","LSJ, Middle Liddell"
,ἀτενής,1,1,1,"85237,54","0,0005","stretched, strained,","LSJ, Middle Liddell, Slater"
,πέλαγος,1,1,1,"85238,54","0,0002",the sea,"LSJ, Middle Liddell, Slater, Autenrieth"
,ἐπαρκέω,1,1,1,"85239,54","0,0004",to be strong enough for,"LSJ, Middle Liddell, Slater, Autenrieth"
,πέριξ,1,1,1,"85240,54","0,0004","round about, all round","LSJ, Middle Liddell"
,ἐπιταλαιπωρέω,1,1,1,"85241,54","0,001",suffer,"LSJ, Middle Liddell"
,ὑποσημαίνω,1,1,1,"85242,54","0,0007","throw out hints of, intimate,","LSJ, Middle Liddell"
,ἐπιχέω,1,1,1,"85243,54","0,0004","pour over,","LSJ, Middle Liddell, Slater, Autenrieth"
3.500,ὑψηλολογέομαι,1,1,1,"85244,54","0,0013","speak proudly,","LSJ, Middle Liddell"
,ποιπνύω,1,1,1,"85245,54","0,001","bustle about,","LSJ, Middle Liddell, Slater, Autenrieth"
,φιλέλλην,1,1,1,"85246,54","0,0007","fond of the Hellenes,","LSJ, Middle Liddell"
,ἐτός,9,0,1,"85247,54","0,0024",true,LSJ
,εὐπαιδευσία,1,1,1,"85248,54","0,0011",goodness of education,LSJ
,μεταμέλεια,1,1,1,"85249,54","0,0006","change of purpose, regret, repentance","LSJ, Middle Liddell"
,δεκέτης,1,1,1,"85250,54","0,0007","lasting ten years,","LSJ, Middle Liddell"
,ἡδύνω,1,1,1,"85251,54","0,0007",season,"LSJ, Middle Liddell"
,ψηφόω,4,0,1,"85252,54","0,0012","adorn with gems,",LSJ
,διαρπάζω,1,1,1,"85253,54","0,0003","tear in pieces,","LSJ, Middle Liddell, Autenrieth"
3.510,ἀμβλύς,1,1,1,"85254,54","0,0004","blunt, dulled, with edge","LSJ, Middle Liddell, Slater"
,σέβομαι,1,1,1,"85255,54","0,0003",feel awe,"LSJ, Middle Liddell, Autenrieth"
,ἀναιδής,1,1,1,"85256,54","0,0004","shameless,","LSJ, Middle Liddell, Slater, Autenrieth"
,ξύω,1,1,1,"85257,54","0,0006","scratch, scrape,","LSJ, Middle Liddell, Autenrieth"
,ὅμαδος,1,1,1,"85258,54","0,0008","noise, din,","LSJ, Middle Liddell, Slater, Autenrieth"
,ἐγγύθι,1,1,1,"85259,54","0,0007","hard by, near","LSJ, Middle Liddell"
,ὁμόσε,1,1,1,"85260,54","0,0004","to one and the same place,","LSJ, Middle Liddell, Autenrieth"
,ἐθελόδουλος,1,1,1,"85261,54","0,0012",serving voluntarily,"LSJ, Middle Liddell"
,συγκαθίημι,1,1,1,"85262,54","0,0007",let down with,"LSJ, Middle Liddell"
,καθέζομαι,1,1,1,"85263,54","0,0002","sit down, take one's seat","LSJ, Middle Liddell, Slater, Autenrieth"
3.520,ἀνταποδίδωμι,1,1,1,"85264,54","0,0006","give back, repay, tender in repayment","LSJ, Middle Liddell"
,συμβιβάζω,1,1,1,"85265,54","0,0008",bring together,"LSJ, Middle Liddell"
,καρδιάω,4,0,1,"85266,54","0,0011",[unavailable],LSJ
,ἀπαμύνω,1,1,1,"85267,54","0,0008","keep off, ward off,","LSJ, Middle Liddell, Autenrieth"
,καταπίμπλημι,1,1,1,"85268,54","0,0006",fill quite full,"LSJ, Middle Liddell"
,συσσίτησις,9,0,1,"85269,54","0,0058","a messing together, a public mess","LSJ, Middle Liddell"
,ἐλλιπής,1,1,1,"85270,54","0,0005","leaving out, omitting","LSJ, Middle Liddell"
,κῆδος,1,1,1,"85271,54","0,0004",care about,"LSJ, Middle Liddell, Autenrieth"
,παραβλαστάνω,1,1,1,"85272,54","0,001",sprout,"LSJ, Middle Liddell"
,ἐνίστημι,1,1,1,"85273,54","0,0002","put, place in,","LSJ, Middle Liddell"
3.530,τήθη,1,1,1,"85274,54","0,0008",grandmother,"LSJ, Middle Liddell"
,τμῆσις,1,1,1,"85275,54","0,0011","cutting,","LSJ, Middle Liddell"
,κρᾶσις,1,1,1,"85276,54","0,0004","mixing, blending","LSJ, Middle Liddell"
,κτητός,1,1,1,"85277,54","0,0007",that may be gotten,"LSJ, Middle Liddell, Autenrieth"
,πειρατέον,4,0,1,"85278,54","0,0023",one must attempt,LSJ
,περιιάπτω,4,0,1,"85279,54","0,002",wound all round,"LSJ, Middle Liddell"
,ὕπαρχος,4,0,1,"85280,54","0,0013","subordinate commander, lieutenant,","LSJ, Middle Liddell"
,ἐπιπάσσω,1,1,1,"85281,54","0,0007",sprinkle upon,"LSJ, Middle Liddell"
,πλύσις,1,1,1,"85282,54","0,0009","washing,","LSJ, Middle Liddell"
,φαρμακεύω,1,1,1,"85283,54","0,0007",administer a drug,"LSJ, Middle Liddell"
3.540,βωμολοχία,1,1,1,"85284,54","0,0006",mendicancy,"LSJ, Middle Liddell"
,μαραίνω,1,1,1,"85285,54","0,0003",quench,"LSJ, Middle Liddell"
,ἀγορανομικός,1,1,1,"85286,54","0,001",of,"LSJ, Middle Liddell"
,φλεγματώδης,1,1,1,"85287,54","0,0009","full of phlegm,","LSJ, Middle Liddell"
,προπαιδεύω,1,1,1,"85288,54","0,0011","teach beforehand,","LSJ, Middle Liddell"
,δέσποινα,1,1,1,"85289,54","0,0004","mistress, lady of the house,","LSJ, Middle Liddell, Slater, Autenrieth"
,αἰσχρολογέω,1,1,1,"85290,54","0,0011",[unavailable],"LSJ, Middle Liddell"
,μολυβδίς,1,1,1,"85291,54","0,0009",leaden weight,"LSJ, Middle Liddell"
,ἄκρων,16,0,1,"85292,54","0,0034",[unavailable],LSJ
,μυθώδης,1,1,1,"85293,54","0,0005","legendary, fabulous","LSJ, Middle Liddell"
3.550,νεανίευμα,1,1,1,"85294,54","0,0009","youthful,","LSJ, Middle Liddell"
,ῥᾳστωνέω,4,0,1,"85295,54","0,0016","grow easy, become less painful",LSJ
,διηνεκής,1,1,1,"85296,54","0,0005","continuous, unbroken,","LSJ, Middle Liddell, Autenrieth"
,σάλπιγξ,1,1,1,"85297,54","0,0003",war-trumpet,"LSJ, Middle Liddell, Autenrieth"
,θεομισής,1,1,1,"85298,54","0,0008",hated by the gods,"LSJ, Middle Liddell"
,ἀμπεχόνη,1,1,1,"85299,54","0,0007",fine shawl,"LSJ, Middle Liddell"
,ἆσθμα,4,0,1,"85300,54","0,0019",to blow,"Middle Liddell, Slater, Autenrieth"
,θηλάζω,1,1,1,"85301,54","0,0006",suckle,"LSJ, Middle Liddell"
,σκῶμμα,1,1,1,"85302,54","0,0004","jest,gibe","LSJ, Middle Liddell"
,ἄναρχος,1,1,1,"85303,54","0,0008",without head,"LSJ, Middle Liddell, Autenrieth"
3.560,οἶμος,1,1,1,"85304,54","0,0003","way, road, path,","LSJ, Middle Liddell, Slater, Autenrieth"
,σπλάγχνον,1,1,1,"85305,54","0,0003",inward parts,"LSJ, Middle Liddell, Autenrieth"
,ἀνέγγυος,1,1,1,"85306,54","0,0008","not vouched for, not accredited,","LSJ, Middle Liddell"
,ὀλιγότης,1,1,1,"85307,54","0,0006","fewness,","LSJ, Middle Liddell"
,ἱππεύς,1,1,1,"85308,54","0,0002",one who fights from a chariot,"LSJ, Middle Liddell, Autenrieth"
,ἄνομος,1,1,1,"85309,54","0,0004","lawless, impious,","LSJ, Middle Liddell"
,κακοδαίμων,1,1,1,"85310,54","0,0004",possessed by an evil genius,"LSJ, Middle Liddell"
,πειρατέος,4,0,1,"85311,54","0,0023",one must attempt,Middle Liddell
,ἐκγελάω,1,1,1,"85312,54","0,0008","laugh out, laugh loud,","LSJ, Middle Liddell, Autenrieth"
,συνακολουθέω,1,1,1,"85313,54","0,0004",follow along with,"LSJ, Middle Liddell"
3.570,καταγιγνώσκω,1,1,1,"85314,54","0,0002","remark, observe","LSJ, Middle Liddell"
,ἀπειρόω,16,0,1,"85315,54","0,0036","multiply to infinity,",LSJ
,οὐδαμόσε,1,1,1,"85316,54","0,0008",[unavailable],"LSJ, Middle Liddell"
,καταμένω,1,1,1,"85317,54","0,0004",stay,"LSJ, Middle Liddell"
,φιλόσιτος,1,1,1,"85318,54","0,0012","fond of corn, occupied about it",Middle Liddell
,ὀχετεύω,1,1,1,"85319,54","0,0008",conduct,"LSJ, Middle Liddell"
,κεφαλαιόω,1,1,1,"85320,54","0,0005","bring under heads, sum up","LSJ, Middle Liddell"
,ἀποχραίνω,1,1,1,"85321,54","0,0012","colour, tint evenly,","LSJ, Middle Liddell"
,κινδύνευμα,1,1,1,"85322,54","0,0008","hazard, venture","LSJ, Middle Liddell"
,ἄρεσκος,4,0,1,"85323,54","0,002","pleasing,","LSJ, Middle Liddell"
3.580,παρακέλευμα,1,1,1,"85324,54","0,0008","exhortation, cheering address","LSJ, Middle Liddell"
,ἔντονος,1,1,1,"85325,54","0,0006","sinewy,","LSJ, Middle Liddell"
,παρατυγχάνω,1,1,1,"85326,54","0,0004","happen to be near, be among","LSJ, Middle Liddell, Autenrieth"
,τόξον,1,1,1,"85327,54","0,0003","bow,","LSJ, Middle Liddell, Slater, Autenrieth"
,παρρησία,1,1,1,"85328,54","0,0002","outspokenness, frankness, freedom of speech","LSJ, Middle Liddell"
,κροῦμα,1,1,1,"85329,54","0,0006","beat, stroke","LSJ, Middle Liddell"
,κυλίνδω,1,1,1,"85330,54","0,0005",roll,"LSJ, Middle Liddell, Slater, Autenrieth"
,πεντεκαίδεκα,1,1,1,"85331,54","0,0004",fifteen,"LSJ, Middle Liddell"
,περίαπτος,1,1,1,"85332,54","0,0008","hung round, appended","LSJ, Middle Liddell"
,περιφερής,4,0,1,"85333,54","0,0017",revolving,"LSJ, Middle Liddell"
3.590,λευκότης,1,1,1,"85334,54","0,0007",whiteness,LSJ
,βῆμα,4,0,1,"85335,54","0,0012","step, pace,","LSJ, Middle Liddell"
,βολβός,1,1,1,"85336,54","0,0009","purse-tassels, Muscari comosum","LSJ, Middle Liddell"
,ἑπτάς,4,0,1,"85337,54","0,0007","period of seven days,",LSJ
,μαινομένη,4,0,1,"85338,54","0,0021",[unavailable],LSJ
,ἑστιάτωρ,1,1,1,"85339,54","0,0007","one who gives a banquet, host,","LSJ, Middle Liddell"
,φίλοινος,1,1,1,"85340,54","0,0007","fond of wine,","LSJ, Middle Liddell"
,μεγαλόφρων,1,1,1,"85341,54","0,0004","high-minded, generous","LSJ, Middle Liddell, Slater"
,φιλοχρηματιστής,1,1,1,"85342,54","0,0013","fond of moneymaking,","LSJ, Middle Liddell"
,γόνυ,4,0,1,"85343,54","0,001",knee,"LSJ, Middle Liddell, Slater, Autenrieth"
3.600,προβατών,9,0,1,"85344,54","0,0039",[unavailable],LSJ
,εὐρώεις,1,1,1,"85345,54","0,0009","mouldy, dank","LSJ, Middle Liddell, Autenrieth"
,μετεωρολέσχης,1,1,1,"85346,54","0,001","star-gazer, visionary","LSJ, Middle Liddell"
,δειμαίνω,1,1,1,"85347,54","0,0005","to be afraid,","LSJ, Middle Liddell"
,ζημιόω,1,1,1,"85348,54","0,0003",cause loss,"LSJ, Middle Liddell"
,ἀκινάκης,1,1,1,"85349,54","0,0007",short straight sword,"LSJ, Middle Liddell"
,διακέομαι,4,0,1,"85350,54","0,0016","repair,",LSJ
,ἀλίβας,1,1,1,"85351,54","0,0011","dead body, corpse","LSJ, Middle Liddell"
,ναυπηγός,1,1,1,"85352,54","0,0006","shipbuilder, shipwright,","LSJ, Middle Liddell"
,ὠχρότης,1,1,1,"85353,54","0,0008","pallor,","LSJ, Middle Liddell"
3.610,ἅμιλλα,1,1,1,"85354,54","0,0003","contest for superiority, conflict,","LSJ, Middle Liddell, Slater"
,ἀποσκιάζω,1,1,1,"85355,54","0,0011",to cast a shadow,Middle Liddell
,δέος,9,0,1,"85356,54","0,0018","fear, alarm, affright","Middle Liddell, Slater, Autenrieth"
,σκυλεύω,1,1,1,"85357,54","0,0005",strip,"LSJ, Middle Liddell"
,δύσβατος,1,1,1,"85358,54","0,0006","hard to traverse, impassable","LSJ, Middle Liddell, Slater"
,εἰδωλοποιέω,1,1,1,"85359,54","0,001",form an image,"LSJ, Middle Liddell"
,ἀντικαταλείπω,1,1,1,"85360,54","0,0013","leave in one's stead,","LSJ, Middle Liddell"
,εἰρωνεύομαι,1,1,1,"85361,54","0,0006",feign ignorance,"LSJ, Middle Liddell"
,καλλίπολις,1,1,1,"85362,54","0,0013",fair city,"LSJ, Middle Liddell"
,ἀξίωμα,1,1,1,"85363,54","0,0002","that of which one is thought worthy, an honour,","LSJ, Middle Liddell"
3.620,συνεπιστρέφω,1,1,1,"85364,54","0,0008",turn at the same time,"LSJ, Middle Liddell"
,Κύκνος,4,0,1,"85365,54","0,0019",[unavailable],Slater
,κάτοψις,4,0,1,"85366,54","0,0038",sight,LSJ
,ἀποπηδάω,1,1,1,"85367,54","0,0005","leap off,","LSJ, Middle Liddell"
,κεραυνόω,1,1,1,"85368,54","0,0004",strike with thunderbolts,"LSJ, Middle Liddell, Slater"
,παλαιότης,1,1,1,"85369,54","0,0008",age,"LSJ, Middle Liddell"
,παραζώννυμι,1,1,1,"85370,54","0,0009",hang at the girdle,"LSJ, Middle Liddell"
,κολυμβήθρα,1,1,1,"85371,54","0,0007","place for diving, swimming-bath","LSJ, Middle Liddell"
,ἐξαπάτη,4,0,1,"85372,54","0,0014","deceit,","LSJ, Middle Liddell"
,τοκεύς,1,1,1,"85373,54","0,0005","one who begets, father,","LSJ, Middle Liddell, Slater, Autenrieth"
3.630,ἀστεφάνωτος,1,1,1,"85374,54","0,0008","uncrowned, forbidden to be crowned,","LSJ, Middle Liddell"
,πάχος,1,1,1,"85375,54","0,0005",thickness,"LSJ, Middle Liddell, Slater, Autenrieth"
,αὔρα,1,1,1,"85376,54","0,0004","breeze,","LSJ, Middle Liddell, Slater"
,ἐπείγω,1,1,1,"85377,54","0,0002","press by weight,","LSJ, Middle Liddell, Slater, Autenrieth"
,τυραννοποιός,1,1,1,"85378,54","0,0013","maker of tyrants,","LSJ, Middle Liddell"
,ἄφετος,1,1,1,"85379,54","0,0005","let loose, ranging at large,","LSJ, Middle Liddell"
,περιοράω,1,1,1,"85380,54","0,0003",look round upon,"LSJ, Middle Liddell"
,ἐπικρίνω,1,1,1,"85381,54","0,0006","decide, determine","LSJ, Middle Liddell"
,ὑπερηφανία,1,1,1,"85382,54","0,0005","arrogance,","LSJ, Middle Liddell"
,βαλλαντιατόμος,1,1,1,"85383,54","0,0013",[unavailable],LSJ
3.640,ἐπισκεπτέος,1,1,1,"85384,54","0,0006",to be considered,"LSJ, Middle Liddell"
,λιμήν,1,1,1,"85385,54","0,0002",harbour,"LSJ, Middle Liddell, Autenrieth"
,βδελυρός,1,1,1,"85386,54","0,0005","disgusting, loathsome, blackguardly","LSJ, Middle Liddell"
,ὑποτρέχω,1,1,1,"85387,54","0,0005","run in under,","LSJ, Middle Liddell, Autenrieth"
,Μάγος,1,1,1,"85388,54","0,0005",one of the priests and wise men in Persia,"LSJ, Middle Liddell"
,ἐρεσχηλέω,1,1,1,"85389,54","0,0008","talk lightly, to be jocular,","LSJ, Middle Liddell"
,φέγγος,1,1,1,"85390,54","0,0004","light, splendour, lustre,","LSJ, Middle Liddell, Slater"
,μαλθακία,1,1,1,"85391,54","0,0011",[unavailable],"LSJ, Middle Liddell"
,ἐσθής,1,1,1,"85392,54","0,0002","clothing, raiment,","LSJ, Middle Liddell, Autenrieth"
,ἀβέλτερος,1,1,1,"85393,54","0,0005","silly, stupid,","LSJ, Middle Liddell"
3.650,πολυχορδία,1,1,1,"85394,54","0,001",the use of many strings,"LSJ, Middle Liddell"
,ἄγευστος,1,1,1,"85395,54","0,0007",not tasting,"LSJ, Middle Liddell"
,εὐκρινής,1,1,1,"85396,54","0,0007",well-separated,"LSJ, Middle Liddell"
,φονεύς,1,1,1,"85397,54","0,0004","slayer,","LSJ, Middle Liddell, Autenrieth"
,γυμνωτέος,1,1,1,"85398,54","0,0013","to be stripped of,","LSJ, Middle Liddell"
,μεταστρεπτικός,1,1,1,"85399,54","0,0013","fit for turning another way, fit for directing","LSJ, Middle Liddell"
,πρόθυρον,1,1,1,"85400,54","0,0005","front-door, door-way,","LSJ, Middle Liddell, Slater, Autenrieth"
,ἐφέλκω,1,1,1,"85401,54","0,0003",drag,"LSJ, Middle Liddell, Autenrieth"
,προσαναιρέω,1,1,1,"85402,54","0,0009",lift up besides,"LSJ, Middle Liddell"
,προσίζω,1,1,1,"85403,54","0,0003",come and sit near,"LSJ, Middle Liddell"
3.660,μισόλογος,1,1,1,"85404,54","0,0011",hating argument,"LSJ, Middle Liddell"
,πτοέω,1,1,1,"85405,54","0,0004","terrify, scare,","LSJ, Middle Liddell"
,μυχός,1,1,1,"85406,54","0,0004","innermost part, nook, corner","LSJ, Middle Liddell, Slater, Autenrieth"
,θαλάσσιος,1,1,1,"85407,54","0,0004","of, in, on","LSJ, Middle Liddell, Slater, Autenrieth"
,θησαυροποιός,1,1,1,"85408,54","0,0013",laying up in store,"LSJ, Middle Liddell"
,ἐνσημαίνομαι,1,1,1,"85409,54","0,0007",to intimate,Middle Liddell
,σόφισμα,1,1,1,"85410,54","0,0004","acquired skill, method","LSJ, Middle Liddell, Slater"
,ἀνδραποδισμός,1,1,1,"85411,54","0,0007","selling into slavery, enslaving,","LSJ, Middle Liddell"
,ᾗπερ,1,1,1,"85412,54","0,0004",in the same way as,"Middle Liddell, Autenrieth"
,δυσχερής,1,1,1,"85413,54","0,0003",hard to take in hand,"LSJ, Middle Liddell"
3.670,ἱερόσυλος,4,0,1,"85414,54","0,002",temple-robber,"LSJ, Middle Liddell"
,κατήκους,4,0,1,"85415,54","0,0023",listening,Middle Liddell
,ἐγκαθίζω,1,1,1,"85416,54","0,0008",seat in,"LSJ, Middle Liddell, Slater"
,στρατιωτικός,1,1,1,"85417,54","0,0003",of,"LSJ, Middle Liddell"
,ἰσότης,1,1,1,"85418,54","0,0004",equality,"LSJ, Middle Liddell"
,ὁμώνυμος,1,1,1,"85419,54","0,0003","having the same name,","LSJ, Middle Liddell, Slater, Autenrieth"
,συγκλάω,1,1,1,"85420,54","0,0005","break, break off","LSJ, Middle Liddell"
,ἀνωμαλία,1,1,1,"85421,54","0,0004","unevenness, irregularity,","LSJ, Middle Liddell"
,πλωτήρ,1,1,1,"85422,54","0,0008","a sailor, seaman",Middle Liddell
,ὀρθότης,1,1,1,"85423,54","0,0006","upright posture, erectness,","LSJ, Middle Liddell"
3.680,Ἑκάεργος,1,1,1,"85424,54","0,0008","nine,","LSJ, Middle Liddell"
,τροχιλία,1,1,1,"85425,54","0,0009","the sheaf of a pulley, roller of a windlass",Middle Liddell
,σύννοια,1,1,1,"85426,54","0,0007",meditation,"LSJ, Middle Liddell"
,κατισχναίνω,1,1,1,"85427,54","0,0009",cause to pine,"LSJ, Middle Liddell"
,ἀπομισθόω,1,1,1,"85428,54","0,0008","let out for hire,","LSJ, Middle Liddell"
,παιδοτριβέω,4,0,1,"85429,54","0,0022","to be a gymnastic trainer,","LSJ, Middle Liddell"
,παννύχιος,4,0,1,"85430,54","0,0021",all night long,"LSJ, Middle Liddell, Autenrieth"
,κλεπτοσύνη,1,1,1,"85431,54","0,0012","thievishness, knavery","LSJ, Autenrieth"
,ἀρτιμελής,1,1,1,"85432,54","0,0012","sound of limb,","LSJ, Middle Liddell"
,παραμυθία,4,0,1,"85433,54","0,0016","encouragement, exhortation","LSJ, Middle Liddell"
3.690,ἐξέχω,1,1,1,"85434,54","0,0006",stand out,"LSJ, Middle Liddell"
,ἀτάλλω,1,1,1,"85435,54","0,0007","skip in childish glee, gambol,","LSJ, Middle Liddell, Slater, Autenrieth"
,ἐπαγωγή,1,1,1,"85436,54","0,0006",bringing on,"LSJ, Middle Liddell"
,αὐλήτης,4,0,1,"85437,54","0,0013",[unavailable],LSJ
,κυπτάζω,1,1,1,"85438,54","0,0008","keep stooping, go poking about, potter about","LSJ, Middle Liddell"
,κωφός,1,1,1,"85439,54","0,0004","blunt, dull, obtuse","LSJ, Middle Liddell, Slater, Autenrieth"
,περιλαμβάνω,1,1,1,"85440,54","0,0003",embrace,"LSJ, Middle Liddell"
,ὑπεξαιρέω,1,1,1,"85441,54","0,0005",take away from below,"LSJ, Middle Liddell"
,λείβω,1,1,1,"85442,54","0,0004","pour, pour forth","LSJ, Middle Liddell, Slater, Autenrieth"
,βαδίζω,1,1,1,"85443,54","0,0001","walk,","LSJ, Middle Liddell"
3.700,ἐπιπίνω,1,1,1,"85444,54","0,0007",drink afterwards,"LSJ, Middle Liddell"
,ὑποβάλλω,1,1,1,"85445,54","0,0003","throw, put,","LSJ, Middle Liddell, Autenrieth"
,ἐπιστροφή,1,1,1,"85446,54","0,0005",turning about,"LSJ, Middle Liddell"
,λωποδυτέω,1,1,1,"85447,54","0,0005",steal clothes,"LSJ, Middle Liddell"
,ἐργάτης,1,1,1,"85448,54","0,0004","workman, Hermes","LSJ, Middle Liddell"
,φιλαναλωτής,1,1,1,"85449,54","0,0012","fond of spending, prodigal,","LSJ, Middle Liddell"
,γεννητός,1,1,1,"85450,54","0,0006",begotten,"LSJ, Middle Liddell"
,ἑτοιμάζω,4,0,1,"85451,54","0,0012","get ready, prepare","LSJ, Middle Liddell, Autenrieth"
,εὐηθίζομαι,1,1,1,"85452,54","0,0013",to act like an,"LSJ, Middle Liddell"
,ἄγρα,1,1,1,"85453,54","0,0003","hunting, the chase","LSJ, Middle Liddell, Slater"
3.710,φόβη,9,0,1,"85454,54","0,0035",lock,"LSJ, Middle Liddell"
,πρεσβεύω,1,1,1,"85455,54","0,0003",to be the elder,"LSJ, Middle Liddell"
,δανεισμός,1,1,1,"85456,54","0,0008","money-lending,","LSJ, Middle Liddell"
,προέχω,1,1,1,"85457,54","0,0003","hold before,","LSJ, Middle Liddell, Autenrieth"
,δεκαπλάσιος,4,0,1,"85458,54","0,0033","tenfold,","LSJ, Middle Liddell"
,προσέτι,1,1,1,"85459,54","0,0004","over and above, besides","LSJ, Middle Liddell"
,ζωγραφία,1,1,1,"85460,54","0,0007",art of painting,"LSJ, Middle Liddell"
,αἴτημα,1,1,1,"85461,54","0,0007","request, demand","LSJ, Middle Liddell"
,ἀλαζονεία,1,1,1,"85462,54","0,0004","false pretension, imposture","LSJ, Middle Liddell"
,ψευδομαρτυρέω,1,1,1,"85463,54","0,0006","to be a false witness, bear false witness,","LSJ, Middle Liddell"
3.720,διαπτοέω,1,1,1,"85464,54","0,0007","scare away, startle and scatter,","LSJ, Middle Liddell"
,πυρεῖον,1,1,1,"85465,54","0,0008","firesticks,","LSJ, Middle Liddell"
,διαφθορεύς,4,0,1,"85466,54","0,0019","corrupter,","LSJ, Middle Liddell"
,ἀφεκτέος,4,0,1,"85467,54","0,0029",one must abstain from,Middle Liddell
,ἀναζωπυρέω,1,1,1,"85468,54","0,0006","rekindle, light up again,","LSJ, Middle Liddell"
,δημόομαι,9,0,1,"85469,54","0,002",to talk popularly,Middle Liddell
,θυηπολέω,1,1,1,"85470,54","0,0009",perform sacrifices,"LSJ, Middle Liddell"
,δρόμος,4,0,1,"85471,54","0,0008","course, race,","LSJ, Middle Liddell, Slater, Autenrieth"
,ἀνατρεπτικός,1,1,1,"85472,54","0,0012","turning upside down, upsetting,","LSJ, Middle Liddell"
,δυσμαθέω,4,0,1,"85473,54","0,0035",to be slow at recognizing,"LSJ, Middle Liddell"
3.730,σπουδαστέος,1,1,1,"85474,54","0,0008",to be sought for zealously,"LSJ, Middle Liddell"
,ἔγγειος,4,0,1,"85475,54","0,0027",[unavailable],LSJ
,εἰσοικίζω,1,1,1,"85476,54","0,0007",bring in as a dweller,"LSJ, Middle Liddell"
,ἐκπονέω,1,1,1,"85477,54","0,0004","work out, finish off,","LSJ, Middle Liddell, Slater"
,συνωμοσία,1,1,1,"85478,54","0,0005","being leagued by oath, conspiracy","LSJ, Middle Liddell"
,ἀπόλεμος,1,1,1,"85479,54","0,0005","unwarlike,","LSJ, Middle Liddell, Slater"
,ὀχληρός,1,1,1,"85480,54","0,0005","troublesome, irksome, importunate","LSJ, Middle Liddell"
,ἑλκτικός,1,1,1,"85481,54","0,0011","fit for drawing, attractive","LSJ, Middle Liddell"
,κενότης,1,1,1,"85482,54","0,0008",emptiness,"LSJ, Middle Liddell"
,παιδευτής,4,0,1,"85483,54","0,0027","teacher, instructor","LSJ, Middle Liddell"
3.740,ἀπρέπεια,1,1,1,"85484,54","0,0008","unseemliness,","LSJ, Middle Liddell"
,παμπήδην,1,1,1,"85485,54","0,0009",entirely,"LSJ, Middle Liddell"
,τελετή,4,0,1,"85486,54","0,0015",rite,"LSJ, Middle Liddell"
,κινητέος,1,1,1,"85487,54","0,0008",to be moved,"LSJ, Middle Liddell"
,κοιμίζω,1,1,1,"85488,54","0,0006",put to sleep,"LSJ, Middle Liddell"
,παρακολουθέω,1,1,1,"85489,54","0,0003",follow,"LSJ, Middle Liddell"
,ἐξεπίτηδες,1,1,1,"85490,54","0,0005","on purpose,","LSJ, Middle Liddell"
,ἐξωτάτω,1,1,1,"85491,54","0,0008","outermost,","LSJ, Middle Liddell"
,ἐπανανεόομαι,1,1,1,"85492,54","0,0013","revive,","LSJ, Middle Liddell"
,περιχαρής,1,1,1,"85493,54","0,0005",exceeding glad,"LSJ, Middle Liddell"
3.750,πλέκω,1,1,1,"85494,54","0,0004","plait, twine,","LSJ, Middle Liddell, Slater, Autenrieth"
,βόρβορος,1,1,1,"85495,54","0,0005","mire, filth","LSJ, Middle Liddell"
,μακαρισμός,1,1,1,"85496,54","0,0008","pronouncing happy, blessing","LSJ, Middle Liddell"
,πόπανον,1,1,1,"85497,54","0,0007","round cake,","LSJ, Middle Liddell"
,μελιττουργός,1,1,1,"85498,54","0,0011",a bee-keeper,"LSJ, Middle Liddell"
,πραότης,1,1,1,"85499,54","0,0003","mildness, gentleness,","LSJ, Middle Liddell"
,ἀγχίσπορος,1,1,1,"85500,54","0,0013",near of kin,LSJ
,εὐτραπελία,1,1,1,"85501,54","0,0007","ready wit, liveliness","LSJ, Middle Liddell"
,ἀδοξία,1,1,1,"85502,54","0,0004",ill repute,"LSJ, Middle Liddell"
,φύος,4,0,1,"85503,54","0,002",[unavailable],LSJ
3.760,προσεικάζω,1,1,1,"85504,54","0,0007","make like, assimilate","LSJ, Middle Liddell"
,διακούω,1,1,1,"85505,54","0,0005",hear out,"LSJ, Middle Liddell"
,ναυτίλλομαι,1,1,1,"85506,54","0,0006","sail, go by sea,","LSJ, Middle Liddell, Autenrieth"
,θεοειδής,1,1,1,"85507,54","0,0007",godlike,"LSJ, Middle Liddell, Autenrieth"
,ἀμουσία,1,1,1,"85508,54","0,0007","want of education, taste","LSJ, Middle Liddell"
,νομιστέος,1,1,1,"85509,54","0,0006",to be enacted,"LSJ, Middle Liddell"
,δημηγορέω,1,1,1,"85510,54","0,0003",to speak in the assembly,Middle Liddell
,ξανθός,1,1,1,"85511,54","0,0004","yellow,","LSJ, Middle Liddell, Slater, Autenrieth"
,ἀναλόω,9,0,1,"85512,54","0,0025",[unavailable],LSJ
,οἰδέω,9,0,1,"85513,54","0,0033","swell, become swollen,","LSJ, Middle Liddell, Autenrieth"
3.770,οἴκτιστος,1,1,1,"85514,54","0,0006","most pitiable, lamentable,","LSJ, Middle Liddell, Autenrieth"
,δυσεξαπάτητος,1,1,1,"85515,54","0,0011",hard to deceive,"LSJ, Middle Liddell"
,συκοφάντης,4,0,1,"85516,54","0,0013","common informer, voluntary denouncer","LSJ, Middle Liddell"
,ἀντιλογικός,1,1,1,"85517,54","0,0009","given to contradiction, disputatious,","LSJ, Middle Liddell"
,συμπεριαγωγός,1,1,1,"85518,54","0,0013",assistant in converting others,"LSJ, Middle Liddell"
,ὄρνις,4,0,1,"85519,54","0,0008","ara,","LSJ, Middle Liddell, Slater, Autenrieth"
,ἐκβλαστάνω,1,1,1,"85520,54","0,0009","shoot, sprout,","LSJ, Middle Liddell"
,συναδικέω,1,1,1,"85521,54","0,0006",join in wrong,"LSJ, Middle Liddell"
,συνέρχομαι,1,1,1,"85522,54","0,0002",ibo,"LSJ, Middle Liddell"
,ἐκχέω,1,1,1,"85523,54","0,0003",pour out,"LSJ, Middle Liddell, Autenrieth"
3.780,ἀποκοπή,1,1,1,"85524,54","0,0006","cutting off,","LSJ, Middle Liddell"
,κεδνός,1,1,1,"85525,54","0,0005","careful, diligent, trusty","LSJ, Middle Liddell, Slater, Autenrieth"
,κηφηνώδης,1,1,1,"85526,54","0,0012",like (that of) a drone,"LSJ, Middle Liddell"
,παρακαθίζω,1,1,1,"85527,54","0,0007",set beside,"LSJ, Middle Liddell"
,τῖμος,25,0,1,"85528,54","0,0071",[unavailable],"LSJ, Middle Liddell"
,παρατείνω,1,1,1,"85529,54","0,0004","stretch out along, beside","LSJ, Middle Liddell"
,ἐξαρκής,4,0,1,"85530,54","0,0022","enough, sufficient,","LSJ, Middle Liddell"
,ἐξονομακλήδην,1,1,1,"85531,54","0,0009","by name,","LSJ, Middle Liddell, Autenrieth"
,κριτήριον,1,1,1,"85532,54","0,0006",means for judging,"LSJ, Middle Liddell"
,ἐπίγειος,1,1,1,"85533,54","0,0006",on,"LSJ, Middle Liddell"
3.790,ὕθλος,1,1,1,"85534,54","0,0008","idle talk, nonsense,","LSJ, Middle Liddell"
,περιστρέφω,1,1,1,"85535,54","0,0006",whirl round,"LSJ, Middle Liddell, Autenrieth"
,πιαίνω,1,1,1,"85536,54","0,0005",fatten,"LSJ, Middle Liddell, Slater"
,βέλος,1,1,1,"85537,54","0,0002",missile,"LSJ, Middle Liddell, Slater, Autenrieth"
,ὑποχωρέω,1,1,1,"85538,54","0,0004","go back, retire, withdraw,","LSJ, Middle Liddell, Slater, Autenrieth"
,μαθητικός,1,1,1,"85539,54","0,0012",disposed to learn,"LSJ, Middle Liddell"
,ἀγαθοειδής,1,1,1,"85540,54","0,0012","like good, seeming good,","LSJ, Middle Liddell"
,φιλογυμναστικός,1,1,1,"85541,54","0,0012",of,"LSJ, Middle Liddell"
,μεγαλόθυμος,1,1,1,"85542,54","0,001",[unavailable],"LSJ, Middle Liddell"
,εὐγονία,1,1,1,"85543,54","0,0011",fruitfulness,"LSJ, Middle Liddell"
3.800,ἄγκιστρον,1,1,1,"85544,54","0,0005","fish-hook,","LSJ, Middle Liddell, Autenrieth"
,εὐλογία,1,1,1,"85545,54","0,0007",good or fine language,"LSJ, Middle Liddell, Slater"
,προκολακεύω,1,1,1,"85546,54","0,0012","flatter beforehand,","LSJ, Middle Liddell"
,ἀήσσητος,1,1,1,"85547,54","0,0004","unconquered, not beaten","LSJ, Middle Liddell"
,προσγελάω,1,1,1,"85548,54","0,0008",smile at,"LSJ, Middle Liddell"
,αἴνιγμα,1,1,1,"85549,54","0,0004","dark saying, riddle","LSJ, Middle Liddell, Slater"
,προσλαμβάνω,1,1,1,"85550,54","0,0002",take,"LSJ, Middle Liddell"
,ἤπιος,1,1,1,"85551,54","0,0004","gentle, kind","LSJ, Middle Liddell, Autenrieth"
,διάστημα,1,1,1,"85552,54","0,0004","interval,","LSJ, Middle Liddell"
,διεῖδον,1,1,1,"85553,54","0,0009","see thoroughly, discern","LSJ, Middle Liddell"
3.810,ἀμέτριος,4,0,1,"85554,54","0,0023","unreasonable,",LSJ
,ἀποκνητέος,4,0,1,"85555,54","0,0038",[unavailable],Middle Liddell
,σῆμα,1,1,1,"85556,54","0,0004","sign, mark, token","LSJ, Middle Liddell, Autenrieth"
,νυμφάς,4,0,1,"85557,54","0,002",[unavailable],LSJ
,κληρονόμος,4,0,1,"85558,54","0,0016",one who receives a portion,Middle Liddell
,ὁμοδοξέω,1,1,1,"85559,54","0,0008","to be of the same opinion, agree perfectly,","LSJ, Middle Liddell"
,ἐγκλίνω,1,1,1,"85560,54","0,0005",bend in,"LSJ, Middle Liddell, Autenrieth"
,στρεπτός,1,1,1,"85561,54","0,0005","easily twisted, pliant","LSJ, Middle Liddell, Autenrieth"
,ὁπόστος,1,1,1,"85562,54","0,0009",in what,"LSJ, Middle Liddell"
,ἑκατέρωθεν,1,1,1,"85563,54","0,0004","on each side, on either hand,","LSJ, Middle Liddell"
3.820,κατόπισθεν,1,1,1,"85564,54","0,0007","behind, after","LSJ, Middle Liddell"
,τεταρταῖος,1,1,1,"85565,54","0,0007",on the fourth day,"LSJ, Middle Liddell"
,ἐνόρνυμι,1,1,1,"85566,54","0,001","arouse, stir up in","LSJ, Middle Liddell, Autenrieth"
,τριττυαρχέω,1,1,1,"85567,54","0,0012",to be head of a,LSJ
,κυβευτικός,1,1,1,"85568,54","0,0011",of,"LSJ, Middle Liddell"
,περιαιρέω,1,1,1,"85569,54","0,0003","take away something that surrounds, strip off, remove","LSJ, Middle Liddell"
,ἐπικουρητικός,1,1,1,"85570,54","0,0013",[unavailable],LSJ
,ὑπερβαλλόντως,1,1,1,"85571,54","0,0007",exceedingly,"LSJ, Middle Liddell"
,βαλανεῖον,1,1,1,"85572,54","0,0005","bath, bathing-room,","LSJ, Middle Liddell"
,πηδάλιον,1,1,1,"85573,54","0,0005","steering-paddle, rudder","LSJ, Middle Liddell, Slater, Autenrieth"
3.830,ὑποσίδηρος,1,1,1,"85574,54","0,0013",having a mixture,"LSJ, Middle Liddell"
,πλῆκτρον,1,1,1,"85575,54","0,0006",anything to strike with,"LSJ, Middle Liddell"
,ἐπιχθόνιος,1,1,1,"85576,54","0,0006","upon the earth, earthly,","LSJ, Middle Liddell, Slater, Autenrieth"
,ἔρδω,4,0,1,"85577,54","0,0007","do,","LSJ, Middle Liddell, Slater, Autenrieth"
,μαλακότης,1,1,1,"85578,54","0,0006",softness,"LSJ, Middle Liddell"
,μεριμνάω,1,1,1,"85579,54","0,0004","care for, be anxious about, meditate upon","LSJ, Middle Liddell"
,εὐπαιδία,1,1,1,"85580,54","0,0009",a goodly race of children,"LSJ, Middle Liddell"
,δελφίς,1,1,1,"85581,54","0,0005","dolphin,","LSJ, Middle Liddell, Slater, Autenrieth"
,αἰθαλόεις,1,1,1,"85582,54","0,0008","smoky, sooty","LSJ, Middle Liddell, Autenrieth"
,προστατικός,1,1,1,"85583,54","0,0011",of,"LSJ, Middle Liddell"
3.840,ἡμιμόχθηρος,1,1,1,"85584,54","0,0013","half-evil, half a villain","LSJ, Middle Liddell"
,ψογέω,4,0,1,"85585,54","0,002",[unavailable],LSJ
,διασκέπτομαι,1,1,1,"85586,54","0,0005",[unavailable],"LSJ, Middle Liddell"
,νεκροσυλία,1,1,1,"85587,54","0,0013","robbery of the dead,","LSJ, Middle Liddell"
,ῥήν,4,0,1,"85588,54","0,0022","sheep, lamb","LSJ, Middle Liddell"
,ἀνθρώπιον,1,1,1,"85589,54","0,0006",a manikin,Middle Liddell
,θηρεύω,1,1,1,"85590,54","0,0004",hunt,"LSJ, Middle Liddell, Slater, Autenrieth"
,ἀναίρεσις,1,1,1,"85591,54","0,0004",taking up,"LSJ, Middle Liddell"
,ἀναφέρω,1,1,1,"85592,54","0,0002","bring, carry up,","LSJ, Middle Liddell, Slater, Autenrieth"
,δυστυχής,4,0,1,"85593,54","0,0014","unlucky, unfortunate","LSJ, Middle Liddell"
3.850,στάσιμος,1,1,1,"85594,54","0,0006","checking, stopping","LSJ, Middle Liddell"
,ἰσομήκης,1,1,1,"85595,54","0,0008",equal in length,"LSJ, Middle Liddell"
,ἀνίερος,1,1,1,"85596,54","0,0008","unholy, unhallowed,","LSJ, Middle Liddell"
,ὁμοῦ,9,0,1,"85597,54","0,0012","at the same place, together,","LSJ, Middle Liddell, Autenrieth"
,συγκαθίστημι,1,1,1,"85598,54","0,0007",join in bringing back,"LSJ, Middle Liddell"
,ἀπαντάω,1,1,1,"85599,54","0,0002",move from,"LSJ, Middle Liddell"
,ῥᾳθυμία,1,1,1,"85600,54","0,0004","easiness of temper, a taking things easily",Middle Liddell
,καταδρομή,1,1,1,"85601,54","0,0005","inroad, raid","LSJ, Middle Liddell"
,τριακονταετής,1,1,1,"85602,54","0,0007",thirty years old,Middle Liddell
,ἔκτεισμα,1,1,1,"85603,54","0,0012","payment,",LSJ
3.860,συσσιτία,9,0,1,"85604,54","0,0058",messing together,LSJ
,ἐμπληστέος,1,1,1,"85605,54","0,0013",to be filled with,"LSJ, Middle Liddell"
,κλεινός,1,1,1,"85606,54","0,0004","famous, renowned","LSJ, Middle Liddell"
,παραβοηθέω,1,1,1,"85607,54","0,0006",come to aid,"LSJ, Middle Liddell"
,ἐννεακαιεικοσικαιεπτακοσιοπλασιάκις,1,1,1,"85608,54","0,0013","seven-hundred-and-twenty-nine times,",LSJ
,ἀρρωστία,1,1,1,"85609,54","0,0004","weakness, sickness,","LSJ, Middle Liddell"
,παραλλάσσω,1,1,1,"85610,54","0,0003",cause to alternate,"LSJ, Middle Liddell"
,ἐξαγριαίνω,1,1,1,"85611,54","0,0008","make savage,","LSJ, Middle Liddell"
,τραγέλαφος,1,1,1,"85612,54","0,0009","goat-stag,","LSJ, Middle Liddell"
,πατάσσω,1,1,1,"85613,54","0,0003","beat, knock","LSJ, Middle Liddell, Autenrieth"
3.870,κτυπέω,1,1,1,"85614,54","0,0004",crash,"LSJ, Middle Liddell, Autenrieth"
,κυνηγέτης,1,1,1,"85615,54","0,0005",huntsman,"LSJ, Middle Liddell, Autenrieth"
,ἐπευφημέω,1,1,1,"85616,54","0,0006","assent with a shout of applause,","LSJ, Middle Liddell, Autenrieth"
,πεσσεύω,1,1,1,"85617,54","0,0007",play at draughts,"LSJ, Middle Liddell"
,ὑπνώδης,1,1,1,"85618,54","0,0009","drowsy,","LSJ, Middle Liddell"
,βάσανος,1,1,1,"85619,54","0,0004","touchstone,","LSJ, Middle Liddell, Slater"
,βίοτος,1,1,1,"85620,54","0,0004",life,"LSJ, Middle Liddell, Slater, Autenrieth"
,βούβρωστις,1,1,1,"85621,54","0,0009",ravenous appetite,"LSJ, Middle Liddell, Autenrieth"
,μακραίων,1,1,1,"85622,54","0,0008",lasting long,"LSJ, Middle Liddell"
,βωμός,1,1,1,"85623,54","0,0002","raised platform, stand","LSJ, Middle Liddell, Slater, Autenrieth"
3.880,πολλαπλόος,1,1,1,"85624,54","0,001","manifold, many times as long,","LSJ, Middle Liddell"
,φλυαρέω,1,1,1,"85625,54","0,0005","talk nonsense, play the fool,","LSJ, Middle Liddell"
,εὐνομία,1,1,1,"85626,54","0,0004",good order,"LSJ, Middle Liddell, Slater"
,μεταθέω,4,0,1,"85627,54","0,0019",run after,"LSJ, Middle Liddell"
,μετριότης,1,1,1,"85628,54","0,0004",moderation,"LSJ, Middle Liddell"
,προπαρασκευάζω,1,1,1,"85629,54","0,0006","prepare beforehand,","LSJ, Middle Liddell"
,προσέοικα,1,1,1,"85630,54","0,0004","to be like, resemble","LSJ, Middle Liddell"
,χιλιοστός,1,1,1,"85631,54","0,001","thousandth,","LSJ, Middle Liddell"
,μινυρίζω,1,1,1,"85632,54","0,0008","complain in a low tone, whimper, whine","LSJ, Middle Liddell, Autenrieth"
,μολύνω,1,1,1,"85633,54","0,0007","stain, sully, defile","LSJ, Middle Liddell"
3.890,διαπίνω,1,1,1,"85634,54","0,0009","drink one against another,","LSJ, Middle Liddell"
,ἡσυχάω,4,0,1,"85635,54","0,0011",[unavailable],LSJ
,ῥᾳστώνη,4,0,1,"85636,54","0,0016",easiness of doing,"LSJ, Middle Liddell"
,σαπρότης,1,1,1,"85637,54","0,0013","rottenness, putridity","LSJ, Middle Liddell"
,σκιρτάω,1,1,1,"85638,54","0,0005","spring, leap, bound","LSJ, Middle Liddell, Autenrieth"
,οἰκειοπραγία,1,1,1,"85639,54","0,0013","minding one's own affairs,","LSJ, Middle Liddell"
,δριμύτης,1,1,1,"85640,54","0,0006",acridness,"LSJ, Middle Liddell"
,δυσκοινώνητος,1,1,1,"85641,54","0,0012",unsocial,"LSJ, Middle Liddell"
,σποδίζω,1,1,1,"85642,54","0,0008",roast,"LSJ, Middle Liddell"
,ἱππεύω,1,1,1,"85643,54","0,0004",to be a horseman,"LSJ, Middle Liddell, Slater"
3.900,ἔδεσμα,1,1,1,"85644,54","0,0006","meat, food","LSJ, Middle Liddell"
,ὀξύρροπος,1,1,1,"85645,54","0,0007","turning quickly,","LSJ, Middle Liddell"
,κακοδοξία,1,1,1,"85646,54","0,0008",bad repute,"LSJ, Middle Liddell"
,ἀντίτεχνος,1,1,1,"85647,54","0,0007",rival in an art,"LSJ, Middle Liddell"
,ἐκγλύφω,1,1,1,"85648,54","0,001","scoop out,","LSJ, Middle Liddell"
,κατανέμω,1,1,1,"85649,54","0,0005","distribute, allot","LSJ, Middle Liddell"
,καταψηφίζομαι,1,1,1,"85650,54","0,0004",vote against,"LSJ, Middle Liddell"
,λίζω,4,0,1,"85651,54","0,0018",[unavailable],Autenrieth
,ἐμπειράζω,4,0,1,"85652,54","0,0027",to make an attempt on,LSJ
,κομιστέος,1,1,1,"85653,54","0,0012",to be gathered in,"LSJ, Middle Liddell"
3.910,παραυτίκα,1,1,1,"85654,54","0,0004",present,"LSJ, Middle Liddell"
,τοξότης,1,1,1,"85655,54","0,0003","bowman, archer,","LSJ, Middle Liddell, Autenrieth"
,ἀστυνομικός,1,1,1,"85656,54","0,0012",of,"LSJ, Middle Liddell"
,παρρησιάζομαι,1,1,1,"85657,54","0,0003","speak freely, openly","LSJ, Middle Liddell"
,τριάκοντα,4,0,1,"85658,54","0,0008","thirty,","LSJ, Middle Liddell"
,κρούω,1,1,1,"85659,54","0,0004","strike, smite","LSJ, Middle Liddell"
,πεντεκαιπεντηκονταετής,1,1,1,"85660,54","0,0013",fifty-five years old,"LSJ, Middle Liddell"
,ἐπεισκωμάζω,1,1,1,"85661,54","0,001","rush in like disorderly revellers,","LSJ, Middle Liddell"
,κωμῳδικός,1,1,1,"85662,54","0,0009","of comedy, comic","LSJ, Middle Liddell"
,ἐπιδίδωμι,1,1,1,"85663,54","0,0002",give besides,"LSJ, Middle Liddell, Slater, Autenrieth"
3.920,ὑπόκωφος,1,1,1,"85664,54","0,0009","somewhat deaf, rather deaf,","LSJ, Middle Liddell"
,λιστός,1,1,1,"85665,54","0,0009",to be moved by prayer,"LSJ, Middle Liddell"
,βῆμα,4,0,1,"85666,54","0,0012",[unavailable],LSJ
,πλειστάκις,1,1,1,"85667,54","0,0007","mostly, very often,","LSJ, Middle Liddell"
,πλίνθος,1,1,1,"85668,54","0,0005","brick,","LSJ, Middle Liddell"
,μεγαλωστί,1,1,1,"85669,54","0,0008","far and wide, over a vast space","LSJ, Middle Liddell, Autenrieth"
,εὔδηλος,1,1,1,"85670,54","0,0005","quite clear, abundantly manifest","LSJ, Middle Liddell"
,ἀγνώμων,1,1,1,"85671,54","0,0004","ill-judging, senseless","LSJ, Middle Liddell, Slater"
,πρακτέος,1,1,1,"85672,54","0,0005","to be done,","LSJ, Middle Liddell"
,μετάβασις,1,1,1,"85673,54","0,0006","moving over, shifting","LSJ, Middle Liddell"
3.930,εὐσέβεια,1,1,1,"85674,54","0,0003",reverence towards the gods,"LSJ, Middle Liddell"
,μετεωροσκόπος,1,1,1,"85675,54","0,0013",stargazer,"LSJ, Middle Liddell"
,προλείπω,1,1,1,"85676,54","0,0004","forsake, abandon,","LSJ, Middle Liddell, Slater, Autenrieth"
,ἀθεραπευσία,1,1,1,"85677,54","0,0009",want of attendance,"LSJ, Middle Liddell"
,δέρμα,1,1,1,"85678,54","0,0003","skin, hide,","LSJ, Middle Liddell, Slater, Autenrieth"
,διάγραμμα,1,1,1,"85679,54","0,0005","figure marked out by lines, plan,","LSJ, Middle Liddell"
,προσῳδία,1,1,1,"85680,54","0,0009",song sung to instrumental music,"LSJ, Middle Liddell"
,διανέω,1,1,1,"85681,54","0,0007","swim across,","LSJ, Middle Liddell"
,ἀλύω,1,1,1,"85682,54","0,0005","to be deeply stirred, excited:","LSJ, Middle Liddell, Autenrieth"
,σκῆπτρον,1,1,1,"85683,54","0,0004",staff,"LSJ, Middle Liddell, Autenrieth"
3.940,ἀνάπλεος,1,1,1,"85684,54","0,0004",quite full of,"LSJ, Middle Liddell"
,δυσγένεια,1,1,1,"85685,54","0,0007",low birth,"LSJ, Middle Liddell"
,ἰδίωσις,1,1,1,"85686,54","0,0012",isolation,"LSJ, Middle Liddell"
,ὀλέθριος,1,1,1,"85687,54","0,0004","destructive, deadly,","LSJ, Middle Liddell, Autenrieth"
,Δωριστί,1,1,1,"85688,54","0,0009",in Dorian fashion,"LSJ, Middle Liddell"
,ἀνθάπτομαι,1,1,1,"85689,54","0,0008","lay hold of in return,","LSJ, Middle Liddell"
,ἀνοίγνυμι,1,1,1,"85690,54","0,0002","open,","LSJ, Middle Liddell"
,ἀντικατατείνω,1,1,1,"85691,54","0,0011","make counter-extension,","LSJ, Middle Liddell"
,συμπαρακαλέω,1,1,1,"85692,54","0,0008",call upon,"LSJ, Middle Liddell"
,ὅρμησις,9,0,1,"85693,54","0,0063","rapid motion,",LSJ
3.950,συνάγνυμι,4,0,1,"85694,54","0,0016","break to pieces, shiver","LSJ, Middle Liddell, Autenrieth"
,συνομολογέω,1,1,1,"85695,54","0,0005","say the same thing with, agree with","LSJ, Middle Liddell"
,σωφρονίζω,1,1,1,"85696,54","0,0004",recall,"LSJ, Middle Liddell"
,ἀποτολμάω,1,1,1,"85697,54","0,0006","make a bold venture upon,","LSJ, Middle Liddell"
,παραθαρσύνω,1,1,1,"85698,54","0,0005","embolden, encourage","LSJ, Middle Liddell"
,ἐξαπίνης,1,1,1,"85699,54","0,0005",sudden,"LSJ, Middle Liddell, Autenrieth"
,κριθή,4,0,1,"85700,54","0,0015","barleycorns, barley","LSJ, Middle Liddell, Autenrieth"
,παχύνω,1,1,1,"85701,54","0,0006",fatten,"LSJ, Middle Liddell"
,κύημα,1,1,1,"85702,54","0,0008","that which is conceived, embryo, foetus","LSJ, Middle Liddell"
,αὐστηρός,1,1,1,"85703,54","0,0004","harsh, rough, bitter,","LSJ, Middle Liddell"
3.960,ἐπικρύπτω,1,1,1,"85704,54","0,0005",throw a,"LSJ, Middle Liddell"
,ὑπερήφανος,1,1,1,"85705,54","0,0004","overweening, arrogant,","LSJ, Middle Liddell"
,λεοντώδης,1,1,1,"85706,54","0,0009",lion-like,"LSJ, Middle Liddell"
,βαλλάντιον,1,1,1,"85707,54","0,0006","bag, pouch, purse,","LSJ, Middle Liddell"
,βδελύσσομαι,1,1,1,"85708,54","0,0005",feel a loathing for food,"LSJ, Middle Liddell"
,ὑποφέρω,1,1,1,"85709,54","0,0003","carry away under,","LSJ, Middle Liddell, Autenrieth"
,ἐπιψηλαφάω,1,1,1,"85710,54","0,001","feel by passing the hand over the surface,","LSJ, Middle Liddell"
,μᾶζα,1,1,1,"85711,54","0,0005",barley-cake,"LSJ, Middle Liddell"
,βραδυτής,1,1,1,"85712,54","0,0005","slowness, sluggishness","LSJ, Middle Liddell, Autenrieth"
,μαλθακίζομαι,1,1,1,"85713,54","0,0007",to be softened,"LSJ, Middle Liddell"
3.970,γελοιάζω,16,0,1,"85714,54","0,007",jest,LSJ
,μαχητικός,1,1,1,"85715,54","0,0009",fit for fighting,"LSJ, Middle Liddell"
,φόνος,16,0,1,"85716,54","0,0027","murder, slaughter,","LSJ, Middle Liddell, Slater, Autenrieth"
,εὐπραγία,1,1,1,"85717,54","0,0005","welfare, success","LSJ, Middle Liddell, Slater"
,προίξ,1,1,1,"85718,54","0,0003","gift, present,","LSJ, Middle Liddell"
,μισοπονέω,1,1,1,"85719,54","0,0013",hate work,"LSJ, Middle Liddell"
,χρυσοχοέω,1,1,1,"85720,54","0,0008","follow the trade of goldsmith,","LSJ, Middle Liddell"
,πτῶμα,1,1,1,"85721,54","0,0005",fall,"LSJ, Middle Liddell"
,ψυχάριον,1,1,1,"85722,54","0,0009",[unavailable],"LSJ, Middle Liddell"
,διασπείρω,1,1,1,"85723,54","0,0004",scatter,"LSJ, Middle Liddell"
3.980,βουκόλος,4,0,1,"85724,54","0,0018","a cowherd, herdsman","Middle Liddell, Autenrieth"
,θησαυρός,1,1,1,"85725,54","0,0003","store, treasure","LSJ, Middle Liddell, Slater"
,ἀνακαγχάζω,1,1,1,"85726,54","0,0008","burst out laughing,","LSJ, Middle Liddell"
,ἠύτε,1,1,1,"85727,54","0,0006","as, like as","Middle Liddell, Autenrieth"
,στεναγμός,1,1,1,"85728,54","0,0005","sighing, groaning","LSJ, Middle Liddell, Slater"
,ἐγκαλέω,1,1,1,"85729,54","0,0002",call in,"LSJ, Middle Liddell"
,σύγκλυς,1,1,1,"85730,54","0,0007",washed together,"LSJ, Middle Liddell"
,κάλαμος,1,1,1,"85731,54","0,0004",reed,"LSJ, Middle Liddell, Slater"
,καρτερία,1,1,1,"85732,54","0,0004","patient endurance, perseverance","LSJ, Middle Liddell"
,συνδιασκοπέω,1,1,1,"85733,54","0,0012",look through,"LSJ, Middle Liddell"
3.990,κατάκλισις,1,1,1,"85734,54","0,0007",making,"LSJ, Middle Liddell"
,κατασκηνάω,1,1,1,"85735,54","0,0009",[unavailable],"LSJ, Middle Liddell"
,ἀποδύω,1,1,1,"85736,54","0,0003",stripping,"LSJ, Middle Liddell, Autenrieth"
,συστρατιώτης,1,1,1,"85737,54","0,0006",fellow-soldier,"LSJ, Middle Liddell"
,ἀπομύσσω,1,1,1,"85738,54","0,0008",wipe,"LSJ, Middle Liddell"
,ἔλυτρον,1,1,1,"85739,54","0,0007",couering,"LSJ, Middle Liddell"
,Φεραί,4,0,1,"85740,54","0,0007",Pherae,Autenrieth
,παιδοτρίβης,4,0,1,"85741,54","0,0022","physical trainer, gymnastic master","LSJ, Middle Liddell"
,παννυχίς,4,0,1,"85742,54","0,0025","night-festival, vigil",LSJ
,τιθασεύω,1,1,1,"85743,54","0,0005","tame, domesticate","LSJ, Middle Liddell"
4.000,παραμύθιον,4,0,1,"85744,54","0,0019","address, exhortation","LSJ, Middle Liddell"
,ἐπαείδω,1,1,1,"85745,54","0,0004",sing to,"LSJ, Middle Liddell"
,ἐπάνω,4,0,1,"85746,54","0,0019","above, on the upper side","LSJ, Middle Liddell"
,κύπτω,1,1,1,"85747,54","0,0005","bend forward, stoop","LSJ, Middle Liddell, Autenrieth"
,ἐπικαταδαρθάνω,1,1,1,"85748,54","0,0011",fall asleep afterwards,"LSJ, Middle Liddell"
,ὑπεξέρχομαι,1,1,1,"85749,54","0,0005",go out from under,"LSJ, Middle Liddell"
,ἐπιπίπτω,1,1,1,"85750,54","0,0003",fall upon,"LSJ, Middle Liddell"
,ἐπιστρωφάω,1,1,1,"85751,54","0,0009",visit,"LSJ, Middle Liddell, Autenrieth"
,ὑπόπτερος,1,1,1,"85752,54","0,0006","winged,","LSJ, Middle Liddell, Slater"
,φιλαπεχθήμων,1,1,1,"85753,54","0,0008","fond of making enemies, quarrelsome,","LSJ, Middle Liddell"
4.010,πολυειδία,1,1,1,"85754,54","0,0013","diversity of kind,","LSJ, Middle Liddell"
,γνωματεύω,1,1,1,"85755,54","0,001","discriminate, discern","LSJ, Middle Liddell"
,μενετός,4,0,1,"85756,54","0,0026","inclined to wait, patient","LSJ, Middle Liddell"
,προήσθησις,1,1,1,"85757,54","0,0013","joy beforehand,",LSJ
,εὖχος,4,0,1,"85758,54","0,0014","thing prayed for, object of prayer","LSJ, Middle Liddell, Slater, Autenrieth"
,πρόστασις,1,1,1,"85759,54","0,0007","outward dignity,","LSJ, Middle Liddell"
,διάλεκτος,1,1,1,"85760,54","0,0004","discourse, conversation,","LSJ, Middle Liddell"
,ἡμερότης,1,1,1,"85761,54","0,0007",cultivation,"LSJ, Middle Liddell"
,διαπυνθάνομαι,1,1,1,"85762,54","0,0005","search out by questioning, findout,","LSJ, Middle Liddell"
,ἦτορ,1,1,1,"85763,54","0,0006",heart.,"LSJ, Middle Liddell, Slater, Autenrieth"
4.020,ἀμφίεσμα,1,1,1,"85764,54","0,001",garment:,"LSJ, Middle Liddell"
,νοόω,4,0,1,"85765,54","0,0015","convert into pure Intelligence,",LSJ
,δρομόω,4,0,1,"85766,54","0,0012","hasten,",LSJ
,σπουδαστικός,1,1,1,"85767,54","0,001","zealous, earnest","LSJ, Middle Liddell"
,ὀλοός,1,1,1,"85768,54","0,0005","destructive, deadly,","LSJ, Middle Liddell, Slater, Autenrieth"
,Ἶρις,1,1,1,"85769,54","0,0006",rainbow,"LSJ, Middle Liddell"
,μελοποιία,1,1,1,"85770,54","0,0008",a making of lyric poems,Middle Liddell
,συλλυπέω,1,1,1,"85771,54","0,0008",hurt,"LSJ, Middle Liddell"
,κακόσιτος,1,1,1,"85772,54","0,001",eating badly,"LSJ, Middle Liddell"
,περιαγείρω,1,1,1,"85773,54","0,0013",to go round and collect money,Middle Liddell
4.030,πρωί,1,1,1,"85774,54","0,0004","early in the day, early, at morn",Middle Liddell
,συναπεργάζομαι,1,1,1,"85775,54","0,001",help in finishing,"LSJ, Middle Liddell"
,ἀπολήγω,1,1,1,"85776,54","0,0006","leave off, desist from,","LSJ, Middle Liddell, Autenrieth"
,Ποδῆς,4,0,1,"85777,54","0,001",[unavailable],Autenrieth
,παιδευτός,4,0,1,"85778,54","0,0027",to be gaincd by education,"LSJ, Middle Liddell"
,ἀπρεπής,1,1,1,"85779,54","0,0005","unseemly, unbecoming,","LSJ, Middle Liddell"
,ἐναρμόνιος,1,1,1,"85780,54","0,0007","of musical sound, musical","LSJ, Middle Liddell"
,τελετής,4,0,1,"85781,54","0,0015",[unavailable],LSJ
,κίων,1,1,1,"85782,54","0,0004",pillar,"LSJ, Middle Liddell, Slater, Autenrieth"
,ἀριθμητικός,1,1,1,"85783,54","0,0006",of,"LSJ, Middle Liddell"
4.040,τεχνύδριον,1,1,1,"85784,54","0,0011",[unavailable],"LSJ, Middle Liddell"
,παραχώννυμι,4,0,1,"85785,54","0,0012",throw up beside,"LSJ, Middle Liddell"
,αὐθάδεια,1,1,1,"85786,54","0,0005","self-will, wilfulness, stubbornness, contumacy, presumption","LSJ, Middle Liddell"
,ἐπέρομαι,1,1,1,"85787,54","0,0006",to ask besides,"LSJ, Middle Liddell"
,περιχέω,1,1,1,"85788,54","0,0003","pour, spread","LSJ, Middle Liddell, Autenrieth"
,πίναξ,1,1,1,"85789,54","0,0004","board, plank","LSJ, Middle Liddell, Autenrieth"
,πλεονάκις,1,1,1,"85790,54","0,0005","more frequently, oftener,","LSJ, Middle Liddell"
,βόρειος,1,1,1,"85791,54","0,0005","from the quarter of the north wind, northern","LSJ, Middle Liddell"
,ἐράσμιος,1,1,1,"85792,54","0,0005","lovely, pleasant,","LSJ, Middle Liddell"
,φθίσις,1,1,1,"85793,54","0,0006","wasting away, perishing, decay,","LSJ, Middle Liddell, Slater"
4.050,μαντικός,1,1,1,"85794,54","0,0003","prophetic, oracular","LSJ, Middle Liddell"
,ἀγανός,4,0,1,"85795,54","0,0026","mild, gentle,","LSJ, Middle Liddell, Slater, Autenrieth"
,φιλόμουσος,1,1,1,"85796,54","0,0007",loving music,"LSJ, Middle Liddell"
,εὕδω,1,1,1,"85797,54","0,0005",sleep,"LSJ, Middle Liddell, Slater, Autenrieth"
,φιτύω,1,1,1,"85798,54","0,0008","sow, plant, beget,","LSJ, Middle Liddell"
,μελίχλωρος,1,1,1,"85799,54","0,0011","honey-yellow, olive-complexioned","LSJ, Middle Liddell"
,φρίσσω,1,1,1,"85800,54","0,0003",to be rough,"LSJ, Middle Liddell, Slater, Autenrieth"
,δάκρυον,1,1,1,"85801,54","0,0002","tear,","LSJ, Middle Liddell, Slater, Autenrieth"
,προομολογέω,1,1,1,"85802,54","0,0009",grant,"LSJ, Middle Liddell"
,αἶσχος,1,1,1,"85803,54","0,0005","shame, disgrace","LSJ, Middle Liddell, Autenrieth"
4.060,προσπολεμέω,1,1,1,"85804,54","0,0006",carry on war against,"LSJ, Middle Liddell"
,ἀκρόπολις,1,1,1,"85805,54","0,0003",upper,"LSJ, Middle Liddell, Slater, Autenrieth"
,ἀμαθαίνω,1,1,1,"85806,54","0,0011","to be untaught, ignorant,","LSJ, Middle Liddell"
,θεοείκελος,1,1,1,"85807,54","0,0009",godlike,"LSJ, Middle Liddell, Autenrieth"
,δημηγορικός,1,1,1,"85808,54","0,0007",of,Middle Liddell
,σκιαμαχέω,1,1,1,"85809,54","0,0007",fight against a shadow,"LSJ, Middle Liddell"
,θρηνῳδία,1,1,1,"85810,54","0,001",lamentation,"LSJ, Middle Liddell"
,ἀνάλωμα,1,1,1,"85811,54","0,0004","expense, cost,","LSJ, Middle Liddell"
,ἀναρμοστία,1,1,1,"85812,54","0,0009","discord,","LSJ, Middle Liddell"
,οἶκτος,1,1,1,"85813,54","0,0003","pity, compassion,","LSJ, Middle Liddell, Autenrieth"
4.070,σπεύδω,1,1,1,"85814,54","0,0002","set going, urge on, hasten","LSJ, Middle Liddell, Slater, Autenrieth"
,ὁμολόγημα,1,1,1,"85815,54","0,001","that which is agreed upon, taken for granted, postulated,","LSJ, Middle Liddell"
,ἐγχειρίζω,1,1,1,"85816,54","0,0003","put into one's hands, entrust","LSJ, Middle Liddell"
,στυγέω,1,1,1,"85817,54","0,0005","hate, abhor","LSJ, Middle Liddell, Slater, Autenrieth"
,ἀντιπράσσω,1,1,1,"85818,54","0,0005","act against, seek to counteract,","LSJ, Middle Liddell"
,εἰσακούω,1,1,1,"85819,54","0,0005",hearken,"LSJ, Middle Liddell, Autenrieth"
,ἀπαγγελία,1,1,1,"85820,54","0,0006","report,","LSJ, Middle Liddell"
,προαπόλλυμαι,1,1,1,"85821,54","0,0007","to be first destroyed, to perish before",Middle Liddell
,συνᾴδω,1,1,1,"85822,54","0,0005",sing with,"LSJ, Middle Liddell"
,ἐκπέμπω,1,1,1,"85823,54","0,0002",send out,"LSJ, Middle Liddell, Slater, Autenrieth"
4.080,ἀποβλητέος,1,1,1,"85824,54","0,0012","to be thrown away, rejected,","LSJ, Middle Liddell"
,σύνοψις,1,1,1,"85825,54","0,0009","a seeing all together, general view","LSJ, Middle Liddell"
,καταφρόνησις,1,1,1,"85826,54","0,0005","contempt, disdain","LSJ, Middle Liddell"
,σφενδονάω,9,0,1,"85827,54","0,0041",use the sling,"LSJ, Middle Liddell, Slater"
,ταλαιπωρέω,1,1,1,"85828,54","0,0004","do hard work, endure hardship","LSJ, Middle Liddell"
,παλαίστρα,1,1,1,"85829,54","0,0003",wrestling-school,"LSJ, Middle Liddell"
,τεκταίνομαι,1,1,1,"85830,54","0,0005",frame,"LSJ, Middle Liddell, Autenrieth"
,τέττα,1,1,1,"85831,54","0,001",Father,"LSJ, Middle Liddell, Autenrieth"
,ἐξαρνέομαι,1,1,1,"85832,54","0,0007","deny utterly,","LSJ, Middle Liddell"
,κοσμήτωρ,1,1,1,"85833,54","0,0008","one who marshals an army, commander, leader","LSJ, Middle Liddell, Slater, Autenrieth"
4.090,ἀτρύγετος,1,1,1,"85834,54","0,0008","unharvested, barren,","LSJ, Middle Liddell, Autenrieth"
,πεζός,1,1,1,"85835,54","0,0002","on foot, walking","LSJ, Middle Liddell, Slater, Autenrieth"
,πενιχρός,1,1,1,"85836,54","0,0006","poor, needy","LSJ, Middle Liddell, Slater, Autenrieth"
,ἐπεισάγω,1,1,1,"85837,54","0,0004",bring in besides,"LSJ, Middle Liddell"
,ἄφιλος,1,1,1,"85838,54","0,0005","friendless,","LSJ, Middle Liddell"
,ἐπιγελάω,1,1,1,"85839,54","0,0006",—laugh approvingly,"LSJ, Middle Liddell"
,ἄφωνος,1,1,1,"85840,54","0,0004","voiceless, dumb,","LSJ, Middle Liddell, Slater"
,περιστροφή,1,1,1,"85841,54","0,0009",turning,"LSJ, Middle Liddell"
,ὑπέρυθρος,1,1,1,"85842,54","0,0008","reddish,","LSJ, Middle Liddell"
,βάναυσος,1,1,1,"85843,54","0,0004","artisan,","LSJ, Middle Liddell"
4.100,πλάστιγξ,1,1,1,"85844,54","0,0007",scale of a balance,"LSJ, Middle Liddell"
,ὑποψία,1,1,1,"85845,54","0,0003","suspicion, ill-feeling,","LSJ, Middle Liddell"
,μαθητός,4,0,1,"85846,54","0,0011","learnt, that may be learnt","LSJ, Middle Liddell"
,βραχύτης,1,1,1,"85847,54","0,0006",shortness,"LSJ, Middle Liddell"
,γελωτοποιός,4,0,1,"85848,54","0,0024","exciting laughter, ridiculous","LSJ, Middle Liddell"
,μελετητέος,1,1,1,"85849,54","0,0011",to be treated,"LSJ, Middle Liddell"
,εὔλογος,1,1,1,"85850,54","0,0003","reasonable, sensible","LSJ, Middle Liddell"
,προσλάμπω,1,1,1,"85851,54","0,0011",shine upon,"LSJ, Middle Liddell"
,χρεμετίζω,1,1,1,"85852,54","0,0007","neigh, whinny,","LSJ, Middle Liddell, Autenrieth"
,μνημονευτέον,4,0,1,"85853,54","0,0044",one must remember,LSJ
4.110,πρόσχημα,1,1,1,"85854,54","0,0005",that which is held before,"LSJ, Middle Liddell"
,διαμπερές,4,0,1,"85855,54","0,0026","through and through, right through,","LSJ, Middle Liddell, Autenrieth"
,πυθμήν,1,1,1,"85856,54","0,0005",bottom,"LSJ, Middle Liddell, Slater, Autenrieth"
,ψυχρόομαι,4,0,1,"85857,54","0,002","to be chilly, uninteresting,","LSJ, Middle Liddell"
,νύμφη,4,0,1,"85858,54","0,0011","young wife, bride,","LSJ, Middle Liddell, Autenrieth"
,ἀνακλίνω,1,1,1,"85859,54","0,0006",lean,"LSJ, Middle Liddell, Autenrieth"
,θυσιάς,16,0,1,"85860,54","0,0041",frenzied,LSJ
,σπαράσσω,1,1,1,"85861,54","0,0004","tear, rend","LSJ, Middle Liddell"
,δωμάτιον,1,1,1,"85862,54","0,0004",ad Them.,"LSJ, Middle Liddell"
,στερίσκω,1,1,1,"85863,54","0,0007",to deprive,"LSJ, Middle Liddell"
4.120,ἱκέτης,1,1,1,"85864,54","0,0003",one who comes to seek aid,"LSJ, Middle Liddell, Autenrieth"
,ἀνήκεστος,1,1,1,"85865,54","0,0003","incurable, desperate, fatal,","LSJ, Middle Liddell, Autenrieth"
,κνάμπτω,1,1,1,"85866,54","0,0012",[unavailable],"Middle Liddell, Slater"
,ὁμοδοξία,1,1,1,"85867,54","0,001","agreement in opinion, unanimity,","LSJ, Middle Liddell"
,ὀνειροπολέω,1,1,1,"85868,54","0,0006","dream,","LSJ, Middle Liddell"
,ἀξιοκοινώνητος,1,1,1,"85869,54","0,0012","worthy of our society,","LSJ, Middle Liddell"
,ὁρμαθός,1,1,1,"85870,54","0,0008","string, chain,","LSJ, Middle Liddell, Autenrieth"
,ἀπειθής,1,1,1,"85871,54","0,0005","disobedient,","LSJ, Middle Liddell, Slater"
,ἐκλείπω,1,1,1,"85872,54","0,0002","leave out, pass over,","LSJ, Middle Liddell, Slater"
,κατακρύπτω,1,1,1,"85873,54","0,0004","hide, conceal","LSJ, Middle Liddell, Slater, Autenrieth"
4.130,ἐκτρέπω,1,1,1,"85874,54","0,0003","turn out of the course, turn aside","LSJ, Middle Liddell"
,ἐξαναδύομαι,1,1,1,"85875,54","0,0009","rise out of, emerge from,","LSJ, Middle Liddell"
,παῦσις,4,0,1,"85876,54","0,0017","stopping, ceasing",LSJ
,ἀφεκτέον,4,0,1,"85877,54","0,0029","one must abstain from,",LSJ
,ὑγιόω,4,0,1,"85878,54","0,0024",[unavailable],LSJ
,λαιμαργία,1,1,1,"85879,54","0,0007",gluttony,"LSJ, Middle Liddell"
,Ἀφροδίτη,1,1,1,"85880,54","0,0007","Aphrodite,","LSJ, Middle Liddell, Autenrieth"
,ἐπικουρία,1,1,1,"85881,54","0,0004",aid,"LSJ, Middle Liddell"
,πηκτίς,1,1,1,"85882,54","0,0007",stringed instrument,"LSJ, Middle Liddell"
,ἐπίρρυτος,1,1,1,"85883,54","0,0008",running,"LSJ, Middle Liddell"
4.140,λίθινος,1,1,1,"85884,54","0,0004",made of stone,"LSJ, Middle Liddell, Slater"
,βάσις,9,0,1,"85885,54","0,0029","stepping, step,","LSJ, Middle Liddell, Slater"
,βλασφημέω,1,1,1,"85886,54","0,0004",speak profanely of sacred things,"LSJ, Middle Liddell"
,ἐπιχρωματίζω,1,1,1,"85887,54","0,0013","render colour,","LSJ, Middle Liddell"
,ὑψηλόφρων,1,1,1,"85888,54","0,001","high-minded, high-spirited,","LSJ, Middle Liddell"
,ποδώκης,1,1,1,"85889,54","0,0006","swiftfooted,","LSJ, Middle Liddell, Autenrieth"
,γεηρός,1,1,1,"85890,54","0,001","of earth, earthy",LSJ
,εὐάγωγος,1,1,1,"85891,54","0,0007","easily led, ductile","LSJ, Middle Liddell"
,φιλοπραγμοσύνη,1,1,1,"85892,54","0,0009","busy disposition, meddlesomeness, restless habit of life,","LSJ, Middle Liddell"
,γυμνικός,1,1,1,"85893,54","0,0005",of,"LSJ, Middle Liddell"
4.150,πρηνής,1,1,1,"85894,54","0,0005","with the face downwards, head-foremost","LSJ, Middle Liddell, Autenrieth"
,εὐπέτεια,1,1,1,"85895,54","0,0008",ease,"LSJ, Middle Liddell"
,ἀδάμας,1,1,1,"85896,54","0,0006",unconquerable:,"LSJ, Middle Liddell, Slater"
,δέμω,4,0,1,"85897,54","0,0015","build,","LSJ, Middle Liddell, Autenrieth"
,αἰθήρ,1,1,1,"85898,54","0,0003","ether, the heaven","LSJ, Middle Liddell, Slater, Autenrieth"
,αἰχμητής,1,1,1,"85899,54","0,0006","spearman, warrior","LSJ, Middle Liddell, Autenrieth"
,διαθρυλέω,1,1,1,"85900,54","0,0007","spread abroad,","LSJ, Middle Liddell"
,πταίω,1,1,1,"85901,54","0,0004",cause to stumble,"LSJ, Middle Liddell, Slater"
,θαυματοποιία,1,1,1,"85902,54","0,001","conjuring, juggling","LSJ, Middle Liddell"
,νήφω,1,1,1,"85903,54","0,0004","to be sober, drink no wine,","LSJ, Middle Liddell"
4.160,θεράπων,1,1,1,"85904,54","0,0003",An Ox.,"LSJ, Middle Liddell, Slater, Autenrieth"
,ἀμφοτέρωσε,1,1,1,"85905,54","0,0011","to both sides,","LSJ, Middle Liddell, Autenrieth"
,βίβλος,1,1,1,"85906,54","0,0004",the inner bark of the papyrus,Middle Liddell
,διχοστατέω,1,1,1,"85907,54","0,0008","stand apart, disagree,","LSJ, Middle Liddell"
,σκαιότης,1,1,1,"85908,54","0,0006",awkwardness,"LSJ, Middle Liddell"
,ἐνδεῶς,4,0,1,"85909,54","0,0023",[unavailable],Middle Liddell
,ἀναχωρέω,1,1,1,"85910,54","0,0002","go back,","LSJ, Middle Liddell, Autenrieth"
,δυστυχία,1,1,1,"85911,54","0,0004","ill luck, ill fortune","LSJ, Middle Liddell"
,ἀνεπίφθονος,1,1,1,"85912,54","0,0005","without reproach,","LSJ, Middle Liddell"
,ἰσονομία,1,1,1,"85913,54","0,0007","equal distribution, equilibrium, balance","LSJ, Middle Liddell"
4.170,συγκαλύπτω,1,1,1,"85914,54","0,0006",cover,"LSJ, Middle Liddell"
,ἀντεῖπον,1,1,1,"85915,54","0,0003",speak against,"LSJ, Middle Liddell"
,ὀργίλος,1,1,1,"85916,54","0,0005","inclined to anger, irascible,","LSJ, Middle Liddell"
,ἀπαντλέω,1,1,1,"85917,54","0,0008","draw off from,","LSJ, Middle Liddell"
,ῥᾴθυμος,1,1,1,"85918,54","0,0004","taking things easy, indifferent, lazy, sluggish",Middle Liddell
,ἐκτελέω,1,1,1,"85919,54","0,0004","bring to an end, accomplish, achieve,","LSJ, Middle Liddell, Slater, Autenrieth"
,κατάρροος,1,1,1,"85920,54","0,0009",down-flowing,"LSJ, Middle Liddell"
,χρηστέος,4,0,1,"85921,54","0,0018",one must use,Middle Liddell
,συσσίτιον,9,0,1,"85922,54","0,0053","common meal, public mess","LSJ, Middle Liddell"
,ἀπόλογος,1,1,1,"85923,54","0,0008","story, tale,","LSJ, Middle Liddell"
4.180,παιδογονία,1,1,1,"85924,54","0,0011",begetting of children,"LSJ, Middle Liddell"
,ἐμπνέω,1,1,1,"85925,54","0,0004",blow,"LSJ, Middle Liddell, Slater, Autenrieth"
,ταῦρος,1,1,1,"85926,54","0,0003",bull,"LSJ, Middle Liddell, Slater, Autenrieth"
,ἀσκητής,9,0,1,"85927,54","0,006",one who practises any art,"LSJ, Middle Liddell"
,ἐξευλαβέομαι,1,1,1,"85928,54","0,0007","guard carefully against,","LSJ, Middle Liddell"
,κρατήρ,1,1,1,"85929,54","0,0003",mixing vessel,"LSJ, Middle Liddell, Slater"
,ἀσχολία,1,1,1,"85930,54","0,0003","occupation, business, engagement,","LSJ, Middle Liddell, Slater"
,ἐπαγγέλλω,1,1,1,"85931,54","0,0002","tell, proclaim, announce,","LSJ, Middle Liddell, Slater, Autenrieth"
,τρικυμία,1,1,1,"85932,54","0,0008","group of three waves,","LSJ, Middle Liddell"
,τρυφή,10,0,1,"85933,54","0,0021","softness, delicacy, daintiness,","LSJ, Middle Liddell"
4.190,κύντερος,1,1,1,"85934,54","0,0008",more dog-like,"LSJ, Middle Liddell, Autenrieth"
,ἐπήκοος,1,1,1,"85935,54","0,0006","listening, giving ear to,","LSJ, Middle Liddell"
,ὑπνώσσω,1,1,1,"85936,54","0,0009",to be sleepy,"LSJ, Middle Liddell"
,ἐπιφέρω,1,1,1,"85937,54","0,0002","bring, put","LSJ, Middle Liddell, Slater, Autenrieth"
,βούκολος,4,0,1,"85938,54","0,0018",tending kine,LSJ
,πνευματόω,4,0,1,"85939,54","0,0018","turn into vapour,",LSJ
,μέθυ,1,1,1,"85940,54","0,0007",wine,"LSJ, Middle Liddell, Autenrieth"
,εὔνομος,1,1,1,"85941,54","0,0007","under good laws, well-ordered","LSJ, Middle Liddell, Slater"
,φυτευτός,1,1,1,"85942,54","0,0013","planted,","LSJ, Middle Liddell"
,προπάροιθε,1,1,1,"85943,54","0,0006","before, in front of,","LSJ, Middle Liddell"
4.200,χαριεντίζομαι,1,1,1,"85944,54","0,0009","to be witty, jest,","LSJ, Middle Liddell"
,προσερέσθαι,9,0,1,"85945,54","0,0035",ask besides,"LSJ, Middle Liddell"
,χοῖρος,1,1,1,"85946,54","0,0005","young pig, porker","LSJ, Middle Liddell, Autenrieth"
,μιξολυδιστί,1,1,1,"85947,54","0,001",in the mixolydian mode,"LSJ, Middle Liddell"
,πρόσσω,9,0,1,"85948,54","0,0047",[unavailable],"LSJ, Autenrieth"
,ἀκολουθητέον,1,1,1,"85949,54","0,001",one must follow,"LSJ, Middle Liddell"
,διαλαμβάνω,1,1,1,"85950,54","0,0004",take,"LSJ, Middle Liddell"
,προφασίζομαι,1,1,1,"85951,54","0,0005",allege by way,"LSJ, Middle Liddell"
,ἀλλοδαπός,1,1,1,"85952,54","0,0005",aliud,"LSJ, Middle Liddell, Slater, Autenrieth"
,σαρδάνιος,1,1,1,"85953,54","0,0009",bitter,"LSJ, Middle Liddell"
4.210,ἀμύμων,1,1,1,"85954,54","0,0006","blameless, noble, excellent,","LSJ, Middle Liddell, Slater, Autenrieth"
,νομοθετητέος,1,1,1,"85955,54","0,0011","to be settled by law,","LSJ, Middle Liddell"
,σιμός,1,1,1,"85956,54","0,0005","snub-nosed, flat-nosed","LSJ, Middle Liddell"
,ἀναδασμός,1,1,1,"85957,54","0,0006","redistribution, partition","LSJ, Middle Liddell"
,ἀναμετρέω,1,1,1,"85958,54","0,0006","measure back again, re-measure the road, retrace one's steps,","LSJ, Middle Liddell, Autenrieth"
,σμερδαλέος,1,1,1,"85959,54","0,0008","terrible to look on, fearful","LSJ, Middle Liddell, Autenrieth"
,σπονδή,1,1,1,"85960,54","0,0003",drink-offering,"LSJ, Middle Liddell, Autenrieth"
,ἀνέκπληκτος,1,1,1,"85961,54","0,0007","undaunted, intrepid,","LSJ, Middle Liddell"
,καίνυμαι,1,1,1,"85962,54","0,0007","to surpass, excel","Middle Liddell, Slater, Autenrieth"
,ὀλιγωρέω,1,1,1,"85963,54","0,0004",esteem little,"LSJ, Middle Liddell"
4.220,στραγγεύομαι,1,1,1,"85964,54","0,001","loiter, delay","LSJ, Middle Liddell"
,συμπολεμέω,1,1,1,"85965,54","0,0006",join in war,"LSJ, Middle Liddell"
,καπηλεύω,1,1,1,"85966,54","0,0006","to be a retail-dealer, drive a petty trade","LSJ, Middle Liddell"
,συναλγέω,1,1,1,"85967,54","0,0005",share in suffering,"LSJ, Middle Liddell"
,κατανεύω,1,1,1,"85968,54","0,0006",nod assent,"LSJ, Middle Liddell, Slater, Autenrieth"
,φοβητέος,1,1,1,"85969,54","0,0009",one must fear,Middle Liddell
,σύντονος,4,0,1,"85970,54","0,0014",strained tight,"LSJ, Middle Liddell"
,ἀπορρᾳθυμέω,1,1,1,"85971,54","0,001",leave off in faintheartedness,"LSJ, Middle Liddell"
,παίδειος,4,0,1,"85972,54","0,0023",of,"LSJ, Middle Liddell, Slater"
,ἐμπειρέω,4,0,1,"85973,54","0,0018","to be experienced in, have knowledge of",LSJ
4.230,ἀποχρώντως,1,1,1,"85974,54","0,0006","enough, sufficiently,","LSJ, Middle Liddell"
,παρακινδυνευτικός,1,1,1,"85975,54","0,001","venturesome, audacious","LSJ, Middle Liddell"
,ἐντρεχής,1,1,1,"85976,54","0,0008","skilful, ready,",LSJ
,τριακοντάς,4,0,1,"85977,54","0,0008","the number thirty,",LSJ
,κρύπτω,1,1,1,"85978,54","0,0002","hide, cover","LSJ, Middle Liddell, Slater, Autenrieth"
,ἐπανάγκης,1,1,1,"85979,54","0,0006","it is compulsory, necessary,","LSJ, Middle Liddell"
,τωθάζω,1,1,1,"85980,54","0,0007","mock, jeer at, flout,","LSJ, Middle Liddell"
,κωμῳδοποιός,1,1,1,"85981,54","0,0007",comic poet,"LSJ, Middle Liddell"
,περιβάλλω,1,1,1,"85982,54","0,0002","throw round, about","LSJ, Middle Liddell, Slater, Autenrieth"
,ἐπιμελής,1,1,1,"85983,54","0,0003",careful,"LSJ, Middle Liddell"
4.240,ὑπηρεσία,1,1,1,"85984,54","0,0004","body of rowers, ship's crew,","LSJ, Middle Liddell"
,λευχειμονέω,1,1,1,"85985,54","0,0009",to be clad in white,LSJ
,πικρός,1,1,1,"85986,54","0,0002","pointed, sharp, keen","LSJ, Middle Liddell, Slater, Autenrieth"
,λιτανεύω,1,1,1,"85987,54","0,0008","pray, entreat","LSJ, Middle Liddell, Slater, Autenrieth"
,πλοῖον,1,1,1,"85988,54","0,0002",floating vessel,"LSJ, Middle Liddell"
,γενεά,1,1,1,"85989,54","0,0003","race, family","LSJ, Middle Liddell, Slater"
,εὐδικία,1,1,1,"85990,54","0,0009","righteous dealing, righteousness","LSJ, Middle Liddell"
,φιλοψευδής,1,1,1,"85991,54","0,0009",fond of lies,"LSJ, Middle Liddell, Autenrieth"
,πρακτικός,1,1,1,"85992,54","0,0004",fit for,"LSJ, Middle Liddell"
,εὐμετάβολος,1,1,1,"85993,54","0,0006",changeable,"LSJ, Middle Liddell"
4.250,προγιγνώσκω,1,1,1,"85994,54","0,0005","know, perceive, learn,","LSJ, Middle Liddell"
,ἀδόκιμος,1,1,1,"85995,54","0,0006","not legal tender, not current","LSJ, Middle Liddell"
,μετίσχω,1,1,1,"85996,54","0,001",[unavailable],"LSJ, Middle Liddell"
,ἐφικνέομαι,1,1,1,"85997,54","0,0004","reach at, aim at","LSJ, Middle Liddell, Slater, Autenrieth"
,προσόμοιος,1,1,1,"85998,54","0,0007","nearly like, much like","LSJ, Middle Liddell"
,ἡγεμονεύω,1,1,1,"85999,54","0,0005",lead the way,"LSJ, Middle Liddell, Autenrieth"
,πύκνωμα,1,1,1,"86000,54","0,0008",thick cloth,"LSJ, Middle Liddell"
,ῥᾴδια,9,0,1,"86001,54","0,0041",easy shoes,LSJ
,ἀίδιος,1,1,1,"86002,54","0,0004","everlasting, eternal",Middle Liddell
,διέξοδος,1,1,1,"86003,54","0,0005","outlet, passage,","LSJ, Middle Liddell"
4.260,ἀμνημονέω,1,1,1,"86004,54","0,0005","to be unmindful,","LSJ, Middle Liddell"
,σηπεδών,1,1,1,"86005,54","0,0006","decay, putrefaction","LSJ, Middle Liddell"
,θρεπτέος,1,1,1,"86006,54","0,0011","to be fed, nurtured","LSJ, Middle Liddell"
,ἀναλογία,1,1,1,"86007,54","0,0005","mathematical proportion,","LSJ, Middle Liddell"
,θωπεία,1,1,1,"86008,54","0,0007",flattery,"LSJ, Middle Liddell"
,δυσγοήτευτος,1,1,1,"86009,54","0,0013",hard to seduce by enchantments,"LSJ, Middle Liddell"
,ἰδιωτεία,1,1,1,"86010,54","0,0009",private station,"LSJ, Middle Liddell"
,στέφω,1,1,1,"86011,54","0,0004",put round,"LSJ, Middle Liddell, Slater, Autenrieth"
,ἀνθεκτέον,1,1,1,"86012,54","0,001","one must cleave to,",LSJ
,ἄξων,1,1,1,"86013,54","0,0005","axle,","LSJ, Middle Liddell, Autenrieth"
4.270,καταβιβαστέος,1,1,1,"86014,54","0,0013",to be brought down,"LSJ, Middle Liddell"
,ἀπείργω,1,1,1,"86015,54","0,0004","keep away from, debar from,","LSJ, Middle Liddell, Slater"
,ἐκμάσσω,1,1,1,"86016,54","0,0007","wipe off, wipe away,","LSJ, Middle Liddell"
,συνέρδω,1,1,1,"86017,54","0,0009","co-operate, help","LSJ, Middle Liddell"
,φευκτέος,1,1,1,"86018,54","0,0006",one must flee,Middle Liddell
,συνοπτικός,1,1,1,"86019,54","0,0013","seeing the whole together, taking a comprehensive view","LSJ, Middle Liddell"
,ἀποκμητέον,1,1,1,"86020,54","0,0013","one must grow weary,",LSJ
,ὀφεώδης,1,1,1,"86021,54","0,0013",snake-like,"LSJ, Middle Liddell"
,καῦμα,1,1,1,"86022,54","0,0004",burning heat,"LSJ, Middle Liddell, Autenrieth"
,ἀποπίπτω,1,1,1,"86023,54","0,0006","fall off from,","LSJ, Middle Liddell, Autenrieth"
4.280,σωφρονιστής,1,1,1,"86024,54","0,0007",one that chastens,"LSJ, Middle Liddell"
,κῆρυξ,1,1,1,"86025,54","0,0002","herald, pursuivant","LSJ, Middle Liddell, Autenrieth"
,τετράκις,1,1,1,"86026,54","0,0005",four times,"LSJ, Middle Liddell, Autenrieth"
,κλινουργός,1,1,1,"86027,54","0,0013",[unavailable],"LSJ, Middle Liddell"
,ἐντείνω,1,1,1,"86028,54","0,0003",stretch,"LSJ, Middle Liddell, Autenrieth"
,παρασκευαστέος,1,1,1,"86029,54","0,0008",to be prepared,"LSJ, Middle Liddell"
,ἐξάπτω,1,1,1,"86030,54","0,0004",fasten from,"LSJ, Middle Liddell, Autenrieth"
,παροικοδομέω,1,1,1,"86031,54","0,0009",build across,"LSJ, Middle Liddell"
,τρέμω,1,1,1,"86032,54","0,0004","tremble, quake, quiver,","LSJ, Middle Liddell, Autenrieth"
,κρίνον,4,0,1,"86033,54","0,0011","white lily, Lilium candidum","LSJ, Middle Liddell"
4.290,κυκεών,1,1,1,"86034,54","0,0006","potion, posset","LSJ, Middle Liddell, Autenrieth"
,αὐταρκέω,4,0,1,"86035,54","0,0017","supply with necessaries,",LSJ
,ἀφήκω,1,1,1,"86036,54","0,0002","arrive at or have arrived,","LSJ, Middle Liddell"
,ἐπικτάομαι,4,0,1,"86037,54","0,0025",gain,"LSJ, Middle Liddell"
,ὑπεροράω,1,1,1,"86038,54","0,0004","look over, look down upon,","LSJ, Middle Liddell"
,βαλλαντιοτομέω,1,1,1,"86039,54","0,001","cut purses,","LSJ, Middle Liddell"
,ὑποφεύγω,1,1,1,"86040,54","0,0005","flee from under, shun,","LSJ, Middle Liddell, Autenrieth"
,βλοσυρός,1,1,1,"86041,54","0,0006","hairy, shaggy, bristling","LSJ, Middle Liddell, Autenrieth"
,φειδωλία,1,1,1,"86042,54","0,0009",[unavailable],"LSJ, Middle Liddell"
,μαλθακός,1,1,1,"86043,54","0,0004",soft,"LSJ, Middle Liddell, Slater, Autenrieth"
4.300,γελοιάω,16,0,1,"86044,54","0,007",[unavailable],"LSJ, Autenrieth"
,μάχιμος,1,1,1,"86045,54","0,0003","fit for battle, warlike","LSJ, Middle Liddell"
,πολυψήφις,1,1,1,"86046,54","0,001","with many pebbles, pebbly,","LSJ, Middle Liddell"
,φονός,16,0,1,"86047,54","0,0027","murderess,","LSJ, Slater"
,προαγορεύω,1,1,1,"86048,54","0,0004","tell beforehand,","LSJ, Middle Liddell"
,ἀδέσποτος,1,1,1,"86049,54","0,0006",without master,"LSJ, Middle Liddell"
,προσκεφάλαιον,1,1,1,"86050,54","0,0007","cushion for the head, pillow","LSJ, Middle Liddell"
,πτῶσις,1,1,1,"86051,54","0,0006","falling, fall","LSJ, Middle Liddell"
,πῶλος,1,1,1,"86052,54","0,0003",foal,"LSJ, Middle Liddell, Slater, Autenrieth"
,ἀνάπαλιν,1,1,1,"86053,54","0,0005","back again,","LSJ, Middle Liddell"
4.310,οἰκοδόμησις,1,1,1,"86054,54","0,0007",act,"LSJ, Middle Liddell"
,δώδεκα,4,0,1,"86055,54","0,0011",twelve,"LSJ, Middle Liddell, Slater, Autenrieth"
,ὅμιλος,4,0,1,"86056,54","0,0015","any assembled crowd, throng of people,","LSJ, Middle Liddell, Slater, Autenrieth"
,ἐγκατατέμνω,1,1,1,"86057,54","0,0013",cut up,"LSJ, Middle Liddell"
,ἄνισος,4,0,1,"86058,54","0,0018","unequal, uneven,","LSJ, Middle Liddell"
,συγκοίμησις,1,1,1,"86059,54","0,001","a sleeping together, lying with","LSJ, Middle Liddell"
,σύμβουλος,1,1,1,"86060,54","0,0003","adviser, counsellor","LSJ, Middle Liddell"
,ἐκκλύζω,1,1,1,"86061,54","0,0009","wash out, wash away,","LSJ, Middle Liddell"
,ὑπαρκτέος,1,1,1,"86062,54","0,0012",one must begin,Middle Liddell
,συστρέφω,1,1,1,"86063,54","0,0004","twist up, roll up","LSJ, Middle Liddell"
4.320,κατοικέω,1,1,1,"86064,54","0,0003","settle in, colonize","LSJ, Middle Liddell"
,ἀποναρκόομαι,1,1,1,"86065,54","0,0012","become torpid, stupefied,","LSJ, Middle Liddell"
,παγγέλοιος,1,1,1,"86066,54","0,0007",thoroughly ridiculous,"LSJ, Middle Liddell"
,σωματοειδής,1,1,1,"86067,54","0,0007","bodily, corporeal","LSJ, Middle Liddell"
,παιδοτροφία,1,1,1,"86068,54","0,0007",rearing of children.,"LSJ, Middle Liddell"
,ἀριστοκρατέομαι,1,1,1,"86069,54","0,0009","to be governed by the best-born, live under an aristocracy,","LSJ, Middle Liddell"
,ἀρτίφρων,1,1,1,"86070,54","0,0009","sound of mind, sensible,","LSJ, Middle Liddell, Autenrieth"
,ἐπικίνδυνος,1,1,1,"86071,54","0,0005","in danger, insecure","LSJ, Middle Liddell"
,πετρώδης,1,1,1,"86072,54","0,0006",like rock,"LSJ, Middle Liddell"
,ἐπισφαλής,1,1,1,"86073,54","0,0004","prone to fall, unstable, precarious,","LSJ, Middle Liddell"
4.330,βλάβος,9,0,1,"86074,54","0,0031",[unavailable],"LSJ, Middle Liddell"
,ὑφηγέομαι,1,1,1,"86075,54","0,0003","go just before, guide, lead,","LSJ, Middle Liddell"
,βουλή,9,0,1,"86076,54","0,0014","will, determination","LSJ, Middle Liddell, Autenrieth"
,φιλάργυρος,1,1,1,"86077,54","0,0006","fond of money, avaricious,","LSJ, Middle Liddell"
,γεραιός,1,1,1,"86078,54","0,0004",old,"LSJ, Middle Liddell, Slater, Autenrieth"
,πολυθρύλητος,1,1,1,"86079,54","0,0006",much-spoken-of,"LSJ, Middle Liddell"
,εὐήνιος,1,1,1,"86080,54","0,0007",obedient to the rein,"LSJ, Middle Liddell"
,φοιτάζω,10,0,1,"86081,54","0,0026",[unavailable],LSJ
,ἀγωνιστής,1,1,1,"86082,54","0,0004",combatant,"LSJ, Middle Liddell"
,μεταλλάσσω,1,1,1,"86083,54","0,0004","change, alter","LSJ, Middle Liddell"
4.340,προθεραπεύω,1,1,1,"86084,54","0,0009","prepare beforehand,","LSJ, Middle Liddell"
,φυτουργός,1,1,1,"86085,54","0,0008",tending plants,"LSJ, Middle Liddell"
,δεκαταῖος,1,1,1,"86086,54","0,0009","for ten days,","LSJ, Middle Liddell"
,ἕωθεν,1,1,1,"86087,54","0,0003",from morn,"LSJ, Middle Liddell"
,αἰδοῖος,1,1,1,"86088,54","0,0004","having a claim to regard, reverence","LSJ, Middle Liddell, Slater, Autenrieth"
,χάσκω,1,1,1,"86089,54","0,0004","yawn, gape,","LSJ, Middle Liddell, Autenrieth"
,προφθάνω,1,1,1,"86090,54","0,0008","outrun, anticipate","LSJ, Middle Liddell"
,ἀλλοίωσις,1,1,1,"86091,54","0,0006",difference,"LSJ, Middle Liddell"
,ἀνδρότης,1,1,1,"86092,54","0,001","manliness, manhood, courage",Middle Liddell
,ἀμφιπέλομαι,1,1,1,"86093,54","0,0012","hover, float around,","LSJ, Middle Liddell, Autenrieth"
4.350,νοσάζω,9,0,1,"86094,54","0,0023","to be ill,",LSJ
,ξυρέω,1,1,1,"86095,54","0,0004","shave,","LSJ, Middle Liddell"
,Ἰαστί,1,1,1,"86096,54","0,0009",in the Ionic mode,"LSJ, Middle Liddell"
,ἀνατρέχω,1,1,1,"86097,54","0,0004","run back,","LSJ, Middle Liddell, Slater, Autenrieth"
,δυσμαθία,1,1,1,"86098,54","0,001",slowness at learning,"LSJ, Middle Liddell"
,ἐγγράφω,1,1,1,"86099,54","0,0003",make incisions into,"LSJ, Middle Liddell"
,ὄις,1,1,1,"86100,54","0,0003",ram,"Middle Liddell, Autenrieth"
,κακότης,1,1,1,"86101,54","0,0005",badness,"LSJ, Middle Liddell, Autenrieth"
,περιτροπή,1,1,1,"86102,54","0,0007","a turning round, revolution, circuit",Middle Liddell
,συμποτικός,1,1,1,"86103,54","0,0007",convivial,"LSJ, Middle Liddell"
4.360,ἐκρέω,1,1,1,"86104,54","0,0005",flow out,"LSJ, Middle Liddell"
,ὀχλώδης,1,1,1,"86105,54","0,0009","turbulent, unruly","LSJ, Middle Liddell"
,ταπεινόω,1,1,1,"86106,54","0,0003",lower,"LSJ, Middle Liddell"
,κηδεμονία,1,1,1,"86107,54","0,0007","care, solicitude","LSJ, Middle Liddell"
,ἄρρητος,1,1,1,"86108,54","0,0004","unspoken,","LSJ, Middle Liddell, Autenrieth"
,ἄσθμα,4,0,1,"86109,54","0,0019","short-drawn breath, panting,",LSJ
,αὐθάδης,1,1,1,"86110,54","0,0004","self-willed, stubborn,","LSJ, Middle Liddell"
,ἐπαναφέρω,1,1,1,"86111,54","0,0005",throw back upon,"LSJ, Middle Liddell"
,τροχαῖος,1,1,1,"86112,54","0,0008","running, spinning,","LSJ, Middle Liddell"
,αὐτόφωρος,1,1,1,"86113,54","0,0005","self-detected,","LSJ, Middle Liddell"
4.370,πεπονθέω,4,0,1,"86114,54","0,0023",to be affected,LSJ
,ἐπέρχομαι,1,1,1,"86115,54","0,0001",come upon,"LSJ, Middle Liddell, Slater, Autenrieth"
,ἀχώριστος,1,1,1,"86116,54","0,0009","not parted, undivided,","LSJ, Middle Liddell"
,περιωδυνία,1,1,1,"86117,54","0,0008",excessive pain,"LSJ, Middle Liddell"
,πινάω,4,0,1,"86118,54","0,0009",to be dirty,LSJ
,βιόδωρος,1,1,1,"86119,54","0,0012",life-giving,"LSJ, Middle Liddell, Slater"
,ἐπίτριτος,1,1,1,"86120,54","0,0008",containing an integer and one-third,"LSJ, Middle Liddell"
,ἑρμηνεία,1,1,1,"86121,54","0,0006","interpretation, explanation,","LSJ, Middle Liddell"
,φθίω,1,1,1,"86122,54","0,0003","k[snull ]i-,","LSJ, Middle Liddell"
,φιλονεικέω,10,0,1,"86123,54","0,0037","to be fond of strife, engage in eager rivalry, be contentious","LSJ, Middle Liddell"
4.380,Γιγαντομαχία,1,1,1,"86124,54","0,001",battle of the gods and giants,LSJ
,φλέγμα,1,1,1,"86125,54","0,0007","flame, fire, heat,","LSJ, Middle Liddell, Autenrieth"
,μεταδιώκω,1,1,1,"86126,54","0,0006","follow closely after, pursue","LSJ, Middle Liddell"
,δακρύω,1,1,1,"86127,54","0,0001","weep, shed tears,","LSJ, Middle Liddell, Autenrieth"
,εὐτυχής,4,0,1,"86128,54","0,001","successful, fortunate","LSJ, Middle Liddell"
,ἔχθιστος,1,1,1,"86129,54","0,0004",most hateful,"LSJ, Middle Liddell, Slater, Autenrieth"
,αἰσχροκερδέω,4,0,1,"86130,54","0,0028","to be sordid, greedy of gain",LSJ
,χιλιέτης,1,1,1,"86131,54","0,0009","lasting a thousand years,","LSJ, Middle Liddell"
,προσπταίω,1,1,1,"86132,54","0,0005",hurt by striking against,"LSJ, Middle Liddell"
,ἡγητέον,1,1,1,"86133,54","0,0007",one must lead,"LSJ, Middle Liddell"
4.390,διακυβερνάω,1,1,1,"86134,54","0,0008","steer through, pilot,",LSJ
,μυθοποιός,1,1,1,"86135,54","0,001",composer of fiction,"LSJ, Middle Liddell"
,διαφαίνω,4,0,1,"86136,54","0,0014","show through, let","LSJ, Middle Liddell, Slater"
,θαρσαλέος,1,1,1,"86137,54","0,0004",daring,"LSJ, Middle Liddell, Slater, Autenrieth"
,θεολογία,1,1,1,"86138,54","0,0007",science of things divine,LSJ
,ἄμπελος,1,1,1,"86139,54","0,0003","grape-vine, Vitis vinifera","LSJ, Middle Liddell, Slater, Autenrieth"
,δήμιος,1,1,1,"86140,54","0,0005","belonging to the people, public",Middle Liddell
,θριγκός,1,1,1,"86141,54","0,0006","topmost course of stones in a wall, cornice, coping","LSJ, Middle Liddell, Autenrieth"
,ἀνάλωσις,9,0,1,"86142,54","0,0053","outlay, expenditure,","LSJ, Middle Liddell"
,δύσνους,1,1,1,"86143,54","0,0007","ill-affected, disaffected",Middle Liddell
4.400,ἀντίστασις,1,1,1,"86144,54","0,0009","counter-faction,","LSJ, Middle Liddell"
,εἰσδανείζω,1,1,1,"86145,54","0,0013","lend at interest as well,",LSJ
,ὀροφή,1,1,1,"86146,54","0,0005","roof of a house,","LSJ, Middle Liddell, Autenrieth"
,ἐκπηδάω,1,1,1,"86147,54","0,0004","leap out,","LSJ, Middle Liddell"
,συνεχής,4,0,1,"86148,54","0,0006",holding together,"LSJ, Middle Liddell, Slater, Autenrieth"
,καταλύω,1,1,1,"86149,54","0,0002","put down, destroy","LSJ, Middle Liddell, Autenrieth"
,ἀπογεύω,1,1,1,"86150,54","0,0006",give,"LSJ, Middle Liddell"
,ὄφις,1,1,1,"86151,54","0,0003",serpent,"LSJ, Middle Liddell, Slater, Autenrieth"
,σφενδονέω,9,0,1,"86152,54","0,0048",[unavailable],LSJ
,παιδαγωγία,1,1,1,"86153,54","0,0007",office of a,"LSJ, Middle Liddell"
4.410,κερματίζω,1,1,1,"86154,54","0,0008","cut into pieces, chop up","LSJ, Middle Liddell"
,ἐναλείφω,1,1,1,"86155,54","0,0009",anoint with,"LSJ, Middle Liddell"
,κιθάρα,1,1,1,"86156,54","0,0004",lyre,"LSJ, Middle Liddell"
,τευτάζω,1,1,1,"86157,54","0,001","to be employed upon, engaged in, concerned with","LSJ, Middle Liddell"
,ἄροτρον,1,1,1,"86158,54","0,0004","plough,","LSJ, Middle Liddell, Slater, Autenrieth"
,ἄσβεστος,1,1,1,"86159,54","0,0006","unquenchable, inextinguishable,","LSJ, Middle Liddell, Slater, Autenrieth"
,ἐξάρνησις,1,1,1,"86160,54","0,0012","denial,","LSJ, Middle Liddell"
,ἀστρονομικός,1,1,1,"86161,54","0,001","skilled in astronomy,","LSJ, Middle Liddell"
,ἐπακούω,1,1,1,"86162,54","0,0004","hear,","LSJ, Middle Liddell, Slater, Autenrieth"
,κύκνος,4,0,1,"86163,54","0,0016","swan, Cycnus olor","LSJ, Middle Liddell, Autenrieth"
4.420,ἐπεισαγώγιμος,1,1,1,"86164,54","0,0013",brought in,"LSJ, Middle Liddell"
,ἄφιππος,1,1,1,"86165,54","0,0008","unsuited for cavalry,","LSJ, Middle Liddell"
,ἐπιγίγνομαι,1,1,1,"86166,54","0,0003","to be born after, come","LSJ, Middle Liddell, Autenrieth"
,ἀχαριστία,1,1,1,"86167,54","0,0006","ingratitude,","LSJ, Middle Liddell"
,πιθανός,1,1,1,"86168,54","0,0002","persuasive, plausible","LSJ, Middle Liddell"
,ὑποκινέω,1,1,1,"86169,54","0,0006",move softly,"LSJ, Middle Liddell"
,πλήσιος,9,0,1,"86170,54","0,0011","near, close to,",LSJ
,ἔποψις,1,1,1,"86171,54","0,0008","view over,","LSJ, Middle Liddell"
,μάθος,9,0,1,"86172,54","0,0024",custom,"LSJ, Middle Liddell"
,βρίθω,1,1,1,"86173,54","0,0005",to be heavy,"LSJ, Middle Liddell, Slater, Autenrieth"
4.430,φηγός,1,1,1,"86174,54","0,0007","Valonia oak, Quercus Aegilops,","LSJ, Middle Liddell, Autenrieth"
,μανδραγόρας,1,1,1,"86175,54","0,0007",mandrake,"LSJ, Middle Liddell"
,φιλοχρηματέω,4,0,1,"86176,54","0,0031","love money,","LSJ, Middle Liddell"
,ἀγρυπνία,1,1,1,"86177,54","0,0005","sleeplessness, wakefulness","LSJ, Middle Liddell"
,φορέω,1,1,1,"86178,54","0,0002",repeated,"LSJ, Middle Liddell, Slater, Autenrieth"
,προβάλλω,1,1,1,"86179,54","0,0002",throw,"LSJ, Middle Liddell, Autenrieth"
,μηκύνω,1,1,1,"86180,54","0,0004","lengthen, prolong","LSJ, Middle Liddell"
,χειροτεχνικός,1,1,1,"86181,54","0,001","skilful,","LSJ, Middle Liddell"
,προσμηχανάομαι,1,1,1,"86182,54","0,0009",to be cunningly fastened to,"LSJ, Middle Liddell"
,ἠλιθιότης,1,1,1,"86183,54","0,0009","folly, silliness","LSJ, Middle Liddell"
4.440,μοχθηρία,1,1,1,"86184,54","0,0004",bad condition,"LSJ, Middle Liddell"
,διαμπερής,4,0,1,"86185,54","0,0025","piercing,",LSJ
,διάτασις,1,1,1,"86186,54","0,0008","tension, dilatation,","LSJ, Middle Liddell"
,θαμίζω,1,1,1,"86187,54","0,0007",come often,"LSJ, Middle Liddell, Autenrieth"
,διέλκω,1,1,1,"86188,54","0,0008","tear asunder, open wide,","LSJ, Middle Liddell"
,ῥόος,1,1,1,"86189,54","0,0004","stream, flow of water, current","LSJ, Middle Liddell, Slater, Autenrieth"
,ἀμηχανής,4,0,1,"86190,54","0,0019",[unavailable],LSJ
,σημάντωρ,1,1,1,"86191,54","0,0007","one who gives a signal, leader, commander","LSJ, Middle Liddell, Autenrieth"
,γνωστέος,1,1,1,"86192,54","0,001",one must know,Middle Liddell
,ἀνακύπτω,1,1,1,"86193,54","0,0005","lift up the head,","LSJ, Middle Liddell"
4.450,σκυλάκιον,1,1,1,"86194,54","0,0009",young puppy,"LSJ, Middle Liddell"
,δυσαπόδεικτος,1,1,1,"86195,54","0,0013",hard to demonstrate,"LSJ, Middle Liddell"
,ἰλαδόν,1,1,1,"86196,54","0,0009",in troops,"LSJ, Middle Liddell, Autenrieth"
,ἐγκρατέω,4,0,1,"86197,54","0,0014","to be master of, exercise control over",LSJ
,ὄνειρος,1,1,1,"86198,54","0,0003",Les graffites grecs du Memnonion d'Abydos,"LSJ, Middle Liddell, Slater, Autenrieth"
,συνεπισπάω,1,1,1,"86199,54","0,0006",draw on together,"LSJ, Middle Liddell"
,ἐκτρέφω,1,1,1,"86200,54","0,0003","bring up from childhood, rear up","LSJ, Middle Liddell"
,συνοικίζω,1,1,1,"86201,54","0,0004",make to live with,"LSJ, Middle Liddell"
,κατατίθημι,1,1,1,"86202,54","0,0002","place, put, lay down","LSJ, Middle Liddell, Slater, Autenrieth"
,σφαδᾳσμός,1,1,1,"86203,54","0,0013","spasm, convulsion",LSJ
4.460,κατορθόω,1,1,1,"86204,54","0,0002","set upright, erect","LSJ, Middle Liddell"
,παγκρατιαστής,1,1,1,"86205,54","0,0006",one who practises the,"LSJ, Middle Liddell"
,ἐμβλέπω,1,1,1,"86206,54","0,0005","look in the face, look at","LSJ, Middle Liddell"
,τέγγω,1,1,1,"86207,54","0,0005","wet, moisten","LSJ, Middle Liddell, Slater"
,πανταχόθεν,1,1,1,"86208,54","0,0002","from all quarters, from every side","LSJ, Middle Liddell"
,παράδοξος,1,1,1,"86209,54","0,0003","contrary to expectation, incredible","LSJ, Middle Liddell"
,ἐξανίστημι,1,1,1,"86210,54","0,0003","raise up,","LSJ, Middle Liddell"
,ἐπεγείρω,1,1,1,"86211,54","0,0004","awaken, rouse up,","LSJ, Middle Liddell, Autenrieth"
,κυρίσσω,1,1,1,"86212,54","0,0008",butt with the horns,"LSJ, Middle Liddell"
,ὑγραίνω,1,1,1,"86213,54","0,0005","wet, mositen,","LSJ, Middle Liddell"
4.470,λακέρυζα,1,1,1,"86214,54","0,0009",one that screams,"LSJ, Middle Liddell"
,ἐπικουρικός,1,1,1,"86215,54","0,0009",serving as,"LSJ, Middle Liddell"
,ὑπερβολή,1,1,1,"86216,54","0,0002",a throwing beyond,"LSJ, Middle Liddell"
,λέκτης,4,0,1,"86217,54","0,003","speaker,",LSJ
,ὑπόδεσις,1,1,1,"86218,54","0,0007","under-bandaging,","LSJ, Middle Liddell"
,ὑποτρέμω,1,1,1,"86219,54","0,0009","tremble a little,","LSJ, Middle Liddell"
,λούω,1,1,1,"86220,54","0,0002",l[acaron]vo,"LSJ, Middle Liddell, Autenrieth"
,πλημμελής,1,1,1,"86221,54","0,0006","out of tune,","LSJ, Middle Liddell"
,ὑψίων,1,1,1,"86222,54","0,0013","loftier,","LSJ, Slater"
,μαγειρικός,1,1,1,"86223,54","0,0007",fit for a cook,"LSJ, Middle Liddell"
4.480,μαλάσσω,1,1,1,"86224,54","0,0004",make soft,"LSJ, Middle Liddell, Slater"
,μάχαιρα,1,1,1,"86225,54","0,0003",large knife,"LSJ, Middle Liddell, Slater, Autenrieth"
,πολύστροφος,1,1,1,"86226,54","0,0012","much-twisted,","LSJ, Middle Liddell, Slater"
,εὐαίσθητος,1,1,1,"86227,54","0,0008",with quick senses,LSJ
,εὐθυωρία,1,1,1,"86228,54","0,0008",straight course,LSJ
,ἀγριάς,16,0,1,"86229,54","0,0067",wild,"LSJ, Middle Liddell"
,μέροψ,1,1,1,"86230,54","0,0006",dividing the voice,"LSJ, Middle Liddell, Autenrieth"
,μεταπέμπω,1,1,1,"86231,54","0,0003",send after,"LSJ, Middle Liddell"
,ἀετός,1,1,1,"86232,54","0,0003",eagle,"LSJ, Middle Liddell"
,φώρ,1,1,1,"86233,54","0,0006","thief,","LSJ, Middle Liddell"
4.490,προσαναγκαστέον,1,1,1,"86234,54","0,0012",one must prove,LSJ
,αἰώνιος,1,1,1,"86235,54","0,0005",lasting for an age,"LSJ, Middle Liddell"
,διαίρεσις,1,1,1,"86236,54","0,0004","divisibility,","LSJ, Middle Liddell"
,πτερόω,1,1,1,"86237,54","0,0004",furnish with feathers,"LSJ, Middle Liddell"
,ἄλγος,4,0,1,"86238,54","0,0013",pain,"LSJ, Middle Liddell, Slater, Autenrieth"
,ψοφέω,1,1,1,"86239,54","0,0004","sound, make a noise","LSJ, Middle Liddell"
,διασκοπέω,1,1,1,"86240,54","0,0006","look at in different ways, examine","LSJ, Middle Liddell"
,θᾶκος,1,1,1,"86241,54","0,0005","seat, chair","LSJ, Middle Liddell"
,ἀλλοτριοπραγμοσύνη,1,1,1,"86242,54","0,0013",meddlesomeness,"LSJ, Middle Liddell"
,ῥητορικός,1,1,1,"86243,54","0,0004",oratorical,"LSJ, Middle Liddell"
4.500,ἀμέλει,16,0,1,"86244,54","0,0048","never mind, do not trouble yourself,","LSJ, Middle Liddell"
,σκέλος,1,1,1,"86245,54","0,0003",leg,"LSJ, Middle Liddell, Slater, Autenrieth"
,ἰάτρευσις,1,1,1,"86246,54","0,0011",[unavailable],"LSJ, Middle Liddell"
,ἰσονομικός,1,1,1,"86247,54","0,0013",devoted to equality,LSJ
,σύγκειμαι,1,1,1,"86248,54","0,0003",lie together,"LSJ, Middle Liddell"
,καθίζω,1,1,1,"86249,54","0,0002",aB*,"LSJ, Middle Liddell, Slater, Autenrieth"
,ἀντεραστής,1,1,1,"86250,54","0,0007","rival in love,","LSJ, Middle Liddell"
,ὁπλίτης,1,1,1,"86251,54","0,0003","heavy-armed, armed,","LSJ, Middle Liddell"
,κακουχία,1,1,1,"86252,54","0,0009",maltreatment,"LSJ, Middle Liddell"
,πλησίος,9,0,1,"86253,54","0,0011","near, close to","Middle Liddell, Autenrieth"
4.510,εἰωθάς,4,0,1,"86254,54","0,0014",[unavailable],LSJ
,ἅπαξ,1,1,1,"86255,54","0,0002","once, once only, once for all,","LSJ, Middle Liddell, Autenrieth"
,ἐκκλέπτω,1,1,1,"86256,54","0,0005","steal and carry off,","LSJ, Middle Liddell, Autenrieth"
,ἐκτέμνω,1,1,1,"86257,54","0,0004","cut out,","LSJ, Middle Liddell"
,συνναύτης,1,1,1,"86258,54","0,0009",shipmate,"LSJ, Middle Liddell"
,κατασβέννυμι,1,1,1,"86259,54","0,0004","put out, quench","LSJ, Middle Liddell, Autenrieth"
,ἀπόδοσις,1,1,1,"86260,54","0,0006","giving back, restitution, return,","LSJ, Middle Liddell"
,κατήκοος,4,0,1,"86261,54","0,0023",hearing,LSJ
,ἀπόστασις,9,0,1,"86262,54","0,003","causing to revolt,","LSJ, Middle Liddell"
,παιδοποιέω,1,1,1,"86263,54","0,0005",beget children,"LSJ, Middle Liddell"
4.520,ἔνδειξις,4,0,1,"86264,54","0,0023",indication,"LSJ, Middle Liddell"
,κοινωνητέον,4,0,1,"86265,54","0,0036",one must share in,LSJ
,παραμίγνυμι,1,1,1,"86266,54","0,0006",to intermix with,"LSJ, Middle Liddell"
,ἀσκητός,9,0,1,"86267,54","0,0053","curiously wrought,","LSJ, Middle Liddell, Autenrieth"
,ἐξευρετέος,1,1,1,"86268,54","0,0012","to be discovered,","LSJ, Middle Liddell"
,αὐχμηρός,1,1,1,"86269,54","0,0004","dry, without rain,","LSJ, Middle Liddell"
,ἐπηχέω,1,1,1,"86270,54","0,0007","resound, re-echo,","LSJ, Middle Liddell"
,ἀφομοίωμα,1,1,1,"86271,54","0,0012","resemblance, copy,","LSJ, Middle Liddell"
,περικόπτω,1,1,1,"86272,54","0,0004","cut all round, mutilate","LSJ, Middle Liddell"
,λεία,9,0,1,"86273,54","0,0023",tool for smoothing stone,LSJ
4.530,βαβάζω,4,0,1,"86274,54","0,0026","speak inarticulately,",LSJ
,ὑποπίνω,1,1,1,"86275,54","0,0007","drink a little, drink moderately,","LSJ, Middle Liddell"
,πλευρά,1,1,1,"86276,54","0,0003","rib,","LSJ, Middle Liddell"
,ἐπίφθονος,1,1,1,"86277,54","0,0004",liable to envy,"LSJ, Middle Liddell"
,ποίμνη,1,1,1,"86278,54","0,0005","flock,","LSJ, Middle Liddell, Autenrieth"
,γέννημα,1,1,1,"86279,54","0,0007",that which is produced,"LSJ, Middle Liddell"
,ἀγαπητέος,1,1,1,"86280,54","0,0011","to be loved, desired,","LSJ, Middle Liddell"
,φιλόπαις,1,1,1,"86281,54","0,0007","loving boys,","LSJ, Middle Liddell"
,εὐνοῦχος,1,1,1,"86282,54","0,0004","castrated person, eunuch","LSJ, Middle Liddell"
,δεκάκις,1,1,1,"86283,54","0,0007","ten-times,","LSJ, Middle Liddell, Autenrieth"
4.540,προπάσχω,1,1,1,"86284,54","0,0007",suffer first,"LSJ, Middle Liddell"
,ἀθυμέω,1,1,1,"86285,54","0,0003","to be disheartened, despond","LSJ, Middle Liddell"
,χαριεντισμός,1,1,1,"86286,54","0,0009","wit,","LSJ, Middle Liddell"
,διαδίδωμι,1,1,1,"86287,54","0,0003","pass on, hand over,","LSJ, Middle Liddell, Slater"
,πρόσταγμα,1,1,1,"86288,54","0,0004","ordinance, command","LSJ, Middle Liddell"
,ἀκόλουθος,1,1,1,"86289,54","0,0003","following, attending on","LSJ, Middle Liddell"
,χρησμῳδέω,1,1,1,"86290,54","0,0006","deliver oracles, prophesy,","LSJ, Middle Liddell"
,μοναρχέω,1,1,1,"86291,54","0,0005",to be sovereign,"LSJ, Middle Liddell, Slater"
,ἡμερήσιος,1,1,1,"86292,54","0,0007",of the day,"LSJ, Middle Liddell"
,μυριάς,4,0,1,"86293,54","0,0006",number of,"LSJ, Middle Liddell"
4.550,διαπορεύω,1,1,1,"86294,54","0,0005","carry over, conduct through,","LSJ, Middle Liddell"
,ῥαψῳδός,4,0,1,"86295,54","0,0026",reciter of Epic poems,"LSJ, Middle Liddell"
,ἀμεταστρεπτί,1,1,1,"86296,54","0,0008","without turning, straight forward",Middle Liddell
,ἀναδέω,1,1,1,"86297,54","0,0004","bind, iie up, wreath,","LSJ, Middle Liddell, Slater"
,ξηρότης,1,1,1,"86298,54","0,0006","dryness,","LSJ, Middle Liddell"
,ἀνασχινδυλεύω,1,1,1,"86299,54","0,0013",[unavailable],LSJ
,οἰνοβαρής,1,1,1,"86300,54","0,0008","heavy with wine,","LSJ, Middle Liddell, Autenrieth"
,δύσκολος,1,1,1,"86301,54","0,0003",hard to satisfy with food,"LSJ, Middle Liddell"
,ἀνέλεγκτος,1,1,1,"86302,54","0,0008","not cross-questioned, safe from being questioned,","LSJ, Middle Liddell"
,μεθεκτέος,1,1,1,"86303,54","0,001",one must have a share of,Middle Liddell
4.560,ἀνορθόω,1,1,1,"86304,54","0,0006","set up again, restore, rebuild,","LSJ, Middle Liddell"
,ὀξύτης,1,1,1,"86305,54","0,0004","sharpness, pointedness,","LSJ, Middle Liddell"
,εἱλέω,4,0,1,"86306,54","0,002",sun,LSJ
,κακοήθης,1,1,1,"86307,54","0,0004","ill-disposed, malicious","LSJ, Middle Liddell"
,συμπονέω,1,1,1,"86308,54","0,0005",toil,"LSJ, Middle Liddell"
,προσακτέος,1,1,1,"86309,54","0,001",one must bring to,Middle Liddell
,ἐκδειματόω,1,1,1,"86310,54","0,0011",[unavailable],"LSJ, Middle Liddell"
,οὖδας,1,1,1,"86311,54","0,0005","surface of the earth, ground","LSJ, Middle Liddell, Autenrieth"
,ἐκπλύνω,1,1,1,"86312,54","0,0008","wash out,","LSJ, Middle Liddell"
,συνθεατής,1,1,1,"86313,54","0,0012",fellow-spectator,"LSJ, Middle Liddell"
4.570,Φρυγιστί,1,1,1,"86314,54","0,001",in the Phrygian mode,Middle Liddell
,συντονόω,4,0,1,"86315,54","0,002",pronounce with the same accent,LSJ
,σφοδρότης,1,1,1,"86316,54","0,0005","vehemence, violence","LSJ, Middle Liddell"
,κενεαγορία,1,1,1,"86317,54","0,0013","empty talk,",LSJ
,ἀποχωρέω,1,1,1,"86318,54","0,0003",go from,"LSJ, Middle Liddell"
,παράφραγμα,1,1,1,"86319,54","0,001",breastwork on the top of a wall,"LSJ, Middle Liddell"
,ἐξέλκω,1,1,1,"86320,54","0,0005","draw, drag out,","LSJ, Middle Liddell, Slater, Autenrieth"
,ἀσύμφωνος,1,1,1,"86321,54","0,0006","not harmonious,","LSJ, Middle Liddell"
,ἐπαναγωγή,1,1,1,"86322,54","0,001","sailing against, naual attack,",LSJ
,περίβολος,1,1,1,"86323,54","0,0005","compassing, encircling","LSJ, Middle Liddell"
4.580,λάχανον,1,1,1,"86324,54","0,0005",garden-herbs,"LSJ, Middle Liddell"
,πιλίδιον,1,1,1,"86325,54","0,0009",pileolus,"LSJ, Middle Liddell"
,λιχνεία,1,1,1,"86326,54","0,0007","gluttony, luxuriousness in eating","LSJ, Middle Liddell"
,γενεαλογέω,1,1,1,"86327,54","0,0006",trace a pedigree,"LSJ, Middle Liddell"
,ἄγανα,4,0,1,"86328,54","0,0035",[unavailable],LSJ
,φιλόλογος,1,1,1,"86329,54","0,0005","fond of words, talkative,","LSJ, Middle Liddell"
,ἀγνωσία,1,1,1,"86330,54","0,0006",ignorance,"LSJ, Middle Liddell"
,γραμματικός,1,1,1,"86331,54","0,0004","knowing one's letters, a good scholar","LSJ, Middle Liddell"
,εὐμήχανος,1,1,1,"86332,54","0,0006","skilful in contriving, inventive","LSJ, Middle Liddell"
,προγόνη,4,0,1,"86333,54","0,0013","abavia, privigna, Gloss.,",LSJ
4.590,ἐφίπταμαι,1,1,1,"86334,54","0,0006",[unavailable],LSJ
,χαλκεύω,1,1,1,"86335,54","0,0005",make of copper,"LSJ, Middle Liddell, Slater, Autenrieth"
,χθές,1,1,1,"86336,54","0,0004","NT,","LSJ, Middle Liddell"
,προσπαρέχω,1,1,1,"86337,54","0,0009","furnish, supply besides","LSJ, Middle Liddell"
,πρόσωπον,1,1,1,"86338,54","0,0001","face, countenance","LSJ, Middle Liddell, Slater, Autenrieth"
,πυκτή,4,0,1,"86339,54","0,0022","tablets, diptych,",LSJ
,διερευνάω,1,1,1,"86340,54","0,0005","track down,","LSJ, Middle Liddell"
,ἀμοιβαῖος,1,1,1,"86341,54","0,0007","giving like for like, retributive,","LSJ, Middle Liddell, Slater"
,νυστάζω,1,1,1,"86342,54","0,0006","to be half asleep, doze,","LSJ, Middle Liddell"
,διιτέος,1,1,1,"86343,54","0,0013",one must go through,Middle Liddell
4.600,θώπευμα,1,1,1,"86344,54","0,001",piece of flattery,"LSJ, Middle Liddell"
,δυσδιερεύνητος,1,1,1,"86345,54","0,0012",hard to search thoroughly,"LSJ, Middle Liddell"
,ἰδιωτεύω,1,1,1,"86346,54","0,0006",occupy a private station,"LSJ, Middle Liddell"
,ἀνδριαντοποιός,1,1,1,"86347,54","0,0006","sculptor,","LSJ, Middle Liddell, Slater"
,δωροδόκος,1,1,1,"86348,54","0,0008",taking presents,"LSJ, Middle Liddell"
,ἰνδάλλομαι,1,1,1,"86349,54","0,0008","appear, seem","LSJ, Middle Liddell, Autenrieth"
,ἀνθέλκω,1,1,1,"86350,54","0,0006",draw,"LSJ, Middle Liddell"
,εἰσαγγελία,1,1,1,"86351,54","0,0007","information, news,","LSJ, Middle Liddell"
,συμπάσχω,1,1,1,"86352,54","0,0006",have the same thing happen to one,"LSJ, Middle Liddell"
,καλλωπισμός,1,1,1,"86353,54","0,0006","adorning oneself, making a display","LSJ, Middle Liddell"
4.610,ὄρνεον,1,1,1,"86354,54","0,0004","bird,","LSJ, Middle Liddell, Autenrieth"
,ἐκβακχεύω,1,1,1,"86355,54","0,0008","excite to Bacchic frenzy,","LSJ, Middle Liddell"
,ἀπείρητος,1,1,1,"86356,54","0,0005","without trial,","LSJ, Middle Liddell"
,ἐκμυζάω,1,1,1,"86357,54","0,0009","suck out,","LSJ, Middle Liddell, Autenrieth"
,συνέριθος,1,1,1,"86358,54","0,0009","fellow-worker, helpmate","LSJ, Middle Liddell, Autenrieth"
,κατάληψις,1,1,1,"86359,54","0,0004",seizing,"LSJ, Middle Liddell"
,καταφθίνω,1,1,1,"86360,54","0,0006","waste away, decay","LSJ, Middle Liddell, Slater"
,καῦσις,4,0,1,"86361,54","0,0025",burning,"LSJ, Middle Liddell"
,ἀποτρέχω,1,1,1,"86362,54","0,0006",run off,"LSJ, Middle Liddell"
,ἐμφύλιος,1,1,1,"86363,54","0,0004",kinsfolk,"LSJ, Middle Liddell, Slater"
4.620,ἔνεροι,1,1,1,"86364,54","0,0007","those below, those beneath the earth,","LSJ, Middle Liddell, Autenrieth"
,τετράπηχυς,1,1,1,"86365,54","0,0007",four cubits,"LSJ, Middle Liddell"
,παραίρεσις,1,1,1,"86366,54","0,001","taking away from, stripping one of","LSJ, Middle Liddell"
,ἐντέλλω,1,1,1,"86367,54","0,0004","enjoin, command,","LSJ, Middle Liddell, Slater"
,ἐξαριθμέω,1,1,1,"86368,54","0,0005","enumerate, count,","LSJ, Middle Liddell"
,κορυζάω,1,1,1,"86369,54","0,0008","have a catarrh, run at the nose","LSJ, Middle Liddell"
,ἐπαισχύνομαι,1,1,1,"86370,54","0,0007",to be ashamed at,"LSJ, Middle Liddell"
,αὐτάρκης,4,0,1,"86371,54","0,0015","sufficient in oneself, self-supporting, independent","LSJ, Middle Liddell"
,πενθέω,4,0,1,"86372,54","0,001","bewail, lament","LSJ, Middle Liddell, Autenrieth"
,ἐπίκτητος,1,1,1,"86373,54","0,0006",gained besides,"LSJ, Middle Liddell"
4.630,ὑπερορίζω,1,1,1,"86374,54","0,0007","drive beyond the frontier, banish,","LSJ, Middle Liddell"
,λεπτότης,1,1,1,"86375,54","0,0005",thinness,"LSJ, Middle Liddell"
,ἐπίσκιος,1,1,1,"86376,54","0,0008","shaded, dark","LSJ, Middle Liddell"
,ὑπόζωμα,1,1,1,"86377,54","0,001","diaphragm, midriff,","LSJ, Middle Liddell"
,βεβαιότης,1,1,1,"86378,54","0,0006","steadfastness, stability","LSJ, Middle Liddell"
,ὑπόχαλκος,1,1,1,"86379,54","0,001","containing a mixture of copper,","LSJ, Middle Liddell"
,Λυδιστί,1,1,1,"86380,54","0,001",after the Lydian fashion,"LSJ, Middle Liddell"
,πλήρωμα,1,1,1,"86381,54","0,0005","that which fills, complement,","LSJ, Middle Liddell"
,βραχύβιος,1,1,1,"86382,54","0,0009",short-lived,"LSJ, Middle Liddell"
,ἀβουλέω,1,1,1,"86383,54","0,0005","to be unwilling,","LSJ, Middle Liddell"
4.640,εὐγένεια,1,1,1,"86384,54","0,0003",nobility of birth,"LSJ, Middle Liddell"
,φιλότεχνος,1,1,1,"86385,54","0,0007",fond of,"LSJ, Middle Liddell"
,γοητής,4,0,1,"86386,54","0,0022",wailer,"LSJ, Middle Liddell"
,εὐλαβητέον,4,0,1,"86387,54","0,0032",one must beware of,LSJ
,φονόω,16,0,1,"86388,54","0,0035","stain with blood,",LSJ
,εὕρεσις,1,1,1,"86389,54","0,0005","a finding, discovery","LSJ, Middle Liddell"
,προκαταλαμβάνω,1,1,1,"86390,54","0,0004","seize beforehand, occupy in advance,","LSJ, Middle Liddell"
,χαλαρός,1,1,1,"86391,54","0,0007","slack, loose,","LSJ, Middle Liddell"
,προσβάλλω,1,1,1,"86392,54","0,0002","strike, dash against","LSJ, Middle Liddell, Slater, Autenrieth"
,μισόσοφος,1,1,1,"86393,54","0,0013",hating wisdom,"LSJ, Middle Liddell"
4.650,πτωχεία,1,1,1,"86394,54","0,0008","beggary, mendicity","LSJ, Middle Liddell"
,διάστασις,1,1,1,"86395,54","0,0005","parting, separation","LSJ, Middle Liddell"
,νεοσσεύω,1,1,1,"86396,54","0,0007","hatch,","LSJ, Middle Liddell"
,δίδημι,4,0,1,"86397,54","0,0005","bind, fetter,","LSJ, Middle Liddell, Autenrieth"
,ἀμετάστροφος,1,1,1,"86398,54","0,001","not to be turned round, unalterable,","LSJ, Middle Liddell"
,θίς,1,1,1,"86399,54","0,0005",heap,"LSJ, Middle Liddell, Autenrieth"
,δόρυ,1,1,1,"86400,54","0,0002","stem, tree,","LSJ, Middle Liddell, Slater, Autenrieth"
,ἀνάπαυλα,1,1,1,"86401,54","0,0006","repose, rest,","LSJ, Middle Liddell"
,ἀνδραποδώδης,1,1,1,"86402,54","0,0006","slavish, servile, abject,","LSJ, Middle Liddell"
,δωδεκάς,4,0,1,"86403,54","0,0011",group of twelve,"LSJ, Middle Liddell"
4.660,εἰρηνικός,1,1,1,"86404,54","0,0005",of,"LSJ, Middle Liddell"
,καρτερούντως,1,1,1,"86405,54","0,0013","strongly, stoutly","LSJ, Middle Liddell"
,ἐκκομίζω,1,1,1,"86406,54","0,0004",carry,"LSJ, Middle Liddell"
,ἀποθρύπτω,1,1,1,"86407,54","0,0012","crush, crumble to pieces,","LSJ, Middle Liddell"
,ἀπονέμω,1,1,1,"86408,54","0,0004","portion out, impart, assign,","LSJ, Middle Liddell, Slater"
,πάνσμικρος,1,1,1,"86409,54","0,0011",very small,LSJ
,ἔνδηλος,1,1,1,"86410,54","0,0006","visible, manifest, clear","LSJ, Middle Liddell"
,τεσσαρακονταετής,1,1,1,"86411,54","0,001",forty years old,"LSJ, Middle Liddell"
,κλῆμα,1,1,1,"86412,54","0,0005",twig,"LSJ, Middle Liddell"
,ἐνοικέω,1,1,1,"86413,54","0,0004","dwell in,","LSJ, Middle Liddell"
4.670,ἄρτος,1,1,1,"86414,54","0,0003",cake,"LSJ, Middle Liddell, Autenrieth"
,ἑξάκις,1,1,1,"86415,54","0,0007","six times,","LSJ, Middle Liddell, Slater"
,ἐξήκω,1,1,1,"86416,54","0,0006",to have reached,"LSJ, Middle Liddell"
,κραυγάζω,1,1,1,"86417,54","0,0004","bay,","LSJ, Middle Liddell"
,πεκτέω,4,0,1,"86418,54","0,0035","shear, clip","LSJ, Middle Liddell"
,περινοστέω,1,1,1,"86419,54","0,0006","go round, visit, inspect","LSJ, Middle Liddell"
,ἐπικλώθω,1,1,1,"86420,54","0,0006",spin upon,"LSJ, Middle Liddell, Autenrieth"
,ὑπεραγανακτέω,1,1,1,"86421,54","0,0009",to be exceedingly angry,"LSJ, Middle Liddell"
,λεῖος,9,0,1,"86422,54","0,0021",smooth,"LSJ, Middle Liddell, Autenrieth"
,ἐπίπνοια,1,1,1,"86423,54","0,0006","breathing upon, inspiration","LSJ, Middle Liddell"
4.680,ὑποβολιμαῖος,1,1,1,"86424,54","0,0008","brought in by stealth, supposititious,","LSJ, Middle Liddell"
,ἐπίταγμα,1,1,1,"86425,54","0,0005","injunction, command","LSJ, Middle Liddell"
,ὑπορρέω,1,1,1,"86426,54","0,0005",flow under,"LSJ, Middle Liddell"
,βλακικός,1,1,1,"86427,54","0,0009",stupid,"LSJ, Middle Liddell"
,πληθύω,1,1,1,"86428,54","0,0006",to be,"LSJ, Middle Liddell"
,ὑφίημι,4,0,1,"86429,54","0,001","let down, lower,","LSJ, Middle Liddell, Autenrieth"
,βούλησις,1,1,1,"86430,54","0,0004",willing,"LSJ, Middle Liddell"
,γανόω,1,1,1,"86431,54","0,0007","make bright, polish","LSJ, Middle Liddell"
,φίλαρχος,1,1,1,"86432,54","0,0008",fond of rule,"LSJ, Middle Liddell"
,μάσσω,1,1,1,"86433,54","0,0005","knead, press into a mould","LSJ, Middle Liddell"
4.690,γεραίρω,1,1,1,"86434,54","0,0005","honour, reward","LSJ, Middle Liddell, Slater, Autenrieth"
,ἐτός,9,0,1,"86435,54","0,0024","without reason, in vain","LSJ, Middle Liddell"
,φιλοπονέω,1,1,1,"86436,54","0,0006","love labour, be laborious","LSJ, Middle Liddell"
,μειρακίσκος,1,1,1,"86437,54","0,0007","lad, stripling","LSJ, Middle Liddell"
,γνωμονικός,1,1,1,"86438,54","0,001",judging by rule,"LSJ, Middle Liddell"
,εὐπαθέω,1,1,1,"86439,54","0,0007","enjoy oneself, make merry","LSJ, Middle Liddell"
,μεταμανθάνω,1,1,1,"86440,54","0,0007",learn differently,"LSJ, Middle Liddell"
,μηδαμόσε,1,1,1,"86441,54","0,001",nowhither,"LSJ, Middle Liddell"
,δέκατος,1,1,1,"86442,54","0,0003","tenth,","LSJ, Middle Liddell, Slater, Autenrieth"
,προσήγορος,1,1,1,"86443,54","0,0008","addressing, accosting","LSJ, Middle Liddell"
4.700,αἰτιατέον,1,1,1,"86444,54","0,0008","one must accuse, blame","LSJ, Middle Liddell"
,χορευτής,1,1,1,"86445,54","0,0005","choral dancer,","LSJ, Middle Liddell"
,μισθοδότης,1,1,1,"86446,54","0,0008",paymaster,"LSJ, Middle Liddell"
,μονοειδής,1,1,1,"86447,54","0,0007","one in kind, simple","LSJ, Middle Liddell"
,διάλογος,1,1,1,"86448,54","0,0005","conversation, dialogue,","LSJ, Middle Liddell"
,ψῆφος,4,0,1,"86449,54","0,0009","a small round worn stone, pebble,","LSJ, Middle Liddell"
,ἀλλόκοτος,1,1,1,"86450,54","0,0004",of unusual nature,"LSJ, Middle Liddell"
,νειός,36,0,1,"86451,54","0,0079","fallow-land,","LSJ, Middle Liddell, Autenrieth"
,διαφορότης,1,1,1,"86452,54","0,0009","difference,","LSJ, Middle Liddell"
,ἀμβλύνω,1,1,1,"86453,54","0,0005","blunt, dull, take the edge off,","LSJ, Middle Liddell, Slater"
4.710,ἀνειπεῖν,1,1,1,"86454,54","0,0005","to say aloud, announce, proclaim",Middle Liddell
,θηρευτικός,1,1,1,"86455,54","0,0007",of,"LSJ, Middle Liddell"
,ξυστίς,1,1,1,"86456,54","0,0008","robe of rich and soft material reaching to the feet,","LSJ, Middle Liddell"
,σμινύη,1,1,1,"86457,54","0,0008",two-pronged hoe,"LSJ, Middle Liddell"
,ἰατήρ,1,1,1,"86458,54","0,0007",j,"LSJ, Middle Liddell, Slater"
,ἀνάτρεψις,4,0,1,"86459,54","0,0032","turning upside down,",LSJ
,δυσμένεια,1,1,1,"86460,54","0,0004","ill-will, enmity","LSJ, Middle Liddell"
,ἰσάκις,1,1,1,"86461,54","0,0009","the same number of times, as many times",LSJ
,συγκαθέζομαι,1,1,1,"86462,54","0,0007",sit down together,"LSJ, Middle Liddell"
,ἀνύσιμος,1,1,1,"86463,54","0,0007","efficacious, effectual,","LSJ, Middle Liddell"
4.720,περιφύομαι,1,1,1,"86464,54","0,0006",to grow round about,Middle Liddell
,εἴσω,9,0,1,"86465,54","0,0022","to within, into :","LSJ, Middle Liddell, Slater, Autenrieth"
,ἀπαμβλύνω,1,1,1,"86466,54","0,0007",blunt,"LSJ, Middle Liddell, Slater"
,ἀπεργαστικός,1,1,1,"86467,54","0,0009","fit for finishing, effecting, causing,","LSJ, Middle Liddell"
,ἔκτασις,1,1,1,"86468,54","0,0008","stretching out, extension,","LSJ, Middle Liddell"
,καταπατέω,1,1,1,"86469,54","0,0005",trample under foot,"LSJ, Middle Liddell"
,ἐλλιμενικός,1,1,1,"86470,54","0,0013",harbour-dues,LSJ
,σχέσις,1,1,1,"86471,54","0,0006","state, condition","LSJ, Middle Liddell"
,ἁπτός,1,1,1,"86472,54","0,0006","tangible,","LSJ, Middle Liddell"
,παναληθής,1,1,1,"86473,54","0,0009",all true,"LSJ, Middle Liddell"
4.730,ἐνδατέομαι,1,1,1,"86474,54","0,001",divide,"LSJ, Middle Liddell"
,ἄσκεπτος,1,1,1,"86475,54","0,0007","inconsiderate, unreflecting,","LSJ, Middle Liddell"
,κτητέος,1,1,1,"86476,54","0,001",to be possessed,"LSJ, Middle Liddell"
,αὐθήμερος,1,1,1,"86477,54","0,0005",made,"LSJ, Middle Liddell"
,ὑπάργυρος,1,1,1,"86478,54","0,001",having silver underneath,"LSJ, Middle Liddell, Slater"
,ἀψεύδεια,1,1,1,"86479,54","0,0012","truthfulness,","LSJ, Middle Liddell"
,πεσσεία,1,1,1,"86480,54","0,0009",game resembling draughts,"LSJ, Middle Liddell"
,ἐπίνοια,1,1,1,"86481,54","0,0004",thinking on,"LSJ, Middle Liddell"
,λογιστής,1,1,1,"86482,54","0,0007","calculator, teacher of arithmetic","LSJ, Middle Liddell"
,λύτρον,1,1,1,"86483,54","0,0004",price of release,"LSJ, Middle Liddell, Slater"
4.740,βόσκω,1,1,1,"86484,54","0,0004","feed, tend","LSJ, Middle Liddell, Autenrieth"
,ποικιλόω,4,0,1,"86485,54","0,0013","embroider,",LSJ
,ἑρμηνεύω,1,1,1,"86486,54","0,0004",interpret,"LSJ, Middle Liddell"
,φιλονικέω,10,0,1,"86487,54","0,0061","to be fond of victory, engage in rivalry, be contentious,",LSJ
,πορευτέος,1,1,1,"86488,54","0,0008","to be traversed,","LSJ, Middle Liddell"
,εὐεξαπάτητος,1,1,1,"86489,54","0,0009",easily deceived,"LSJ, Middle Liddell"
,ἀγοραῖος,1,1,1,"86490,54","0,0004","in, of","LSJ, Middle Liddell"
,φλεγμαίνω,1,1,1,"86491,54","0,0005",causeto swell up,"LSJ, Middle Liddell"
,πρεπόντως,1,1,1,"86492,54","0,0005","fitly, meetly,","LSJ, Middle Liddell, Slater"
,δειπνέω,1,1,1,"86493,54","0,0002","make a meal,","LSJ, Middle Liddell, Autenrieth"
4.750,προπαιδεία,1,1,1,"86494,54","0,001","preparatory teaching,","LSJ, Middle Liddell"
,μήνη,10,0,1,"86495,54","0,0024",moon,"LSJ, Middle Liddell, Autenrieth"
,προσέλκω,1,1,1,"86496,54","0,0008","draw towards, draw on","LSJ, Middle Liddell, Slater"
,αἰσχροκερδής,4,0,1,"86497,54","0,0027",sordidly greedy of gain,"LSJ, Middle Liddell"
,μοιχεύω,1,1,1,"86498,54","0,0004",commit adultery with,"LSJ, Middle Liddell"
,διακώλυσις,4,0,1,"86499,54","0,0038","hindering, preventing,","LSJ, Middle Liddell"
,ἀκροσφαλής,1,1,1,"86500,54","0,0009","apt to trip, unsteady","LSJ, Middle Liddell"
,διαπαύω,1,1,1,"86501,54","0,001","bring to an end, conclude,","LSJ, Middle Liddell"
,νεωκορέω,1,1,1,"86502,54","0,0009",to be a,"LSJ, Middle Liddell"
,θεομαχία,1,1,1,"86503,54","0,001",battle of the gods,"LSJ, Middle Liddell"
4.760,ἀμπελουργικός,1,1,1,"86504,54","0,0013",of,LSJ
,νομοθέτημα,1,1,1,"86505,54","0,0008","law, ordinance,","LSJ, Middle Liddell"
,ξενοδοκέω,1,1,1,"86506,54","0,0008",entertain guests,"LSJ, Middle Liddell, Slater"
,σκιατροφέω,1,1,1,"86507,54","0,0009",rear in the shade,"LSJ, Middle Liddell"
,ἔγγαιος,4,0,1,"86508,54","0,0026",in,Middle Liddell
,σπηλαιώδης,1,1,1,"86509,54","0,0013",cavern-like,"LSJ, Middle Liddell"
,ἰχνεύω,1,1,1,"86510,54","0,0007","to track out, hunt after, seek out","Middle Liddell, Slater"
,συμπλέκω,1,1,1,"86511,54","0,0003",twine,"LSJ, Middle Liddell"
,κάμπτω,1,1,1,"86512,54","0,0003",ka[mtilde]p-as,"LSJ, Middle Liddell, Slater, Autenrieth"
,ὄροφος,1,1,1,"86513,54","0,0006","reed used for thatching houses,","LSJ, Middle Liddell, Autenrieth"
4.770,ἐκβολή,1,1,1,"86514,54","0,0004","throwing out,","LSJ, Middle Liddell"
,συναινέω,1,1,1,"86515,54","0,0006",consent,"LSJ, Middle Liddell"
,συνήδομαι,1,1,1,"86516,54","0,0005",rejoice together,"LSJ, Middle Liddell"
,καταχράομαι,4,0,1,"86517,54","0,0021","to make full use of, apply","LSJ, Middle Liddell"
,ἐλέφας,1,1,1,"86518,54","0,0003",elephant,"LSJ, Middle Liddell, Autenrieth"
,σφενδόνη,9,0,1,"86519,54","0,0045",sling,"LSJ, Middle Liddell, Autenrieth"
,παιδαγωγικός,1,1,1,"86520,54","0,0011",suitable to a teacher,"LSJ, Middle Liddell"
,ἀρεσκόντως,1,1,1,"86521,54","0,0011","agreeably,","LSJ, Middle Liddell"
,παρακαταθήκη,1,1,1,"86522,54","0,0005",deposit,"LSJ, Middle Liddell"
,τιμώρημα,1,1,1,"86523,54","0,0009",act of vengeance,"LSJ, Middle Liddell"
4.780,ἀσέβεια,1,1,1,"86524,54","0,0004","ungodliness, impiety,","LSJ, Middle Liddell"
,παρατρωπάω,1,1,1,"86525,54","0,0012",turn away,"LSJ, Middle Liddell, Autenrieth"
,ἐξεγείρω,1,1,1,"86526,54","0,0005","awaken,","LSJ, Middle Liddell"
,τόνος,1,1,1,"86527,54","0,0003","that by which a thing is stretched,","LSJ, Middle Liddell, Slater"
,ἐξοπλίζω,1,1,1,"86528,54","0,0006","arm completely,","LSJ, Middle Liddell"
,κροτέω,1,1,1,"86529,54","0,0003",make to rattle,"LSJ, Middle Liddell, Slater, Autenrieth"
,πειθαρχία,1,1,1,"86530,54","0,0007",obedience to command,"LSJ, Middle Liddell"
,ἄφοβος,1,1,1,"86531,54","0,0005","without fear,","LSJ, Middle Liddell, Slater"
,ἐπιδεής,1,1,1,"86532,54","0,0007",in need of,"LSJ, Middle Liddell"
,περιτυγχάνω,1,1,1,"86533,54","0,0004","happen to be about, at","LSJ, Middle Liddell"
4.790,πλατύς,1,1,1,"86534,54","0,0003","wide, broad,","LSJ, Middle Liddell, Slater, Autenrieth"
,ἑπτά,4,0,1,"86535,54","0,0007","seven,","LSJ, Middle Liddell, Slater, Autenrieth"
,μεγαλοφρονέω,1,1,1,"86536,54","0,0006",to be high-minded,"LSJ, Middle Liddell"
,ἁγνός,1,1,1,"86537,54","0,0003","pure, chaste, holy","LSJ, Middle Liddell, Slater, Autenrieth"
,φιλοχρηματία,1,1,1,"86538,54","0,0006","love of money,","LSJ, Middle Liddell"
,γόνιμος,1,1,1,"86539,54","0,0004","productive, fertile, fruitful","LSJ, Middle Liddell"
,δέος,9,0,1,"86540,54","0,0018","fear, alarm,",LSJ
,μικρότης,1,1,1,"86541,54","0,0005",smallness.,"LSJ, Middle Liddell"
,πρόσοδος,1,1,1,"86542,54","0,0003",going,"LSJ, Middle Liddell, Slater"
,μνημονικός,1,1,1,"86543,54","0,0007",of,"LSJ, Middle Liddell"
4.800,προσχωρέω,1,1,1,"86544,54","0,0004","go to, approach","LSJ, Middle Liddell"
,χώνη,1,1,1,"86545,54","0,0009",[unavailable],LSJ
,ψυχρότης,1,1,1,"86546,54","0,0005","coldness, cold,","LSJ, Middle Liddell"
,θάμνος,1,1,1,"86547,54","0,0006","bush, shrub","LSJ, Middle Liddell, Slater, Autenrieth"
,ῥοπή,1,1,1,"86548,54","0,0003","turn of the scale, fall of the scale-pan, weight","LSJ, Middle Liddell"
,ἀπομαραίνομαι,1,1,1,"86549,54","0,0006",to waste,Middle Liddell
,δοιοί,1,1,1,"86550,54","0,0006","two, both,","LSJ, Middle Liddell, Slater, Autenrieth"
,ἀναπηδάω,1,1,1,"86551,54","0,0003","leap up, start up,","LSJ, Middle Liddell, Autenrieth"
,δυσαριστοτόκεια,1,1,1,"86552,54","0,0012",unhappy mother of the noblest son,"LSJ, Middle Liddell, Autenrieth"
,ἴλιγγος,1,1,1,"86553,54","0,0007",spinning round,"LSJ, Middle Liddell"
4.810,ἀνήνυτος,1,1,1,"86554,54","0,0007","endless, never-ending,","LSJ, Middle Liddell"
,κοινωνητέος,4,0,1,"86555,54","0,0036",one must give a share,Middle Liddell
,ἰσχυρόω,4,0,1,"86556,54","0,0011",strengthen,LSJ
,συζεύγνυμι,4,0,1,"86557,54","0,0018","yoke together, couple","LSJ, Middle Liddell"
,ἀντικαθίστημι,1,1,1,"86558,54","0,0006","replace, substitute,","LSJ, Middle Liddell"
,εἰρωνεία,1,1,1,"86559,54","0,0006",dissimulation,"LSJ, Middle Liddell"
,συμμύω,1,1,1,"86560,54","0,0008","shut up, close","LSJ, Middle Liddell"
,ἑκατονταετηρίς,1,1,1,"86561,54","0,0013",period of,"LSJ, Middle Liddell"
,σύμψηφος,1,1,1,"86562,54","0,0007",voting with,"LSJ, Middle Liddell"
,συνεπιστατέω,1,1,1,"86563,54","0,0013",act as a joint supervisor,"LSJ, Middle Liddell"
4.820,ἁπλότης,1,1,1,"86564,54","0,0006","singleness,","LSJ, Middle Liddell"
,κατατρίβω,1,1,1,"86565,54","0,0005",rub down,"LSJ, Middle Liddell"
,ἔμπρησις,1,1,1,"86566,54","0,0008",burning,"LSJ, Middle Liddell"
,κηρίον,4,0,1,"86567,54","0,0021",honeycomb,"LSJ, Middle Liddell, Slater"
,ἐνδυναστεύω,1,1,1,"86568,54","0,0011",to have power,"LSJ, Middle Liddell"
,τετραγωνίζω,1,1,1,"86569,54","0,001","make square, square","LSJ, Middle Liddell"
,κολούω,1,1,1,"86570,54","0,0004","cut short, dock, curtail","LSJ, Middle Liddell, Autenrieth"
,ἐξισόω,1,1,1,"86571,54","0,0006",make equal,"LSJ, Middle Liddell"
,λακτίζω,1,1,1,"86572,54","0,0005",kick with the heel,"LSJ, Middle Liddell, Slater, Autenrieth"
,περίοικος,1,1,1,"86573,54","0,0005",dwelling round,"LSJ, Middle Liddell"
4.830,βαλανόω,4,0,1,"86574,54","0,0021",fasten with a,"LSJ, Middle Liddell"
,πημαίνω,1,1,1,"86575,54","0,0007","plunge into ruin, undo","LSJ, Middle Liddell, Autenrieth"
,ὑποδέω,1,1,1,"86576,54","0,0004",bind,"LSJ, Middle Liddell"
,ἐπίτασις,1,1,1,"86577,54","0,0006","stretching,","LSJ, Middle Liddell"
,ὑποτρέφω,1,1,1,"86578,54","0,0008","rear, nourish,","LSJ, Middle Liddell"
,μάγειρος,1,1,1,"86579,54","0,0004",B,"LSJ, Middle Liddell"
,βραδύνω,1,1,1,"86580,54","0,0004","make slow, delay","LSJ, Middle Liddell"
,πολυτελής,1,1,1,"86581,54","0,0002","very expensive, costly,","LSJ, Middle Liddell"
,μελαγχολικός,1,1,1,"86582,54","0,0007",of atrabilious,"LSJ, Middle Liddell"
,φονάω,16,0,1,"86583,54","0,0031","to be athirst for blood, to be murderous,","LSJ, Middle Liddell"
4.840,εὔπλαστος,1,1,1,"86584,54","0,0009",easy to mould,LSJ
,μεταπίπτω,1,1,1,"86585,54","0,0004","fall differently, undergo a change","LSJ, Middle Liddell"
,προσθήκη,1,1,1,"86586,54","0,0005","addition, appendage, supplement","LSJ, Middle Liddell"
,μισόδημος,1,1,1,"86587,54","0,0007",hating the commons,"LSJ, Middle Liddell"
,προστρέχω,1,1,1,"86588,54","0,0004",run to,"LSJ, Middle Liddell"
,ἀκράτεια,1,1,1,"86589,54","0,0008","want of power, debility","LSJ, Middle Liddell"
,πτηνός,1,1,1,"86590,54","0,0004","flying, winged","LSJ, Middle Liddell"
,ἀλεξίκακος,1,1,1,"86591,54","0,0007",keeping off ill,"LSJ, Middle Liddell, Autenrieth"
,διάσοφος,1,1,1,"86592,54","0,0013","very wise,",LSJ
,νέκυς,1,1,1,"86593,54","0,0005","corpse,","LSJ, Middle Liddell, Slater, Autenrieth"
4.850,διδασκαλία,1,1,1,"86594,54","0,0003","teaching, instruction,","LSJ, Middle Liddell, Slater"
,βοείη,10,0,1,"86595,54","0,0015","an ox-hide, ox-hide shield",Middle Liddell
,ἀναισχυντία,1,1,1,"86596,54","0,0005","shamelessness, impudence,","LSJ, Middle Liddell"
,σοφίζω,1,1,1,"86597,54","0,0004","make wise, instruct","LSJ, Middle Liddell"
,δυσχέρεια,1,1,1,"86598,54","0,0005","annoyance, disgust","LSJ, Middle Liddell"
,καταχράω,4,0,1,"86599,54","0,0018",sufficed them,Middle Liddell
,ἀνίκητος,1,1,1,"86600,54","0,0005","unconquered, unconquerable,","LSJ, Middle Liddell"
,μνημονευτέος,4,0,1,"86601,54","0,0044",one must remember,Middle Liddell
,ὀμφαλός,1,1,1,"86602,54","0,0005","navel,","LSJ, Middle Liddell, Slater, Autenrieth"
,εἱργμός,1,1,1,"86603,54","0,0008","cage, prison",LSJ
4.860,κακοφυής,1,1,1,"86604,54","0,0013",of bad natural qualities,"LSJ, Middle Liddell"
,πλωίζω,1,1,1,"86605,54","0,0009",to sail on the sea,Middle Liddell
,ἀπαρακάλυπτος,1,1,1,"86606,54","0,0008","undisguised,","LSJ, Middle Liddell"
,συνδεσμώτης,1,1,1,"86607,54","0,0012",fellow-prisoner,"LSJ, Middle Liddell"
,κατακερματίζω,1,1,1,"86608,54","0,0007","chop up, cut into pieces","LSJ, Middle Liddell"
,ἀποδύρομαι,1,1,1,"86609,54","0,0006","lament bitterly,","LSJ, Middle Liddell"
,σχολαῖος,1,1,1,"86610,54","0,0005","leisurely, tardy","LSJ, Middle Liddell"
,ἀποστέλλω,1,1,1,"86611,54","0,0002",send off,"LSJ, Middle Liddell"
,ἐμποδίζω,1,1,1,"86612,54","0,0004",put the feet in bonds,"LSJ, Middle Liddell"
,ἐνδελεχής,1,1,1,"86613,54","0,0005","continuous, perpetual","LSJ, Middle Liddell"
4.870,κλεπτικός,1,1,1,"86614,54","0,001",thievish,"LSJ, Middle Liddell"
,ἔννοια,1,1,1,"86615,54","0,0004","act of thinking, reflection, cogitation","LSJ, Middle Liddell"
,τιάρα,1,1,1,"86616,54","0,0005",tiara,"LSJ, Middle Liddell"
,ἄτακτος,1,1,1,"86617,54","0,0003","not in battle-order,","LSJ, Middle Liddell"
,πατραλοίας,1,1,1,"86618,54","0,0008",one who slays,"LSJ, Middle Liddell"
,αὐλητής,4,0,1,"86619,54","0,0013","flute-player,","LSJ, Middle Liddell"
,περικρούω,1,1,1,"86620,54","0,0009",strike off all round,"LSJ, Middle Liddell"
,λεία,9,0,1,"86621,54","0,0023","booty, plunder","LSJ, Middle Liddell"
,βαβαί,4,0,1,"86622,54","0,0026",bless me!,"LSJ, Middle Liddell"
,ἐπιπείθομαι,1,1,1,"86623,54","0,0008",to be persuaded,"LSJ, Middle Liddell, Autenrieth"
4.880,ὑποάμουσος,1,1,1,"86624,54","0,0013","somewhat estranged from the Muses,","LSJ, Middle Liddell"
,ἐπιστρέφω,1,1,1,"86625,54","0,0002","turn about, turn round","LSJ, Middle Liddell, Autenrieth"
,ὑποπίπτω,1,1,1,"86626,54","0,0004",fall under,"LSJ, Middle Liddell"
,βιωτός,4,0,1,"86627,54","0,0028","to be lived, worth living","LSJ, Middle Liddell"
,ἐπιφρονέω,1,1,1,"86628,54","0,0012","to be shrewd, prudent,","LSJ, Middle Liddell"
,ἐρυθριάω,1,1,1,"86629,54","0,0005","blush, colour up,","LSJ, Middle Liddell"
,γέννησις,4,0,1,"86630,54","0,0025","engendering, producing","LSJ, Middle Liddell"
,πολυαρμόνιος,1,1,1,"86631,54","0,0013","capable of being played upon in many modes,","LSJ, Middle Liddell"
,φιλοπαίσμων,1,1,1,"86632,54","0,0012",[unavailable],"LSJ, Middle Liddell"
,μεθυστικός,1,1,1,"86633,54","0,0009",intoxicating,"LSJ, Middle Liddell"
4.890,γλῶσσα,1,1,1,"86634,54","0,0002",tongue,"LSJ, Middle Liddell, Slater, Autenrieth"
,γρυπός,1,1,1,"86635,54","0,0006","hook-nosed, aquiline","LSJ, Middle Liddell"
,εὐομολόγητος,1,1,1,"86636,54","0,0013","easy to concede, indisputable","LSJ, Middle Liddell"
,φροντίς,1,1,1,"86637,54","0,0002","thought, care, attention","LSJ, Middle Liddell, Slater"
,μεταλαγχάνω,1,1,1,"86638,54","0,0007",have a share allotted one,"LSJ, Middle Liddell"
,μήπω,1,1,1,"86639,54","0,0003",not yet,"LSJ, Middle Liddell"
,διαδικάζω,1,1,1,"86640,54","0,0007","give judgement,","LSJ, Middle Liddell"
,χρηστέον,4,0,1,"86641,54","0,0018","one must use,",LSJ
,μόναρχος,1,1,1,"86642,54","0,0005","monarch, sole ruler","LSJ, Middle Liddell, Slater"
,διαλείπω,1,1,1,"86643,54","0,0003","leave an interval between,","LSJ, Middle Liddell"
4.900,ἡμερινός,1,1,1,"86644,54","0,0008",of day,"LSJ, Middle Liddell"
,διαφθορά,4,0,1,"86645,54","0,0016","destruction, ruin,","LSJ, Middle Liddell"
,ῥέθος,1,1,1,"86646,54","0,0008",limb,"LSJ, Middle Liddell, Autenrieth"
,θεουδής,1,1,1,"86647,54","0,0009",fearing God,"LSJ, Middle Liddell, Autenrieth"
,ἀναμίσγω,1,1,1,"86648,54","0,0003","have intercourse with,",LSJ
,δρομικός,1,1,1,"86649,54","0,0006","good at running, swift,","LSJ, Middle Liddell"
,ἴαμβος,1,1,1,"86650,54","0,0006",iambus,"LSJ, Middle Liddell"
,στράτειος,4,0,1,"86651,54","0,0026","warrior,",LSJ
,ὀπάζω,1,1,1,"86652,54","0,0004","make to follow, send with","LSJ, Middle Liddell, Slater, Autenrieth"
,εἵλησις,4,0,1,"86653,54","0,0047",sun-heat,"LSJ, Middle Liddell"
4.910,συλλογιστέος,1,1,1,"86654,54","0,0012",to be concluded,"LSJ, Middle Liddell"
,κακολογία,1,1,1,"86655,54","0,0009","coarse expression, bad style","LSJ, Middle Liddell"
,ἄντρον,1,1,1,"86656,54","0,0004","cave,","LSJ, Middle Liddell, Slater, Autenrieth"
,εἴσοδος,1,1,1,"86657,54","0,0004",entrance,"LSJ, Middle Liddell, Autenrieth"
,ἐκδέρω,1,1,1,"86658,54","0,0007",strip off the skin from,"LSJ, Middle Liddell, Autenrieth"
,συναναιρέω,1,1,1,"86659,54","0,0006",take up together with,"LSJ, Middle Liddell"
,ἔκπλυτος,1,1,1,"86660,54","0,001","to be washed out,","LSJ, Middle Liddell"
,ἔλαφος,1,1,1,"86661,54","0,0003","deer, Cervus elaphus","LSJ, Middle Liddell, Slater, Autenrieth"
,συντρίβω,1,1,1,"86662,54","0,0003",rub together,"LSJ, Middle Liddell"
,κατελεέω,1,1,1,"86663,54","0,0007",have compassion,"LSJ, Middle Liddell"
4.920,ὀχλάζω,4,0,1,"86664,54","0,0015",to be in a tumult,LSJ
,πάμπαν,1,1,1,"86665,54","0,0004","wholly, altogether","LSJ, Middle Liddell, Slater, Autenrieth"
,κίνησις,1,1,1,"86666,54","0,0003",motion,"LSJ, Middle Liddell"
,τεχνίον,1,1,1,"86667,54","0,001",low art,"LSJ, Middle Liddell"
,ἐξεμέω,1,1,1,"86668,54","0,0006","vomit forth, disgorge,","LSJ, Middle Liddell, Autenrieth"
,τοσαυτάκις,1,1,1,"86669,54","0,0006",[unavailable],"LSJ, Middle Liddell"
,ἀσφάλεια,1,1,1,"86670,54","0,0002",security against stumbling,"LSJ, Middle Liddell"
,ἐπανακυκλέω,1,1,1,"86671,54","0,0011","recur,",LSJ
,τρόφιμος,1,1,1,"86672,54","0,0006","nourishing, nutritious,","LSJ, Middle Liddell"
,πεντηκοντούτης,1,1,1,"86673,54","0,0009",fifty years old,"LSJ, Middle Liddell"
4.930,Κῶς,4,0,1,"86674,54","0,0014",to Cos,"LSJ, Middle Liddell, Slater, Autenrieth"
,περιγίγνομαι,1,1,1,"86675,54","0,0002",to be superior to,"LSJ, Middle Liddell, Autenrieth"
,ὑπακούω,1,1,1,"86676,54","0,0002","hearken, give ear,","LSJ, Middle Liddell, Slater, Autenrieth"
,ἐπιμελητής,1,1,1,"86677,54","0,0004",one who has charge of,"LSJ, Middle Liddell"
,ἐπιτιμάω,1,1,1,"86678,54","0,0002",to lay a value upon,"LSJ, Middle Liddell"
,ἔρα,33,0,1,"86679,54","0,0068","earth,",LSJ
,φιλομάθεια,1,1,1,"86680,54","0,0009",love of learning,"LSJ, Middle Liddell"
,φίλτατος,1,1,1,"86681,54","0,0002","one's nearest and dearest,","LSJ, Middle Liddell, Autenrieth"
,γραμματιστής,1,1,1,"86682,54","0,0006","clerk, registrar","LSJ, Middle Liddell"
,εὐμίμητος,1,1,1,"86683,54","0,0012",easily imitated,"LSJ, Middle Liddell"
4.940,ἀγχίνοος,1,1,1,"86684,54","0,0007","ready of wit, shrewd","LSJ, Middle Liddell, Autenrieth"
,δαιτυμών,1,1,1,"86685,54","0,0007","one that is entertained, guest,","LSJ, Middle Liddell"
,μέτοχος,1,1,1,"86686,54","0,0006","sharing in, partaking of","LSJ, Middle Liddell"
,προμήκης,1,1,1,"86687,54","0,0007","prolonged, elongated,","LSJ, Middle Liddell"
,προσδοκία,1,1,1,"86688,54","0,0004","looking for, expectation","LSJ, Middle Liddell"
,αἰσθητής,4,0,1,"86689,54","0,0017",one who perceives,LSJ
,χθόνιος,1,1,1,"86690,54","0,0004","in, under,","LSJ, Middle Liddell, Slater"
,διακοσμέω,1,1,1,"86691,54","0,0004","divide and marshal, muster, array,","LSJ, Middle Liddell, Autenrieth"
,πύκτης,4,0,1,"86692,54","0,0021",boxer,"LSJ, Middle Liddell"
,ἀλιτηριώδης,1,1,1,"86693,54","0,001","abominable, accursed","LSJ, Middle Liddell"
4.950,θρηνέω,4,0,1,"86694,54","0,0012","sing a dirge, wail","LSJ, Middle Liddell"
,ἀνάλογος,1,1,1,"86695,54","0,0005",according to a due,"LSJ, Middle Liddell"
,διομολογητέος,1,1,1,"86696,54","0,001",one must concede,Middle Liddell
,δρᾶμα,1,1,1,"86697,54","0,0003","deed, act,","LSJ, Middle Liddell"
,οἰκουρέω,1,1,1,"86698,54","0,0006",watch,"LSJ, Middle Liddell"
,δυσέκνιπτος,1,1,1,"86699,54","0,001",hard to wash out,"LSJ, Middle Liddell"
,στιβάς,1,1,1,"86700,54","0,0005","bed of straw, rushes","LSJ, Middle Liddell"
,ἀνθέω,1,1,1,"86701,54","0,0003","blossom, bloom,","LSJ, Middle Liddell, Slater, Autenrieth"
,ὁμοίωσις,1,1,1,"86702,54","0,0007","a being made like,","LSJ, Middle Liddell"
,εἰσαγγέλλω,1,1,1,"86703,54","0,0005",go in and announce,"LSJ, Middle Liddell"
4.960,συμπέμπω,1,1,1,"86704,54","0,0005",send,"LSJ, Middle Liddell, Slater"
,ὀρνιθών,4,0,1,"86705,54","0,0017","poultry-house,",LSJ
,καταβρίθω,1,1,1,"86706,54","0,001","to be heavily laden, weighed down","LSJ, Middle Liddell"
,συνιστάω,4,0,1,"86707,54","0,0009",[unavailable],Middle Liddell
,σύνερξις,1,1,1,"86708,54","0,0011","forcing together, junction","LSJ, Middle Liddell"
,φιλόγελως,1,1,1,"86709,54","0,001",laughter-loving,Middle Liddell
,ἔκφρων,1,1,1,"86710,54","0,0005","out of one's mind, beside oneself","LSJ, Middle Liddell"
,καταφορέω,1,1,1,"86711,54","0,0009",carry down,"LSJ, Middle Liddell"
,ἀποκνητέον,4,0,1,"86712,54","0,0038",[unavailable],LSJ
,ἐλευθεριότης,1,1,1,"86713,54","0,0007",the character of an,"LSJ, Middle Liddell"
4.970,καχύποπτος,1,1,1,"86714,54","0,0012","suspecting evil, suspicious","LSJ, Middle Liddell"
,ἔμμονος,1,1,1,"86715,54","0,0009","abiding, lasting","LSJ, Middle Liddell"
,ἀποτροπή,1,1,1,"86716,54","0,0005","turningaway, averting,","LSJ, Middle Liddell"
,ἄρνυμαι,1,1,1,"86717,54","0,0007","win, gain,","LSJ, Middle Liddell, Slater, Autenrieth"
,παραιτέομαι,1,1,1,"86718,54","0,0002",beg of,"LSJ, Middle Liddell"
,τόλμησις,4,0,1,"86719,54","0,0021","a reckless act,",LSJ
,κόσκινον,1,1,1,"86720,54","0,0007",sieve,"LSJ, Middle Liddell"
,ἐξοίχομαι,1,1,1,"86721,54","0,0009","to have gone out, to be quite gone,","LSJ, Middle Liddell, Autenrieth"
,τυφλότης,1,1,1,"86722,54","0,0008","blindness,","LSJ, Middle Liddell"
,Ἴδης,39,0,"0,96","86723,51","0,0101",[unavailable],Autenrieth
4.980,βοάω,19,0,"0,96","86724,47","0,0015","cry aloud, shout","LSJ, Middle Liddell, Slater, Autenrieth"
,φαρμακόω,38,0,"0,95","86725,42","0,0094","medicate,","LSJ, Middle Liddell, Slater"
,Νικεύς,17,0,"0,95","86726,37","0,0032",[unavailable],Slater
,κομήτης,11,0,"0,95","86727,32","0,0059",wearing long hair,"LSJ, Middle Liddell"
,δυάω,18,0,"0,93","86728,25","0,0034","plunge in misery,","LSJ, Middle Liddell, Autenrieth"
,ἴον,78,0,"0,93","86729,18","0,0181","violet, Viola odorata","LSJ, Middle Liddell, Slater, Autenrieth"
,ἄφοδος,10,0,"0,92","86730,1","0,0032","going away, departure,","LSJ, Middle Liddell"
,διπλόος,10,0,"0,92","86731,01","0,0025","twofold, double,","LSJ, Middle Liddell, Slater, Autenrieth"
,μόριον,10,0,"0,92","86731,93","0,0032","piece, portion","LSJ, Middle Liddell"
,διπλός,10,0,"0,92","86732,85","0,003",[unavailable],LSJ
4.990,μόριος,10,0,"0,92","86733,76","0,0031",of burial,"LSJ, Middle Liddell"
,μυθόομαι,10,0,"0,92","86734,68","0,004",[unavailable],"LSJ, Middle Liddell"
,σιγή,10,0,"0,92","86735,6","0,0023",silence,"LSJ, Middle Liddell, Autenrieth"
,λεῦκος,19,0,"0,92","86736,51","0,0039",a fish,LSJ
,ἄποδος,10,0,"0,92","86737,43","0,0034","not having the use of one's feet, Tab. Defix. Aud.",LSJ
,καλλιάζω,28,0,"0,9","86738,33","0,0123",to be a member of the,LSJ
,καλλίας,28,0,"0,9","86739,23","0,0123",tame ape,LSJ
,βιβρώσκω,12,0,"0,9","86740,13","0,0042","eat, eat up","LSJ, Middle Liddell, Autenrieth"
,καλλιόω,28,0,"0,9","86741,03","0,0119",make more beautiful,LSJ
,πόθος,22,0,"0,89","86741,92","0,0039","longing, yearning, regret","LSJ, Middle Liddell, Slater, Autenrieth"
5.000,διχάω,11,0,"0,87","86742,79","0,0026",[unavailable],LSJ
,διχή,11,0,"0,87","86743,65","0,0026","bisection,",LSJ
,ξενόω,11,0,"0,87","86744,52","0,0014","make one's friend and guest, entertain,","LSJ, Middle Liddell, Slater"
,κυριόω,11,0,"0,87","86745,39","0,0027",[unavailable],LSJ
,τύπης,11,0,"0,87","86746,25","0,007","striker,",LSJ
,διχάζω,11,0,"0,87","86747,12","0,0027","divide in two,","LSJ, Middle Liddell"
,τροπάομαι,42,0,"0,86","86747,98","0,0097",[unavailable],LSJ
,θαυμαστόω,5,0,"0,83","86748,81","0,0019",magnify,LSJ
,κλάω,5,0,"0,83","86749,64","0,0019",[unavailable],LSJ
,ἔξειμι,5,0,"0,83","86750,48","0,001",sum,"LSJ, Autenrieth"
5.010,ἐπιχώριος,5,0,"0,83","86751,31","0,0017",in,"LSJ, Middle Liddell, Slater"
,ἀκρατέω,5,0,"0,83","86752,14","0,0017",to be,LSJ
,μισθάρνης,5,0,"0,83","86752,98","0,0052",hired workman,"LSJ, Middle Liddell"
,σκολιάζω,5,0,"0,83","86753,81","0,0025",to be erooked,LSJ
,μυθόλογος,5,0,"0,83","86754,64","0,0037","teller of legends, romancer",LSJ
,θεώριος,5,0,"0,83","86755,48","0,0031",box,LSJ
,γεώργιον,5,0,"0,83","86756,31","0,0035",field,LSJ
,εἴρω,30,0,"0,83","86757,14","0,0054","fasten together in rows, string","LSJ, Middle Liddell, Slater, Autenrieth"
,σφαγεύς,5,0,"0,83","86757,98","0,0019","slayer, butcher","LSJ, Middle Liddell"
,ὑπογραφή,5,0,"0,83","86758,81","0,0029","written accusation,","LSJ, Middle Liddell"
5.020,μείρομαι,5,0,"0,83","86759,64","0,0018",receive as one's portion,"LSJ, Middle Liddell, Autenrieth"
,ζωός,5,0,"0,83","86760,48","0,0016","alive, living","LSJ, Middle Liddell, Slater, Autenrieth"
,λαός,5,0,"0,83","86761,31","0,0012",men,"LSJ, Middle Liddell, Slater, Autenrieth"
,κόρη,20,0,"0,83","86762,14","0,0037",girl,"LSJ, Middle Liddell, Autenrieth"
,ἀκρατής,5,0,"0,83","86762,98","0,0018","powerless, impotent","LSJ, Middle Liddell"
,ῥιγέω,5,0,"0,83","86763,81","0,0023",shudder,"LSJ, Middle Liddell, Slater, Autenrieth"
,κράτος,12,0,"0,83","86764,64","0,0018","strength, might","LSJ, Middle Liddell, Slater, Autenrieth"
,πατριάζω,5,0,"0,83","86765,48","0,0016",take after one's father,LSJ
,μαλακία,5,0,"0,83","86766,31","0,0017",softness,"LSJ, Middle Liddell"
,δρῦς,5,0,"0,83","86767,14","0,0018",a tree,Middle Liddell
5.030,χειροτεχνία,5,0,"0,83","86767,98","0,0059","handicraft,","LSJ, Middle Liddell"
,σκυλάκη,5,0,"0,83","86768,81","0,0028",[unavailable],LSJ
,εἴρω,30,0,"0,83","86769,64","0,0054","say, speak, tell","LSJ, Middle Liddell, Autenrieth"
,σφαγή,5,0,"0,83","86770,48","0,0017",slaughter,"LSJ, Middle Liddell"
,δωρέομαι,5,0,"0,83","86771,31","0,0014","give,
            bestow",Autenrieth
,μείρομαι,5,0,"0,83","86772,14","0,0018",[unavailable],LSJ
,χεῖλος,5,0,"0,83","86772,98","0,0017","lip,",LSJ
,πόσις,5,0,"0,83","86773,81","0,001","husband, spouse,","LSJ, Middle Liddell, Slater, Autenrieth"
,μακαρία,5,0,"0,83","86774,64","0,002","happiness, bliss","LSJ, Middle Liddell"
,ποικιλεύς,5,0,"0,83","86775,48","0,0018",[unavailable],LSJ
5.040,Μέλας,5,0,"0,83","86776,31","0,0015",[unavailable],"Slater, Autenrieth"
,αἱμάς,5,0,"0,83","86777,14","0,0011","gush, stream of blood","LSJ, Middle Liddell"
,μυθολόγος,5,0,"0,83","86777,98","0,0037","a teller of legends, romancer",Middle Liddell
,ἀπέραντος,5,0,"0,83","86778,81","0,0027",[unavailable],Slater
,ἕννυμι,5,0,"0,83","86779,64","0,0026","ves-,","LSJ, Middle Liddell, Autenrieth"
,κρατύς,12,0,"0,83","86780,48","0,0025","strong, mighty","LSJ, Middle Liddell, Autenrieth"
,θαυμαστής,5,0,"0,83","86781,31","0,0012",admirer,"LSJ, Middle Liddell"
,σκολιός,5,0,"0,83","86782,14","0,0021","curved, bent","LSJ, Middle Liddell, Slater, Autenrieth"
,εἴρω,30,0,"0,83","86782,98","0,0054",ask,LSJ
,ποσός,5,0,"0,83","86783,81","0,0009",of a certain quantity,Middle Liddell
5.050,ἐπιχωρέω,5,0,"0,83","86784,64","0,0018","yield, give way,","LSJ, Middle Liddell"
,ἐμποδέω,5,0,"0,83","86785,48","0,0013",as if fettered,LSJ
,πόσις,5,0,"0,83","86786,31","0,001","drinking, drink, beverage,","LSJ, Middle Liddell, Autenrieth"
,θαῦμα,5,0,"0,83","86787,14","0,0014","wonder, marvel","LSJ, Middle Liddell, Slater, Autenrieth"
,πλανητός,5,0,"0,83","86787,98","0,0025",wandering,"LSJ, Middle Liddell"
,ζηλέω,5,0,"0,83","86788,81","0,0012",to be zealous for,LSJ
,ῥιγόω,5,0,"0,83","86789,64","0,0023","to be cold, shiver","LSJ, Middle Liddell, Autenrieth"
,μαλακιάω,5,0,"0,83","86790,48","0,0017",become soft,"LSJ, Middle Liddell"
,δρῦς,5,0,"0,83","86791,31","0,0018",tree,"LSJ, Middle Liddell, Slater, Autenrieth"
,χεῖλος,5,0,"0,83","86792,14","0,0017",a lip,"Middle Liddell, Slater, Autenrieth"
5.060,ἐμπλέω,5,0,"0,83","86792,98","0,0014",sail in,"LSJ, Middle Liddell"
,κλάω,5,0,"0,83","86793,81","0,0019","break, break off","LSJ, Middle Liddell, Autenrieth"
,προσρέω,5,0,"0,83","86794,64","0,0025","flow towards a point, stream in, assemble","LSJ, Middle Liddell"
,γέμος,5,0,"0,83","86795,48","0,0026",load,"LSJ, Middle Liddell"
,χειροτέχνιον,5,0,"0,83","86796,31","0,0067",tax on handicraft,LSJ
,δένδρον,5,0,"0,83","86797,14","0,0013",a tree,"LSJ, Middle Liddell"
,πόσος,5,0,"0,83","86797,98","0,0009",of what quantity?,"LSJ, Middle Liddell"
,ἀπέραντος,5,0,"0,83","86798,81","0,0027","boundless, infinite,","LSJ, Middle Liddell, Slater"
,ἔλεος,21,0,"0,81","86799,62","0,0067","pity, mercy, compassion",LSJ
,ἔλεος,21,0,"0,81","86800,43","0,0067","pity, mercy, compassion","Middle Liddell, Autenrieth"
5.070,Πρωτεύς,20,0,"0,8","86801,23","0,0046",Proteus,Autenrieth
,μανιάς,20,0,"0,8","86802,03","0,0065","frantic, mad","LSJ, Middle Liddell"
,φῦσα,20,0,"0,8","86802,83","0,008","pair of bellows,","LSJ, Middle Liddell, Autenrieth"
,Φᾶσις,12,0,"0,75","86803,58","0,0021",the river Phasis,"LSJ, Middle Liddell, Slater"
,ζυγέω,6,0,"0,75","86804,33","0,0029",march in line,LSJ
,ἧμαι,6,0,"0,75","86805,08","0,0023",ēs-,"LSJ, Middle Liddell, Slater, Autenrieth"
,Τύχων,12,0,"0,75","86805,83","0,0039",[unavailable],LSJ
,κυέω,12,0,"0,75","86806,58","0,0028","bear in the womb, be pregnant with","LSJ, Middle Liddell, Autenrieth"
,ὄγκος,6,0,"0,75","86807,33","0,0015","bulk, size, mass","LSJ, Middle Liddell"
,κεραμεοῦς,6,0,"0,75","86808,08","0,0032",of clay,"LSJ, Middle Liddell"
5.080,μονάς,12,0,"0,75","86808,83","0,0024",solitary,"LSJ, Middle Liddell"
,εὐμενέω,6,0,"0,75","86809,58","0,0019",to be gracious,"Middle Liddell, Slater"
,οἰνοχόος,6,0,"0,75","86810,33","0,0029","a wine-pourer, cupbearer","Middle Liddell, Autenrieth"
,πολλαπλασιάζω,6,0,"0,75","86811,08","0,0029","multiply,",LSJ
,Ἀφροδισιών,12,0,"0,75","86811,83","0,0057",[unavailable],LSJ
,ζυγόν,6,0,"0,75","86812,58","0,0018",yoke,"LSJ, Middle Liddell, Slater, Autenrieth"
,βαρβάρα,12,0,"0,75","86813,33","0,0026","plaster,",LSJ
,ἐλευθέρια,12,0,"0,75","86814,08","0,0056",festival of Liberty,LSJ
,κύω,12,0,"0,75","86814,83","0,0028",conceive,"LSJ, Middle Liddell, Autenrieth"
,ἔλεγχος,12,0,"0,75","86815,58","0,0036","reproach, disgrace, dishonour","LSJ, Middle Liddell, Slater, Autenrieth"
5.090,φοιτητής,6,0,"0,75","86816,33","0,0053",one who regularly goes,"LSJ, Middle Liddell"
,κηκίω,6,0,"0,75","86817,08","0,0024","gush, bubble forth","LSJ, Middle Liddell, Autenrieth"
,ζυγός,6,0,"0,75","86817,83","0,0019",[unavailable],LSJ
,ἔλεγχος,12,0,"0,75","86818,58","0,0028",argument of disproof,"LSJ, Middle Liddell, Slater"
,πνύξ,12,0,"0,75","86819,33","0,0045","the Pnyx,","LSJ, Middle Liddell"
,οἰνόχοος,6,0,"0,75","86820,08","0,0029","cupbearer,",LSJ
,οἴκοι,12,0,"0,75","86820,83","0,0024","at home, in the house,","LSJ, Middle Liddell, Slater"
,φοιτητός,6,0,"0,75","86821,58","0,0053",frequenting,LSJ
,οἰκίον,6,0,"0,75","86822,33","0,002","house, palace,","LSJ, Middle Liddell, Autenrieth"
,αὐγέω,6,0,"0,75","86823,08","0,0024","to shine, glitter,",LSJ
5.100,αὐλών,12,0,"0,75","86823,83","0,0045",hollow,"LSJ, Middle Liddell"
,σιτών,12,0,"0,75","86824,58","0,0074",cornfield,LSJ
,πολλαπλασίων,6,0,"0,75","86825,33","0,0031",[unavailable],LSJ
,ὄγκος,6,0,"0,75","86826,08","0,0015",barb,"LSJ, Middle Liddell, Autenrieth"
,παρέξειμι,6,0,"0,75","86826,83","0,0022",ibo,"LSJ, Middle Liddell"
,κύος,12,0,"0,75","86827,58","0,0036",[unavailable],LSJ
,αὐγή,6,0,"0,75","86828,33","0,0018","light of the sun,","LSJ, Middle Liddell, Autenrieth"
,βροντάω,13,0,"0,73","86829,06","0,0044",thunder,"LSJ, Middle Liddell, Autenrieth"
,ἀντάω,22,0,"0,73","86829,8","0,004","come opposite to, meet face to face, meet with,","LSJ, Middle Liddell, Slater, Autenrieth"
,βροντή,13,0,"0,73","86830,53","0,0045",thunder,"LSJ, Middle Liddell, Autenrieth"
5.110,ἄντα,22,0,"0,73","86831,26","0,0043","over against, face to face,","LSJ, Middle Liddell, Slater, Autenrieth"
,βρόντης,13,0,"0,73",86832,"0,0045",[unavailable],LSJ
,ἄντη,22,0,"0,73","86832,73","0,0043",prayer,LSJ
,νέως,35,0,"0,71","86833,44","0,0085",[unavailable],Middle Liddell
,κόμης,7,0,"0,7","86834,14","0,0026",comes,LSJ
,κομάω,13,0,"0,7","86834,84","0,0027",let the hair grow long,"LSJ, Middle Liddell, Autenrieth"
,ἀνιάομαι,14,0,"0,7","86835,54","0,0034","cure again, repair,","LSJ, Middle Liddell"
,κομέω,13,0,"0,7","86836,24","0,0031","take care of, tend","LSJ, Middle Liddell, Autenrieth"
,κομέω,13,0,"0,7","86836,94","0,0031",[unavailable],LSJ
,ἐπιτέλλω,6,0,"0,67","86837,61","0,0018","rise,",LSJ
5.120,διωκτήρ,6,0,"0,67","86838,28","0,0059","pursuer,","LSJ, Middle Liddell"
,πάγιος,6,0,"0,67","86838,94","0,0045",solid,"LSJ, Middle Liddell"
,ἄγωνος,6,0,"0,67","86839,61","0,0008",[unavailable],LSJ
,δευτερέω,6,0,"0,67","86840,28","0,002",[unavailable],LSJ
,ἀνεμόω,6,0,"0,67","86840,94","0,0016",to expose to the wind:—,Middle Liddell
,ὑπήκοον,6,0,"0,67","86841,61","0,0021","horned cummin, Hypecoum procumbens,",LSJ
,ἄρκος,6,0,"0,67","86842,28","0,0019","bear,",LSJ
,ἀριστεύς,6,0,"0,67","86842,94","0,0018","those who excel in valour,","LSJ, Middle Liddell, Slater, Autenrieth"
,βᾶρις,6,0,"0,67","86843,61","0,0013","Et.Gud.,","LSJ, Middle Liddell"
,σύννους,6,0,"0,67","86844,28","0,0037","in deep thought, thoughtful",Middle Liddell
5.130,διώκτης,6,0,"0,67","86844,94","0,0059",[unavailable],LSJ
,παγιόω,6,0,"0,67","86845,61","0,005",make firm,LSJ
,πειρατής,6,0,"0,67","86846,28","0,0023",brigand,"LSJ, Middle Liddell"
,ἀγοράομαι,6,0,"0,67","86846,94","0,0015","meet in assembly, sit in debate","LSJ, Middle Liddell, Autenrieth"
,φυτάς,6,0,"0,67","86847,61","0,0027","plant,",LSJ
,ἡγός,6,0,"0,67","86848,28","0,0029",[unavailable],LSJ
,θάσσω,6,0,"0,67","86848,94","0,0014","sit, sit idle","LSJ, Middle Liddell"
,καταβιάζω,6,0,"0,67","86849,61","0,0037",subdue by force,LSJ
,παλαιόω,6,0,"0,67","86850,28","0,0008",make old,"LSJ, Middle Liddell"
,ἄρκος,6,0,"0,67","86850,94","0,0019","defence,",LSJ
5.140,πλάνης,6,0,"0,67","86851,61","0,0023","wanderer, vagabond","LSJ, Middle Liddell"
,διαμετρέω,6,0,"0,67","86852,28","0,0027","measure through, measure out","LSJ, Middle Liddell, Autenrieth"
,σύννοος,6,0,"0,67","86852,94","0,0057","in deep thought, thoughtful",LSJ
,τεός,6,0,"0,67","86853,61","0,0015",your,"LSJ, Middle Liddell, Slater, Autenrieth"
,βάρος,6,0,"0,67","86854,28","0,0014","weight,","LSJ, Middle Liddell"
,φατός,6,0,"0,67","86854,94","0,0023",spoken,"LSJ, Middle Liddell, Slater"
,φιληκοέω,6,0,"0,67","86855,61","0,0055","to be attentive,","LSJ, Middle Liddell"
,μορέω,6,0,"0,67","86856,28","0,002",make with pain and toil,"LSJ, Middle Liddell"
,καταβιάζομαι,6,0,"0,67","86856,94","0,0037",to constrain,Middle Liddell
,πρέσβεια,6,0,"0,67","86857,61","0,0019",[unavailable],LSJ
5.150,φρόνις,6,0,"0,67","86858,28","0,0013","prudence, wisdom,","LSJ, Middle Liddell, Autenrieth"
,θάσσων,6,0,"0,67","86858,94","0,0015","quicker, swifter","LSJ, Middle Liddell, Autenrieth"
,διπλόω,6,0,"0,67","86859,61","0,0021",repeat,"LSJ, Middle Liddell"
,ἕλκος,6,0,"0,67","86860,28","0,0018",wound,"LSJ, Middle Liddell, Slater, Autenrieth"
,Μάκαρ,6,0,"0,67","86860,94","0,0024",[unavailable],Autenrieth
,διάμετρον,6,0,"0,67","86861,61","0,0035","measured allowance, soldiers' rations,","LSJ, Middle Liddell"
,σύμφυτον,6,0,"0,67","86862,28","0,0032","comfrey, Symphytum bulbosum",LSJ
,τέος,6,0,"0,67","86862,94","0,0015",thing,LSJ
,ἀνεμέω,6,0,"0,67","86863,61","0,0017","vomit up,",LSJ
,τέως,6,0,"0,67","86864,28","0,0018","so long, in the meantime","LSJ, Middle Liddell, Autenrieth"
5.160,ἐπίστατον,6,0,"0,67","86864,94","0,0042","support, stand",LSJ
,παλαίω,6,0,"0,67","86865,61","0,0007",wrestle,"LSJ, Middle Liddell, Slater, Autenrieth"
,ἔνθεν,6,0,"0,67","86866,28","0,0018","thence,","LSJ, Middle Liddell, Slater, Autenrieth"
,βαφεύς,6,0,"0,67","86866,94","0,0029","a dyer,",LSJ
,φατός,6,0,"0,67","86867,61","0,0023","slain, dead,",LSJ
,κήλας,6,0,"0,67","86868,28","0,0043","adjutant, Leptoptilus argala",LSJ
,πρεσβεία,6,0,"0,67","86868,94","0,0019","age, seniority, right of the elder,",LSJ
,ἑλκόω,6,0,"0,67","86869,61","0,002","wound, lacerate","LSJ, Middle Liddell"
,βροτός,6,0,"0,67","86870,28","0,0019",mortal man,"LSJ, Middle Liddell, Slater, Autenrieth"
,καταβιόω,6,0,"0,67","86870,94","0,0034",pass one's life,"LSJ, Middle Liddell"
5.170,ἐπιτέλλω,6,0,"0,67","86871,61","0,0018","enjoin, prescribe, command,","LSJ, Middle Liddell, Slater, Autenrieth"
,διάμετρος,6,0,"0,67","86872,28","0,0034",diametrical,"LSJ, Middle Liddell"
,βρότος,6,0,"0,67","86872,94","0,0019","blood that has run from a wound, gore",Middle Liddell
,διωκτέος,6,0,"0,67","86873,61","0,0048","to be pursued,","LSJ, Middle Liddell"
,σύμφυτος,6,0,"0,67","86874,28","0,0031","born with one, congenital, innate","LSJ, Middle Liddell, Slater"
,παγεύς,6,0,"0,67","86874,94","0,0034",pedestal,LSJ
,ἄγωνος,6,0,"0,67","86875,61","0,0008",without angle,LSJ
,ἀείρω,6,0,"0,67","86876,28","0,002",attach,"LSJ, Middle Liddell, Slater, Autenrieth"
,ἄνεμος,6,0,"0,67","86876,94","0,0014","wind,","LSJ, Middle Liddell, Slater, Autenrieth"
,μάκαρος,6,0,"0,67","86877,61","0,0025",[unavailable],LSJ
5.180,ἐκλογεύς,6,0,"0,67","86878,28","0,0037","collector of firstfruits, taxes,",LSJ
,κῦρος,6,0,"0,67","86878,94","0,0013","supreme power, authority","LSJ, Middle Liddell"
,ὑστέρα,6,0,"0,67","86879,61","0,0023","womb,","LSJ, Middle Liddell"
,βρότος,6,0,"0,67","86880,28","0,0019","blood that has run from a wound, gore","LSJ, Autenrieth"
,πρεσβεία,6,0,"0,67","86880,94","0,0019","age, seniority",Middle Liddell
,ὀφέλλω,14,0,"0,65","86881,59","0,0041",[unavailable],"LSJ, Autenrieth"
,ὀφέλλω,14,0,"0,65","86882,24","0,0041","increase, enlarge, strengthen","LSJ, Middle Liddell, Slater, Autenrieth"
,ὀφέλλω,14,0,"0,65","86882,89","0,0041",sweep,LSJ
,πυρόω,9,0,"0,64","86883,54","0,0027","burn with fire, burn up","LSJ, Middle Liddell, Slater"
,ἰά,79,0,"0,64","86884,18","0,0228","voice, cry","LSJ, Middle Liddell, Autenrieth"
5.190,ἰά,79,0,"0,64","86884,82","0,0228",arrow,LSJ
,βόειος,10,0,"0,62","86885,44","0,0012",of an ox,"LSJ, Middle Liddell, Autenrieth"
,βοή,16,0,"0,62","86886,07","0,0019","loud cry, shout","LSJ, Middle Liddell, Autenrieth"
,βόα,16,0,"0,62","86886,69","0,0019",fish,LSJ
,δυάς,15,0,"0,6","86887,29","0,0049","the number two,","LSJ, Middle Liddell"
,κύβας,15,0,"0,6","86887,89","0,0098",[unavailable],LSJ
,ἀπείρων,15,0,"0,6","86888,49","0,0044","without experience, ignorant,","LSJ, Middle Liddell"
,κύβη,15,0,"0,6","86889,09","0,0106",head,LSJ
,δύη,15,0,"0,6","86889,69","0,0049","misery, anguish,","LSJ, Middle Liddell, Autenrieth"
,ἀπείρων,15,0,"0,6","86890,29","0,0044","boundless, endless,","LSJ, Middle Liddell, Slater, Autenrieth"
5.200,κύβης,15,0,"0,6","86890,89","0,0098",at,LSJ
,δόκωσις,15,0,"0,6","86891,49","0,0072","furnishing with rafters, roofing,",LSJ
,Ἀφροδισιάς,15,0,"0,6","86892,09","0,0084","sacred to Aphrodite,",LSJ
,Ἀφροδισίας,15,0,"0,6","86892,69","0,0084",sacred to Aphrodite,Middle Liddell
,κύβος,15,0,"0,6","86893,29","0,0064",cube,"LSJ, Middle Liddell"
,κυβάζω,15,0,"0,6","86893,89","0,0101","set on the head, turn upside down",LSJ
,λιθάω,7,0,"0,58","86894,48","0,0013",[unavailable],"LSJ, Middle Liddell"
,λευκόω,16,0,"0,58","86895,06","0,0048",whiten over,"LSJ, Middle Liddell, Slater"
,ἁλίζω,7,0,"0,58","86895,64","0,002","gather together, assemble","LSJ, Middle Liddell"
,ἡλίκος,7,0,"0,58","86896,23","0,0018",as big as,"LSJ, Middle Liddell"
5.210,ἁλίζω,7,0,"0,58","86896,81","0,002",salt,"LSJ, Middle Liddell"
,μῦρος,7,0,"0,58","86897,39","0,0023",[unavailable],LSJ
,ἠχέω,7,0,"0,58","86897,98","0,0021","sound, ring, peal","LSJ, Middle Liddell"
,διπλασίων,7,0,"0,58","86898,56","0,0029",duplicate,LSJ
,λιπάω,7,0,"0,58","86899,14","0,002","to be sleek, radiant","LSJ, Middle Liddell"
,λίθος,7,0,"0,58","86899,73","0,001",stone,"LSJ, Middle Liddell, Slater, Autenrieth"
,λίπτομαι,7,0,"0,58","86900,31","0,0031",to be eager,"LSJ, Middle Liddell"
,λιθόω,7,0,"0,58","86900,89","0,0014",to be petrified,LSJ
,βασιλεία,16,0,"0,57","86901,46","0,0027","a kingdom, dominion",Middle Liddell
,βασίλειος,16,0,"0,57","86902,03","0,0025","royal,","LSJ, Middle Liddell"
5.220,βασίλεια,16,0,"0,57","86902,59","0,0027","queen, princess,","LSJ, Middle Liddell, Slater, Autenrieth"
,βασιλεία,16,0,"0,57","86903,16","0,0027","kingdom, dominion,",LSJ
,βασιλειάω,16,0,"0,57","86903,73","0,0027","aim at royalty,",LSJ
,ἐλεός,17,0,"0,56","86904,29","0,0055","kitchen table, dresser","LSJ, Middle Liddell"
,ἐλεός,17,0,"0,56","86904,85","0,0055","meat - board,
            dresser",Autenrieth
,χρέα,18,0,"0,54","86905,38","0,0051",[unavailable],LSJ
,ἀνιάω,17,0,"0,53","86905,92","0,0032","grieve, distress,","LSJ, Middle Liddell, Autenrieth"
,ταφή,8,0,"0,53","86906,45","0,0021",burial,"LSJ, Middle Liddell"
,ἀνιάζω,17,0,"0,53","86906,98","0,0036","grieve, distress,","LSJ, Middle Liddell, Autenrieth"
,παρηίς,17,0,"0,53","86907,52","0,0065",[unavailable],Middle Liddell
5.230,ἄναξις,8,0,"0,53","86908,05","0,0039","bringing up, raising up,",LSJ
,ἅλς,8,0,"0,53","86908,58","0,0023","salt,","LSJ, Middle Liddell, Autenrieth"
,ἅλς,8,0,"0,53","86909,12","0,0023",sea,"LSJ, Slater"
,ἄφυσσα,2,0,"0,5","86909,62","0,0018",[unavailable],LSJ
,ὑπερπλουτέω,2,0,"0,5","86910,12","0,0016","to be exceedingly rich,","LSJ, Middle Liddell"
,βραχυπόρος,2,0,"0,5","86910,62","0,0024",with a short orbit,LSJ
,πολιορκέω,2,0,"0,5","86911,12","0,0006","besiege,","LSJ, Middle Liddell"
,προαιρετέον,2,0,"0,5","86911,62","0,0019","one must choose, prefer,",LSJ
,ἅδην,8,0,"0,5","86912,12","0,0045","to one's fill,","LSJ, Middle Liddell"
,χάλασις,2,0,"0,5","86912,62","0,0018","slackening, loosening,","LSJ, Middle Liddell"
5.240,μηκή,2,0,"0,5","86913,12","0,0011",[unavailable],LSJ
,προσφυής,2,0,"0,5","86913,62","0,0014",firmly attached by growth,"LSJ, Middle Liddell, Autenrieth"
,ἀκραχολέω,2,0,"0,5","86914,12","0,0021",to be passionate,"LSJ, Middle Liddell"
,ναίω,2,0,"0,5","86914,62","0,0008","dwell, abide","LSJ, Middle Liddell, Slater, Autenrieth"
,ἄλοξ,2,0,"0,5","86915,12","0,0014",a furrow,"LSJ, Middle Liddell"
,ἀποδυτέος,2,0,"0,5","86915,62","0,0024",one must strip,Middle Liddell
,γάιος,2,0,"0,5","86916,12","0,0008",on land,"Middle Liddell, Slater"
,ἀνακέομαι,2,0,"0,5","86916,62","0,001","repair,",LSJ
,διαμαχητέος,2,0,"0,5","86917,12","0,0021",one must deny absolutely,Middle Liddell
,σπανίζω,2,0,"0,5","86917,62","0,0009","to be rare, scarce","LSJ, Middle Liddell, Slater"
5.250,ναίω,2,0,"0,5","86918,12","0,0008","to run over, to be full",Middle Liddell
,ἀντιβοάω,2,0,"0,5","86918,62","0,0017","return a cry,","LSJ, Middle Liddell"
,συνεθιστέον,2,0,"0,5","86919,12","0,0024",one must accustom oneself,LSJ
,συνοίκησις,2,0,"0,5","86919,62","0,0015",cohabitation,"LSJ, Middle Liddell"
,καταστατέον,2,0,"0,5","86920,12","0,0021",one must appoint,LSJ
,ὀφειλέω,2,0,"0,5","86920,62","0,0006",to be due,LSJ
,ἐμπορία,2,0,"0,5","86921,12","0,0007",commerce,"LSJ, Middle Liddell"
,τοιχόομαι,2,0,"0,5","86921,62","0,0012",possess the concept,LSJ
,κόπρος,2,0,"0,5","86922,12","0,0011","excrement, ordure","LSJ, Middle Liddell, Autenrieth"
,λειπτέον,2,0,"0,5","86922,62","0,0022","one must leave, abandon",LSJ
5.260,ἐπιπονέω,2,0,"0,5","86923,12","0,0013",toil on,"LSJ, Middle Liddell"
,ποδίς,2,0,"0,5","86923,62","0,0007",shoe.,LSJ
,εὐθυμέω,2,0,"0,5","86924,12","0,0012",to be of good cheer,"LSJ, Middle Liddell"
,γύμνασις,8,0,"0,5","86924,62","0,0035","exercise,",LSJ
,εὐωχητής,2,0,"0,5","86925,12","0,0027","a reveller, guest",LSJ
,ἄεισμα,2,0,"0,5","86925,62","0,0009",[unavailable],"LSJ, Middle Liddell"
,μηδαμοῦ,2,0,"0,5","86926,12","0,0009",nowhere,"LSJ, Middle Liddell"
,αἰτιατός,2,0,"0,5","86926,62","0,0011","produced by a cause, effected",LSJ
,διάλυσις,2,0,"0,5","86927,12","0,0006","separating, parting,","LSJ, Middle Liddell"
,μυρρινάω,2,0,"0,5","86927,62","0,0012",long for myrtle-wreaths,LSJ
5.270,ὡραιόομαι,2,0,"0,5","86928,12","0,0013","to be beautiful,",LSJ
,σιωπάω,2,0,"0,5","86928,62","0,0002",keep silence,"LSJ, Middle Liddell, Slater, Autenrieth"
,θηρευτός,2,0,"0,5","86929,12","0,0011",[unavailable],"LSJ, Middle Liddell"
,ἑλκτέος,2,0,"0,5","86929,62","0,0027",one must drag,Middle Liddell
,μεταβλητέος,2,0,"0,5","86930,12","0,0022",one must change,Middle Liddell
,ἀνυτής,2,0,"0,5","86930,62","0,0022","exactor,",LSJ
,εἰσωθέω,2,0,"0,5","86931,12","0,0006","thrust into,","LSJ, Middle Liddell"
,τρεπτέος,2,0,"0,5","86931,62","0,0021",one must turn,Middle Liddell
,ἐκτείνω,2,0,"0,5","86932,12","0,0004","stretch out,","LSJ, Middle Liddell"
,συνίζω,2,0,"0,5","86932,62","0,0008","sit together, hold a sitting","LSJ, Middle Liddell"
5.280,ὀψιμαθέω,2,0,"0,5","86933,12","0,0016",learn late,"LSJ, Middle Liddell"
,ἀπόσκοπος,2,0,"0,5","86933,62","0,0021","erring from the mark,",LSJ
,ἐξάγνυμι,2,0,"0,5","86934,12","0,0009","break and tear away, rend,","LSJ, Middle Liddell"
,κονιορτός,2,0,"0,5","86934,62","0,001",dust raised,"LSJ, Middle Liddell"
,τροχός,2,0,"0,5","86935,12","0,0007","running, tripping,","LSJ, Middle Liddell"
,κυνηγέσιον,2,0,"0,5","86935,62","0,001","hunting-establishment, pack of hounds","LSJ, Middle Liddell"
,αὐτόχειρος,2,0,"0,5","86936,12","0,0013",[unavailable],LSJ
,λήπτης,2,0,"0,5","86936,62","0,002",one who accepts,LSJ
,ὑπομνάομαι,2,0,"0,5","86937,12","0,0009","court clandestinely,","LSJ, Middle Liddell, Autenrieth"
,ποικιλτέον,2,0,"0,5","86937,62","0,0027","one must work in embroidery,",LSJ
5.290,πολλαπλασίωσις,2,0,"0,5","86938,12","0,0022","multiplication,","LSJ, Middle Liddell"
,δεῖπνον,2,0,"0,5","86938,62","0,0003",meal,"LSJ, Middle Liddell, Slater, Autenrieth"
,χαρά,2,0,"0,5","86939,12","0,0006","joy, delight,","LSJ, Middle Liddell"
,πρόσεξις,2,0,"0,5","86939,62","0,0017",application,"LSJ, Middle Liddell"
,διαδέχομαι,2,0,"0,5","86940,12","0,0008","receive one from another,","LSJ, Middle Liddell"
,διακωλυτέον,2,0,"0,5","86940,62","0,0027","one must prevent,",LSJ
,ψέκτης,2,0,"0,5","86941,12","0,0018","censurer, faultfinder,","LSJ, Middle Liddell"
,ἡσυχάζω,2,0,"0,5","86941,62","0,0005","keep quiet, be at rest","LSJ, Middle Liddell"
,θάρσος,2,0,"0,5","86942,12","0,0003",courage,"LSJ, Middle Liddell, Slater, Autenrieth"
,ἕρμα,2,0,"0,5","86942,62","0,0011",earrings,"Middle Liddell, Autenrieth"
5.300,συβώτης,2,0,"0,5","86943,12","0,0016",swineherd,"LSJ, Middle Liddell, Autenrieth"
,εἴκω,8,0,"0,5","86943,62","0,0015","to be like, seem likely",LSJ
,συμπλέω,2,0,"0,5","86944,12","0,0008",sail in company with,"LSJ, Middle Liddell"
,καμπύλη,2,0,"0,5","86944,62","0,0013",crooked staff,LSJ
,προλέγω,2,0,"0,5","86945,12","0,0007","to foretell, announce beforehand",Middle Liddell
,ἐκπλάσσω,2,0,"0,5","86945,62","0,0007","model exactly,","LSJ, Slater"
,ἀποδειλίασις,2,0,"0,5","86946,12","0,0018","cowardice,","LSJ, Middle Liddell"
,συντεταμένως,2,0,"0,5","86946,62","0,0018","earnestly, eagerly, vigorously","LSJ, Middle Liddell"
,ἑλίσσω,2,0,"0,5","86947,12","0,0008",Acut.(Sp.,"LSJ, Middle Liddell, Slater, Autenrieth"
,παντοπωλέω,2,0,"0,5","86947,62","0,0021","to be a general dealer, huckster",LSJ
5.310,ἀσεβέω,2,0,"0,5","86948,12","0,0006","to be impious, act profanely, commit sacrilege,","LSJ, Middle Liddell"
,ὑμνητής,2,0,"0,5","86948,62","0,0018",one who sings of,"LSJ, Middle Liddell"
,ἐπισπάω,2,0,"0,5","86949,12","0,0006",draw,"LSJ, Middle Liddell"
,ἀγαλματόω,2,0,"0,5","86949,62","0,0009","make into an image,",LSJ
,πονητέον,2,0,"0,5","86950,12","0,002","one must toil,",LSJ
,δαιμονιάω,2,0,"0,5","86950,62","0,0007","to be possessed of a God,",LSJ
,προλέγω,2,0,"0,5","86951,12","0,0008","pick out, choose, prefer,","LSJ, Middle Liddell, Slater, Autenrieth"
,ἄθεος,2,0,"0,5","86951,62","0,0008",without vision,LSJ
,σκηνέω,2,0,"0,5","86952,12","0,0005",to be,"LSJ, Middle Liddell"
,διευλαβητέος,2,0,"0,5","86952,62","0,0027",one must take heed to,Middle Liddell
5.320,θυτέος,2,0,"0,5","86953,12","0,0022",one must sacrifice,Middle Liddell
,ἱματίζω,2,0,"0,5","86953,62","0,0008",furnish with clothing,"LSJ, Middle Liddell"
,ὁμοιοπαθής,2,0,"0,5","86954,12","0,0016",having like feelings,"LSJ, Middle Liddell"
,ὄνησις,2,0,"0,5","86954,62","0,0008","use, profit, advantage,","LSJ, Middle Liddell, Autenrieth"
,σύζευξις,2,0,"0,5","86955,12","0,0019",a being yoked together,"LSJ, Middle Liddell"
,σύμπαντι,2,0,"0,5","86955,62","0,0014","in all, amounting to a total of,",LSJ
,καταβατέον,2,0,"0,5","86956,12","0,002",one must descend,LSJ
,ἐκφανής,2,0,"0,5","86956,62","0,001",showing itself,"LSJ, Middle Liddell"
,ἀποτμητέον,2,0,"0,5","86957,12","0,0027","one must cut off,",LSJ
,τετράγωνος,2,0,"0,5","86957,62","0,0008",with four angles,"LSJ, Middle Liddell"
5.330,κυρόω,2,0,"0,5","86958,12","0,0007","confirm, ratify","LSJ, Middle Liddell"
,ὑδατόω,2,0,"0,5","86958,62","0,0008","to be liquid, watery,","LSJ, Middle Liddell"
,πλήξ,2,0,"0,5","86959,12","0,0005",[unavailable],LSJ
,ἀηδέω,2,0,"0,5","86959,62","0,0008",feel disgust at,LSJ
,ζεύγνυμι,2,0,"0,5","86960,12","0,0006","yoke, put to","LSJ, Middle Liddell, Slater, Autenrieth"
,ἄλευρον,2,0,"0,5","86960,62","0,0012",wheat-meal,"LSJ, Middle Liddell"
,οἶσις,2,0,"0,5","86961,12","0,001","moving,",LSJ
,συμβούλευσις,2,0,"0,5","86961,62","0,0016",advice,LSJ
,ὄστρειον,2,0,"0,5","86962,12","0,0019",[unavailable],LSJ
,ἐκτήκω,2,0,"0,5","86962,62","0,0011",melt out,"LSJ, Middle Liddell"
5.340,ἀποδυτέον,2,0,"0,5","86963,12","0,0024","one must strip,",LSJ
,Βίας,8,0,"0,5","86963,62","0,0018",[unavailable],Autenrieth
,ὀψοποιός,2,0,"0,5","86964,12","0,0011","one who cooks food, a cook","LSJ, Middle Liddell"
,παραγωγεύς,2,0,"0,5","86964,62","0,0014","introducer,",LSJ
,τίζω,2,0,"0,5","86965,12","0,0009",to be always asking 'what?,LSJ
,ἐξαιρόομαι,2,0,"0,5","86965,62","0,0012","turn into darnel,",LSJ
,παρεξετάζω,2,0,"0,5","86966,12","0,0015",put,"LSJ, Middle Liddell"
,πεῖσις,8,0,"0,5","86966,62","0,0032","affection, susceptibility",LSJ
,ἀφαιρέτης,2,0,"0,5","86967,12","0,0021","one who deprives,",LSJ
,ὑποπτάω,2,0,"0,5","86967,62","0,0009","roast a little,",LSJ
5.350,λοιβάομαι,2,0,"0,5","86968,12","0,002",[unavailable],LSJ
,ὑφεκτέον,2,0,"0,5","86968,62","0,0024","one must support, submit to,",LSJ
,γαλέη,2,0,"0,5","86969,12","0,0007",weasel,"LSJ, Middle Liddell"
,ἐρυσιβάω,2,0,"0,5","86969,62","0,0018","suffer from rust,",LSJ
,μενετέον,2,0,"0,5","86970,12","0,0021",one must remain,LSJ
,εὐορκέω,2,0,"0,5","86970,62","0,0013","swear truly, take a true oath","LSJ, Middle Liddell"
,προπηλάκισις,2,0,"0,5","86971,12","0,0013","contumelious treatment,","LSJ, Middle Liddell"
,αἴ,8,0,"0,5","86971,62","0,0032",[unavailable],LSJ
,πρόσταξις,8,0,"0,5","86972,12","0,0049","posting of additional troops on the wings of a phalanx,","LSJ, Middle Liddell"
,ἀναβιβαστέος,2,0,"0,5","86972,62","0,0024",one must cause to mount,Middle Liddell
5.360,ξύλον,2,0,"0,5","86973,12","0,0004",Abh. Berl. Akad.,"LSJ, Middle Liddell, Slater, Autenrieth"
,ἀνάμνησις,2,0,"0,5","86973,62","0,001","calling to mind, reminiscence,","LSJ, Middle Liddell"
,ἀνελευθέριος,2,0,"0,5","86974,12","0,0018",inEN,LSJ
,μελητέος,2,0,"0,5","86974,62","0,0027",one must take thought for,Middle Liddell
,ἑδραιόω,2,0,"0,5","86975,12","0,0018",make stable,LSJ
,εἰλικρινέω,2,0,"0,5","86975,62","0,0012",purify,LSJ
,ἀνυποδητέω,2,0,"0,5","86976,12","0,0017","go barefoot,","LSJ, Middle Liddell"
,περιιτέος,2,0,"0,5","86976,62","0,0024",ibo,Middle Liddell
,συμπόσιος,2,0,"0,5","86977,12","0,0006",[unavailable],LSJ
,προστακτέος,2,0,"0,5","86977,62","0,0021",one must order,Middle Liddell
5.370,συναορέω,2,0,"0,5","86978,12","0,0027",accompany,"LSJ, Slater"
,τμητέος,2,0,"0,5","86978,62","0,0024",one must cut,Middle Liddell
,συνθέτης,2,0,"0,5","86979,12","0,0014","composer, writer",LSJ
,ἀπόρρησις,2,0,"0,5","86979,62","0,0016","forbidding, prohibition,","LSJ, Middle Liddell"
,κηδάζω,2,0,"0,5","86980,12","0,0018",[unavailable],LSJ
,ἀρράζω,2,0,"0,5","86980,62","0,001",[unavailable],LSJ
,τιτθός,2,0,"0,5","86981,12","0,0016",breast,"LSJ, Middle Liddell"
,αὐτουργός,2,0,"0,5","86981,62","0,001","self-working,","LSJ, Middle Liddell"
,πεπλασμένως,2,0,"0,5","86982,12","0,0021","artificially, by pretence","LSJ, Middle Liddell"
,περιγραπτέον,2,0,"0,5","86982,62","0,0022",one must trace around,LSJ
5.380,ὑπανάστασις,2,0,"0,5","86983,12","0,0024","rising up from one's seat,","LSJ, Middle Liddell"
,λάχος,8,0,"0,5","86983,62","0,0032",allotted portion,"LSJ, Middle Liddell, Slater"
,ὑπηρέτησις,2,0,"0,5","86984,12","0,0021","service,","LSJ, Middle Liddell"
,ὑπολογιστέον,2,0,"0,5","86984,62","0,0024","one must take into account,",LSJ
,ἐπιτρεπτέον,2,0,"0,5","86985,12","0,0016","one must commit, permit,",LSJ
,φάντασις,2,0,"0,5","86985,62","0,001","portents,",LSJ
,βρύον,2,0,"0,5","86986,12","0,0013","oyster-green, Ulva Lactuca","LSJ, Middle Liddell"
,μέθεξις,2,0,"0,5","86986,62","0,0013",participation,"LSJ, Middle Liddell"
,φρίκη,2,0,"0,5","86987,12","0,001","shuddering, shivering,","LSJ, Middle Liddell"
,μετάβολος,2,0,"0,5","86987,62","0,0012",changeable,LSJ
5.390,διανομεύς,2,0,"0,5","86988,12","0,0011","distributor,","LSJ, Middle Liddell"
,ἄλκιμος,2,0,"0,5","86988,62","0,0008","stout, brave","LSJ, Middle Liddell, Slater, Autenrieth"
,ἀίσθω,2,0,"0,5","86989,12","0,0005",to breathe out,"Middle Liddell, Autenrieth"
,διευλαβητέον,2,0,"0,5","86989,62","0,0027","one must take heed to,",LSJ
,ἐπιτρεπτέος,2,0,"0,5","86990,12","0,0016",one must permit,Middle Liddell
,ἰσχυριστέος,2,0,"0,5","86990,62","0,0024",one must maintain,Middle Liddell
,Στοιχεία,2,0,"0,5","86991,12","0,0011",[unavailable],LSJ
,λειπτέος,2,0,"0,5","86991,62","0,0022",one must leave,Middle Liddell
,ὀνομαστής,2,0,"0,5","86992,12","0,0013","autumator,",LSJ
,προαιρετέος,2,0,"0,5","86992,62","0,0019","one must choose, prefer",Middle Liddell
5.400,ἀποπτάω,2,0,"0,5","86993,12","0,0012","roast sufficiently,",LSJ
,παίανις,2,0,"0,5","86993,62","0,0017",[unavailable],LSJ
,ἄρδην,2,0,"0,5","86994,12","0,0009","lifted up on high,","LSJ, Middle Liddell"
,τετραπλασίων,2,0,"0,5","86994,62","0,0017",[unavailable],LSJ
,κλοπός,2,0,"0,5","86995,12","0,0017","thief,","LSJ, Middle Liddell"
,κώμη,2,0,"0,5","86995,62","0,0006",unwalled village,"LSJ, Middle Liddell"
,ἀφύσσω,2,0,"0,5","86996,12","0,001",draw,"LSJ, Middle Liddell, Autenrieth"
,ὑπέρπλουτος,2,0,"0,5","86996,62","0,0021",[unavailable],"LSJ, Middle Liddell"
,ἐπισκοπή,2,0,"0,5","86997,12","0,001","watching over, visitation","LSJ, Middle Liddell"
,ὑποθέω,2,0,"0,5","86997,62","0,0007","make a secret attack,","LSJ, Middle Liddell, Slater"
5.410,πλάστης,2,0,"0,5","86998,12","0,001","moulder, modeller","LSJ, Middle Liddell"
,ἐπίτευξις,2,0,"0,5","86998,62","0,0022","hitting the mark, attainment,",LSJ
,πολιορκητής,2,0,"0,5","86999,12","0,0018","taker of cities,","LSJ, Middle Liddell"
,προαιρέω,2,0,"0,5","86999,62","0,0005","bring forth, produce from one's stores,","LSJ, Middle Liddell"
,ἐφημερέω,2,0,"0,5","87000,12","0,0011",to be president for the day,LSJ
,μιγής,2,0,"0,5","87000,62","0,0016",[unavailable],LSJ
,ἀκράχολος,2,0,"0,5","87001,12","0,0018",quick to anger irascible,"LSJ, Middle Liddell"
,ψύχρα,2,0,"0,5","87001,62","0,0008","cold,",LSJ
,ἁλουργής,2,0,"0,5","87002,12","0,001",wrought in,"LSJ, Middle Liddell"
,γευστέος,2,0,"0,5","87002,62","0,0027",one must make to taste,Middle Liddell
5.420,ἀνακλάω,2,0,"0,5","87003,12","0,0008","bend back,","LSJ, Middle Liddell"
,ἀνδρείκελον,2,0,"0,5","87003,62","0,0017","image of a man,","LSJ, Middle Liddell"
,θεραπευτέος,2,0,"0,5","87004,12","0,0017",one must do service to,Middle Liddell
,ἰσχνόω,2,0,"0,5","87004,62","0,0014",make dry,LSJ
,συγχώννυμι,2,0,"0,5","87005,12","0,0005","heap with earth, cover with a mound, bank up","LSJ, Middle Liddell"
,ἀντιβοηθέω,2,0,"0,5","87005,62","0,0022","help in turn,","LSJ, Middle Liddell"
,συμμάχομαι,2,0,"0,5","87006,12","0,0011",fight along with,"LSJ, Middle Liddell"
,συνοικία,2,0,"0,5","87006,62","0,0011",living with her,"LSJ, Middle Liddell"
,ἀποπειράζω,2,0,"0,5","87007,12","0,001","make trial of, prove,",LSJ
,Δυναμένη,2,0,"0,5","87007,62","0,0009",[unavailable],Autenrieth
5.430,πακτόω,2,0,"0,5","87008,12","0,0014","fasten, close","LSJ, Middle Liddell"
,ἐμπόριον,2,0,"0,5","87008,62","0,001","trading-station, mart, factory","LSJ, Middle Liddell"
,παραδέω,2,0,"0,5","87009,12","0,001",fasten to,LSJ
,τοῖχος,2,0,"0,5","87009,62","0,0007",wall of a house,"LSJ, Middle Liddell, Slater, Autenrieth"
,ποδόω,2,0,"0,5","87010,12","0,0005",tighten,LSJ
,εὔθυμος,2,0,"0,5","87010,62","0,001","kind, generous","LSJ, Middle Liddell, Slater, Autenrieth"
,διαθέω,2,0,"0,5","87011,12","0,0007","run about, run to and fro,","LSJ, Middle Liddell"
,ἀκουστής,2,0,"0,5","87011,62","0,0013","hearer, listener",LSJ
,μυρσίνη,2,0,"0,5","87012,12","0,001","myrtle, Myrtus communis","LSJ, Middle Liddell"
,θαυματοποιέω,2,0,"0,5","87012,62","0,0013","do wonders, play jugglers' tricks","LSJ, Middle Liddell"
5.440,σιωπή,2,0,"0,5","87013,12","0,0003",silence,"LSJ, Middle Liddell, Autenrieth"
,σκοπή,8,0,"0,5","87013,62","0,0025","lookout-place, watchtower","LSJ, Middle Liddell"
,ἄναντος,2,0,"0,5","87014,12","0,0018",not winnowed,LSJ
,ἰατρεία,2,0,"0,5","87014,62","0,0014","healing, medical treatment","LSJ, Middle Liddell"
,καταβατέος,2,0,"0,5","87015,12","0,002",one must descend,Middle Liddell
,μετρητέος,2,0,"0,5","87015,62","0,0024",one must measure,Middle Liddell
,ἀνύω,2,0,"0,5","87016,12","0,0006","effect, accomplish,","LSJ, Middle Liddell, Slater, Autenrieth"
,Ἄλκιμος,2,0,"0,5","87016,62","0,0011",[unavailable],Autenrieth
,ὀψιμαθής,2,0,"0,5","87017,12","0,0015","late in learning, late to learn","LSJ, Middle Liddell"
,ἀπτώς,2,0,"0,5","87017,62","0,0017",not falling,"LSJ, Middle Liddell"
5.450,τμητέον,2,0,"0,5","87018,12","0,0024","one must cut,",LSJ
,κονιορτόω,2,0,"0,5","87018,62","0,0013",cover with dust,LSJ
,ἐξεταστέον,2,0,"0,5","87019,12","0,0018","one must scrutinize,",LSJ
,αὖλαξ,2,0,"0,5","87019,62","0,001",furrow,"LSJ, Middle Liddell, Slater"
,ἐπανίστημι,2,0,"0,5","87020,12","0,0007","set up again,","LSJ, Middle Liddell, Autenrieth"
,ἀφόμοιος,2,0,"0,5","87020,62","0,0019","unlike,",LSJ
,ἄωρος,2,0,"0,5","87021,12","0,0009","untimely, unseasonable,","LSJ, Middle Liddell, Autenrieth"
,ληπτός,2,0,"0,5","87021,62","0,0018",to be apprehended,"LSJ, Middle Liddell"
,ὑπονοέω,2,0,"0,5","87022,12","0,0007","suspect,","LSJ, Middle Liddell"
,λωβάζω,2,0,"0,5","87022,62","0,0011",[unavailable],LSJ
5.460,δεῖπνος,2,0,"0,5","87023,12","0,0004",[unavailable],LSJ
,δεσποτεία,2,0,"0,5","87023,62","0,0013",the power of a master,"LSJ, Middle Liddell"
,διάδηλος,2,0,"0,5","87024,12","0,0013","distinguishable among others,","LSJ, Middle Liddell"
,προφανής,2,0,"0,5","87024,62","0,0011",foreseen,"LSJ, Middle Liddell"
,ψεκτός,2,0,"0,5","87025,12","0,0016","blameworthy,","LSJ, Middle Liddell"
,διθυραμβέω,2,0,"0,5","87025,62","0,0013","sing a dithyramb,",LSJ
,ᾀστέος,2,0,"0,5","87026,12","0,0021",one must sing,Middle Liddell
,οἰκοδομητέος,2,0,"0,5","87026,62","0,0027",one must build,Middle Liddell
,εἴκω,8,0,"0,5","87027,12","0,0015","give way, retire","LSJ, Middle Liddell, Slater, Autenrieth"
,καμπύλος,2,0,"0,5","87027,62","0,0011","bent, curved","LSJ, Middle Liddell, Slater, Autenrieth"
5.470,συνακτέον,2,0,"0,5","87028,12","0,0018",one must bring together,LSJ
,κατάγνυμι,2,0,"0,5","87028,62","0,0006",Cat.Cod. Astr.,"LSJ, Middle Liddell"
,ἔκπληξις,2,0,"0,5","87029,12","0,0007","consternation,","LSJ, Middle Liddell"
,ἀποδειλιατέον,2,0,"0,5","87029,62","0,0022","one must flinch,",LSJ
,κέλλω,2,0,"0,5","87030,12","0,0004",drive on,"LSJ, Middle Liddell, Autenrieth"
,ταμιεία,2,0,"0,5","87030,62","0,0013","stewardship, management","LSJ, Middle Liddell"
,παντοπώλιον,2,0,"0,5","87031,12","0,0024","place where all sorts of things are for sale, general market, bazaar","LSJ, Middle Liddell"
,ἔνθυμος,2,0,"0,5","87031,62","0,0015","spirited,",LSJ
,ἀσεβής,2,0,"0,5","87032,12","0,0006","ungodly, unholy, profane, sacrilegious,","LSJ, Middle Liddell"
,ὑμνητός,2,0,"0,5","87032,62","0,0017","sung of, praised, lauded,","LSJ, Middle Liddell, Slater"
5.480,ἀχρεῖος,2,0,"0,5","87033,12","0,0008","useless, unprofitable,","LSJ, Middle Liddell, Slater, Autenrieth"
,ζῆσις,2,0,"0,5","87033,62","0,0016",vitalization,LSJ
,μῖλαξ,2,0,"0,5","87034,12","0,0017",[unavailable],"LSJ, Middle Liddell"
,ἀδικητέος,2,0,"0,5","87034,62","0,0024",one must do wrong,Middle Liddell
,διεξίημι,2,0,"0,5","87035,12","0,0008","let pass through,","LSJ, Middle Liddell"
,ἀποτμητέος,2,0,"0,5","87035,62","0,0027",one must cut off,Middle Liddell
,ἀνδρηλατέω,2,0,"0,5","87036,12","0,0018","banish from house and home,","LSJ, Middle Liddell"
,ἰσχύω,2,0,"0,5","87036,62","0,0005",to be strong,"LSJ, Middle Liddell, Slater"
,συζυγέω,2,0,"0,5","87037,12","0,0017","draw together in a yoke, to be yoke-fellows",LSJ
,ἀξίωσις,2,0,"0,5","87037,62","0,0008","thinking worthy,","LSJ, Middle Liddell"
5.490,σύμπλους,2,0,"0,5","87038,12","0,0013",sailing with,Middle Liddell
,τετράζω,2,0,"0,5","87038,62","0,0007",cackle like the,LSJ
,τιμιάζω,2,0,"0,5","87039,12","0,001","become dear, go up in price",LSJ
,ὑδροποτέω,2,0,"0,5","87039,62","0,0015","drink water,","LSJ, Middle Liddell"
,περιουσία,2,0,"0,5","87040,12","0,0007",sum,"LSJ, Middle Liddell"
,ὑποζυγέω,2,0,"0,5","87040,62","0,0009",to be a,LSJ
,λυγίζομαι,2,0,"0,5","87041,12","0,0017",to be hidden,LSJ
,προάγνυμι,2,0,"0,5","87041,62","0,0009",break before,"LSJ, Middle Liddell"
,προσαπτέον,2,0,"0,5","87042,12","0,0024",one must apply,LSJ
,διαίρω,2,0,"0,5","87042,62","0,0006","raise up, lift up,","LSJ, Middle Liddell"
5.500,ἄλευρον,2,0,"0,5","87043,12","0,0012",[unavailable],LSJ
,ἀποδειλιατέος,2,0,"0,5","87043,62","0,0022",one must flinch,Middle Liddell
,νικηφορέω,2,0,"0,5","87044,12","0,0014","carry off as a prize,","LSJ, Middle Liddell"
,σεμνόω,2,0,"0,5","87044,62","0,0007",make solemn,"LSJ, Middle Liddell"
,νουθέτησις,2,0,"0,5","87045,12","0,0017","admonition, warning,","LSJ, Middle Liddell"
,διαθεατέος,2,0,"0,5","87045,62","0,0024",[unavailable],Middle Liddell
,ἀνδραποδιστής,2,0,"0,5","87046,12","0,0014",slave-dealer,"LSJ, Middle Liddell"
,στρατοπέδευσις,2,0,"0,5","87046,62","0,002",encamping,"LSJ, Middle Liddell"
,ἀνισάζω,2,0,"0,5","87047,12","0,0013","equalize,",LSJ
,μυθολογητέος,2,0,"0,5","87047,62","0,0027",[unavailable],Middle Liddell
5.510,ἀνώτατος,2,0,"0,5","87048,12","0,001","topmost,","LSJ, Middle Liddell"
,ἔκτηξις,2,0,"0,5","87048,62","0,0027",melting away,LSJ
,κάτοιδα,2,0,"0,5","87049,12","0,001","know well, understand","LSJ, Middle Liddell"
,ἀποστερητής,2,0,"0,5","87049,62","0,0024","one who withholds,","LSJ, Middle Liddell"
,κήλησις,2,0,"0,5","87050,12","0,0016","bewitching, charming","LSJ, Middle Liddell"
,παραγωγή,2,0,"0,5","87050,62","0,0012",leading by,"LSJ, Middle Liddell"
,ἐπιβαίνω,2,0,"0,5","87051,12","0,0004",go upon,"LSJ, Middle Liddell, Slater, Autenrieth"
,λᾶας,2,0,"0,5","87051,62","0,0008",stone,"LSJ, Middle Liddell, Autenrieth"
,ὑποβολεύς,2,0,"0,5","87052,12","0,0014","suggester, reminder",LSJ
,πιστόν,8,0,"0,5","87052,62","0,0019",[unavailable],LSJ
5.520,λοιβή,2,0,"0,5","87053,12","0,0012",pouring.,"LSJ, Middle Liddell, Autenrieth"
,λωφάω,2,0,"0,5","87053,62","0,0012","rest, give over","LSJ, Middle Liddell, Autenrieth"
,ἐρυσίβη,2,0,"0,5","87054,12","0,0018","rust,","LSJ, Middle Liddell"
,μάρτυρος,2,0,"0,5","87054,62","0,0006",witness.,"LSJ, Middle Liddell, Autenrieth"
,ἀγραφής,2,0,"0,5","87055,12","0,0013",[unavailable],LSJ
,εὔορκος,2,0,"0,5","87055,62","0,0012","keeping one's oath, faithful to one's oath","LSJ, Middle Liddell"
,φρούριον,2,0,"0,5","87056,12","0,0008","fort, citadel,","LSJ, Middle Liddell"
,μετάληψις,2,0,"0,5","87056,62","0,0015",participation,"LSJ, Middle Liddell"
,δεκαπλασίων,2,0,"0,5","87057,12","0,0017",[unavailable],LSJ
,ἕψω,2,0,"0,5","87057,62","0,0007",Acut. (Sp.,"LSJ, Middle Liddell, Slater"
5.530,χορεία,2,0,"0,5","87058,12","0,001","dance,","LSJ, Middle Liddell"
,πυρετέω,2,0,"0,5","87058,62","0,001",[unavailable],LSJ
,θεόφιλος,2,0,"0,5","87059,12","0,0015",[unavailable],LSJ
,ἀναθέω,2,0,"0,5","87059,62","0,0008","run up,",LSJ
,ξυλόω,2,0,"0,5","87060,12","0,0006",turn into wood :,"LSJ, Middle Liddell"
,θῦμα,2,0,"0,5","87060,62","0,0009","victim, sacrifice","LSJ, Middle Liddell, Slater"
,σμῖλαξ,2,0,"0,5","87061,12","0,0014","holm-oak, Quercus Ilex","LSJ, Middle Liddell"
,ὁμοπαθέω,2,0,"0,5","87061,62","0,0018","to have the same experience as,",LSJ
,καθάπτω,2,0,"0,5","87062,12","0,0005",fasten,"LSJ, Middle Liddell"
,ἀνυπόδητος,2,0,"0,5","87062,62","0,0012","unshod, barefoot,","LSJ, Middle Liddell"
5.540,ὀσμάς,2,0,"0,5","87063,12","0,0015",[unavailable],LSJ
,καταπαλαίω,2,0,"0,5","87063,62","0,0015",throw in wrestling,"LSJ, Middle Liddell"
,κηδεμονεύς,2,0,"0,5","87064,12","0,0016",[unavailable],"LSJ, Middle Liddell"
,ἄρρατος,2,0,"0,5","87064,62","0,0024","firm, hard, solid","LSJ, Middle Liddell"
,ἀσθενόω,2,0,"0,5","87065,12","0,0008","weaken,","LSJ, Middle Liddell"
,ἀσφαλός,2,0,"0,5","87065,62","0,0005","bird,",LSJ
,ἐπανάστασις,2,0,"0,5","87066,12","0,0011",rising up,"LSJ, Middle Liddell"
,πέπνυμαι,2,0,"0,5","87066,62","0,0012","to be conscious, in full possession of one's faculties","LSJ, Middle Liddell"
,ὑπανίσταμαι,2,0,"0,5","87067,12","0,0013","rise, stand up,","LSJ, Middle Liddell"
,μακαριστής,2,0,"0,5","87067,62","0,002",[unavailable],LSJ
5.550,βρύω,2,0,"0,5","87068,12","0,001",to be full to bursting,"LSJ, Middle Liddell, Autenrieth"
,προδοσία,2,0,"0,5","87068,62","0,0007","abandonment in need, betrayal,","LSJ, Middle Liddell"
,ἅδος,8,0,"0,5","87069,12","0,0038","satiety, loathing","LSJ, Middle Liddell"
,μετρητέον,2,0,"0,5","87069,62","0,0024",one must measure,LSJ
,ζητητής,2,0,"0,5","87070,12","0,0015","seeker, inquirer","LSJ, Middle Liddell"
,διαγωγεύς,2,0,"0,5","87070,62","0,0012","conductor,",LSJ
,μοιχάω,2,0,"0,5","87071,12","0,0008",have dalliance with,"LSJ, Middle Liddell"
,χώρισις,2,0,"0,5","87071,62","0,002","separation,",LSJ
,διανομή,2,0,"0,5","87072,12","0,0009","distribution,","LSJ, Middle Liddell"
,ἔα,8,0,"0,5","87072,62","0,0029",ha! oho,"LSJ, Middle Liddell, Autenrieth"
5.560,στοιχεῖον,2,0,"0,5","87073,12","0,0008","the shadow of the gnomon, the length of which in feet indicated the time of day","LSJ, Middle Liddell"
,εἰκοστή,2,0,"0,5","87073,62","0,0013",[unavailable],"LSJ, Middle Liddell"
,ἐκβλητέον,2,0,"0,5","87074,12","0,0027","one must reject,",LSJ
,σύνεσις,2,0,"0,5","87074,62","0,0005","uniting, union","LSJ, Middle Liddell, Slater, Autenrieth"
,κερδώ,2,0,"0,5","87075,12","0,0008",the wily one,"LSJ, Middle Liddell, Slater"
,ἐνθαδί,2,0,"0,5","87075,62","0,0008",[unavailable],"LSJ, Middle Liddell"
,παρατεταγμένως,2,0,"0,5","87076,12","0,0024","as in battlearray, steadily","LSJ, Middle Liddell"
,παρουσία,2,0,"0,5","87076,62","0,0008",presence,"LSJ, Middle Liddell"
,ἐξοπίζω,2,0,"0,5","87077,12","0,0011","squeeze out the juice,",LSJ
,κωμόομαι,2,0,"0,5","87077,62","0,0012",fall into lethargic sleep,LSJ
5.570,ἐπιλησμονή,2,0,"0,5","87078,12","0,0018",forgetfulness,"LSJ, Middle Liddell"
,ἐπιτηδειόομαι,2,0,"0,5","87078,62","0,0009",to be made fit,LSJ
,λυκόω,2,0,"0,5","87079,12","0,0007",tear like a wolf,"LSJ, Middle Liddell"
,πλησίασις,2,0,"0,5","87079,62","0,0017",[unavailable],LSJ
,φεύζω,2,0,"0,5","87080,12","0,0008",cry,"LSJ, Middle Liddell"
,μεστόω,2,0,"0,5","87080,62","0,0009",fill full of,"LSJ, Middle Liddell"
,γωνία,2,0,"0,5","87081,12","0,0009","corner, angle,","LSJ, Middle Liddell"
,φυλακτήριον,2,0,"0,5","87081,62","0,0011","guarded post, fort, castle,","LSJ, Middle Liddell"
,δειλόομαι,2,0,"0,5","87082,12","0,0009","to be afraid,",LSJ
,ἐφήμερος,2,0,"0,5","87082,62","0,0009",living but a day,"LSJ, Middle Liddell"
5.580,ζήλωσις,2,0,"0,5","87083,12","0,0017","emulation, imitation","LSJ, Middle Liddell"
,ἠλίθιος,2,0,"0,5","87083,62","0,0009","idle, vain","LSJ, Middle Liddell"
,χωλάω,2,0,"0,5","87084,12","0,0011",[unavailable],LSJ
,ἁλουργός,2,0,"0,5","87084,62","0,0013",[unavailable],LSJ
,ῥῖψις,2,0,"0,5","87085,12","0,0013","throwing, hurling","LSJ, Middle Liddell"
,ἀναπεπταμένος,2,0,"0,5","87085,62","0,0009","explicitly,",LSJ
,ἀνδρείκελος,2,0,"0,5","87086,12","0,0017","like a man,","LSJ, Middle Liddell"
,ἰσχυριστέον,2,0,"0,5","87086,62","0,0024",one must maintain stoutly,LSJ
,πανοῦργος,2,0,"0,5","87087,12","0,0007","ready to do anything wicked, knavish, villanous",Middle Liddell
,πονητέος,2,0,"0,5","87087,62","0,002",one must toil,Middle Liddell
5.590,στατέος,2,0,"0,5","87088,12","0,0027",one must appoint,Middle Liddell
,ὑποληπτέος,2,0,"0,5","87088,62","0,0012","one must suppose, understand, think of",Middle Liddell
,συνοικιάζω,2,0,"0,5","87089,12","0,0011",enlarge a house,LSJ
,ἀποπειράομαι,2,0,"0,5","87089,62","0,0009",make trial,"LSJ, Middle Liddell"
,ἐμβάς,2,0,"0,5","87090,12","0,0009",felt-shoe,"LSJ, Middle Liddell"
,κηριάζω,2,0,"0,5","87090,62","0,0012",spawn,LSJ
,ἔνδοθεν,2,0,"0,5","87091,12","0,0006",from within,"LSJ, Middle Liddell, Slater, Autenrieth"
,κολλοπόω,2,0,"0,5","87091,62","0,0027",glue together,LSJ
,ἐπαύω,2,0,"0,5","87092,12","0,0004","shout over,","LSJ, Middle Liddell"
,περιακτέον,2,0,"0,5","87092,62","0,0027",one must turn round,LSJ
5.600,βαλανεύς,2,0,"0,5","87093,12","0,0016","bath-man,","LSJ, Middle Liddell"
,πλάγιος,2,0,"0,5","87093,62","0,0007","placed sideways, athwart","LSJ, Middle Liddell, Slater"
,ἐπιτάραξις,2,0,"0,5","87094,12","0,0022","bewilderment, confusion,","LSJ, Middle Liddell"
,ἐρεβίνθη,2,0,"0,5","87094,62","0,0019",[unavailable],LSJ
,μαλακόω,2,0,"0,5","87095,12","0,0006",[unavailable],LSJ
,ματαιόω,2,0,"0,5","87095,62","0,0009",bring to naught,LSJ
,γευστέον,2,0,"0,5","87096,12","0,0027",one must make to taste,LSJ
,μύρτη,2,0,"0,5","87096,62","0,0015",murta,LSJ
,διασκευωρέω,2,0,"0,5","87097,12","0,0024","revise, rehandle,",LSJ
,ὠρίζω,2,0,"0,5","87097,62","0,0008",[unavailable],LSJ
5.610,διδακτέον,2,0,"0,5","87098,12","0,0018","one must teach,",LSJ
,ἀνομολογητέος,2,0,"0,5","87098,62","0,0024",one must admit,Middle Liddell
,σεληνάζω,2,0,"0,5","87099,12","0,0007",to be moonstruck,LSJ
,σκοπιά,2,0,"0,5","87099,62","0,0011",lookout-place,"LSJ, Middle Liddell, Slater"
,ἰατρεῖον,2,0,"0,5","87100,12","0,0014",surgery,"LSJ, Middle Liddell"
,πανδοκεύς,2,0,"0,5","87100,62","0,0016","one who receives all comers, innkeeper","LSJ, Middle Liddell"
,κλείω,2,0,"0,5","87101,12","0,0004","shut, close, bar","LSJ, Middle Liddell, Autenrieth"
,κοινώνησις,2,0,"0,5","87101,62","0,0016",reciprocal recognition,LSJ
,κύαμος,2,0,"0,5","87102,12","0,001","bean, Vicia Faba","LSJ, Middle Liddell, Autenrieth"
,περιιτέον,2,0,"0,5","87102,62","0,0024",one must make a circuit,LSJ
5.620,ὑπάτη,2,0,"0,5","87103,12","0,0009",the highest of the three strings,"LSJ, Middle Liddell"
,ἄωρος,2,0,"0,5","87103,62","0,001",fore,"LSJ, Middle Liddell"
,πεσσός,2,0,"0,5","87104,12","0,0012",oval-shaped stone for playing draughts,"LSJ, Middle Liddell, Autenrieth"
,λογοποιός,2,0,"0,5","87104,62","0,0012",prose-writer,"LSJ, Middle Liddell"
,μαρμαρύσσω,2,0,"0,5","87105,12","0,0016","flash, sparkle",LSJ
,ἀγάπησις,2,0,"0,5","87105,62","0,0012","affection,",LSJ
,μεταιτέω,2,0,"0,5","87106,12","0,0014",demand one's share of,"LSJ, Middle Liddell"
,δαμάζω,2,0,"0,5","87106,62","0,0008",overpower,"LSJ, Middle Liddell, Slater, Autenrieth"
,προελαύνω,2,0,"0,5","87107,12","0,0013",ride on,"LSJ, Middle Liddell"
,δεῖσα,2,0,"0,5","87107,62","0,0006","slime, filth,",LSJ
5.630,δεσπότειος,2,0,"0,5","87108,12","0,0015",[unavailable],LSJ
,αἰσχύνη,2,0,"0,5","87108,62","0,0004","shame, dishonour","LSJ, Middle Liddell"
,διαδηλόω,2,0,"0,5","87109,12","0,0016","make manifest, indicate clearly, PRev. Laws","LSJ, Middle Liddell"
,μυκόομαι,2,0,"0,5","87109,62","0,0015",become fungous,LSJ
,διθύραμβος,2,0,"0,5","87110,12","0,0011","dithyramb,","LSJ, Middle Liddell, Slater"
,θεοσεβέω,2,0,"0,5","87110,62","0,0012",serve God,LSJ
,θρύπτω,8,0,"0,5","87111,12","0,0016","break in pieces, break small","LSJ, Middle Liddell"
,ἐθιστέος,2,0,"0,5","87111,62","0,0017",one must accustom,Middle Liddell
,δρομεύς,2,0,"0,5","87112,12","0,0012","runner,","LSJ, Middle Liddell"
,ὁμολογουμένως,2,0,"0,5","87112,62","0,0009","conformably with,","LSJ, Middle Liddell"
5.640,συγγένειος,2,0,"0,5","87113,12","0,0012","akin, kindred",LSJ
,κάδος,2,0,"0,5","87113,62","0,0014",jar,"LSJ, Middle Liddell"
,ὀργάζω,8,0,"0,5","87114,12","0,0011","soften, knead, temper,","LSJ, Middle Liddell"
,προλύπησις,2,0,"0,5","87114,62","0,0027",previous distress,Middle Liddell
,κατάγω,2,0,"0,5","87115,12","0,0004",lead down,"LSJ, Middle Liddell, Slater, Autenrieth"
,συνήορος,2,0,"0,5","87115,62","0,0016","linked with, wedded to","LSJ, Middle Liddell, Autenrieth"
,ὀχέω,2,0,"0,5","87116,12","0,0007",hold fast,"LSJ, Middle Liddell, Slater, Autenrieth"
,κέλομαι,2,0,"0,5","87116,62","0,0008","urge, exhort, command.","LSJ, Middle Liddell, Slater, Autenrieth"
,κομμώτρια,2,0,"0,5","87117,12","0,0022","dresser, tirewoman","LSJ, Middle Liddell"
,ἀσέλγεια,2,0,"0,5","87117,62","0,0009","licentiousness, wanton violence,","LSJ, Middle Liddell"
5.650,παρωθέω,2,0,"0,5","87118,12","0,001",push sideways,"LSJ, Middle Liddell"
,πεντήκοντα,2,0,"0,5","87118,62","0,0004",fifty,"LSJ, Middle Liddell, Slater, Autenrieth"
,ἐπιδρομέω,2,0,"0,5","87119,12","0,0011",[unavailable],LSJ
,ἀχρειόω,2,0,"0,5","87119,62","0,0012","render useless, disable, damage,",LSJ
,λύρον,2,0,"0,5","87120,12","0,0013",[unavailable],LSJ
,ἐπωνυμία,2,0,"0,5","87120,62","0,0007",derived,"LSJ, Middle Liddell"
,πολίχνη,2,0,"0,5","87121,12","0,0011","fort, small town,","LSJ, Middle Liddell"
,ἑστιόομαι,2,0,"0,5","87121,62","0,001",is founded,"LSJ, Middle Liddell"
,μεταβλητέον,2,0,"0,5","87122,12","0,0022",one must transfer,LSJ
,εὔσχημος,2,0,"0,5","87122,62","0,0011",with decency,"LSJ, Middle Liddell"
5.660,προμήθεια,2,0,"0,5","87123,12","0,001","foresight, forethought,","LSJ, Middle Liddell"
,ἡρωίς,2,0,"0,5","87123,62","0,0011","Epic,","LSJ, Middle Liddell, Slater"
,διατελής,2,0,"0,5","87124,12","0,001","continuous, incessant,","LSJ, Middle Liddell"
,θανατήφορος,2,0,"0,5","87124,62","0,0013",death-bringing,LSJ
,νευρορράφος,2,0,"0,5","87125,12","0,0021","one who stitches with sinews, mender of shoes, cobbler,","LSJ, Middle Liddell"
,ἐπιμελητέος,2,0,"0,5","87125,62","0,0014","one must take care, pay attention",Middle Liddell
,ἀνδρηλάτης,2,0,"0,5","87126,12","0,0024","he that drives one from his home,","LSJ, Middle Liddell"
,ὅρμος,2,0,"0,5","87126,62","0,0007","cord, chain,","LSJ, Middle Liddell, Slater, Autenrieth"
,συνακτέος,2,0,"0,5","87127,12","0,0018",one must bring together,Middle Liddell
,σφάλμα,2,0,"0,5","87127,62","0,0011","trip, stumble, false step,",LSJ
5.670,ζωγρέω,2,0,"0,5","87128,12","0,001","revive,
            reanimate;",Autenrieth
,παραθέω,2,0,"0,5","87128,62","0,0007",run beside,"LSJ, Middle Liddell"
,ἔξοδος,2,0,"0,5","87129,12","0,0006","going out,","LSJ, Middle Liddell"
,παχύς,2,0,"0,5","87129,62","0,0007","thick, stout","LSJ, Middle Liddell, Autenrieth"
,ὑδροπότης,2,0,"0,5","87130,12","0,0017","water-drinker,","LSJ, Middle Liddell"
,ἀφύη,2,0,"0,5","87130,62","0,0011",small fry,"LSJ, Middle Liddell"
,περιουσιάζω,2,0,"0,5","87131,12","0,0007",have more than enough,LSJ
,πήσσω,2,0,"0,5","87131,62","0,0005",[unavailable],LSJ
,ὑποζύγιον,2,0,"0,5","87132,12","0,0008","beast for the yoke, beast of draught","LSJ, Middle Liddell"
,λυγίζω,2,0,"0,5","87132,62","0,0015",bend,"LSJ, Middle Liddell"
5.680,βράχεα,2,0,"0,5","87133,12","0,0006",shallows,"LSJ, Middle Liddell"
,μελανός,2,0,"0,5","87133,62","0,0007","black pigment,",LSJ
,εὑραί,2,0,"0,5","87134,12","0,0005",[unavailable],LSJ
,ἀήδονος,2,0,"0,5","87134,62","0,001",[unavailable],LSJ
,χείριστος,2,0,"0,5","87135,12","0,001",[unavailable],LSJ
,προσφορά,2,0,"0,5","87135,62","0,001","bringing to, applying","LSJ, Middle Liddell"
,διαστάζω,2,0,"0,5","87136,12","0,0008","leak,",LSJ
,βραχύπορος,2,0,"0,5","87136,62","0,0024",with a short passage,Middle Liddell
,σκευαστής,2,0,"0,5","87137,12","0,0022",preparer,LSJ
,διαιρετέος,2,0,"0,5","87137,62","0,0016",to be divided,Middle Liddell
5.690,θυριδεύς,2,0,"0,5","87138,12","0,0017","window-frame,",LSJ
,ἐξεταστέος,2,0,"0,5","87138,62","0,0018",one must scrutinise,Middle Liddell
,θανατηφόρος,2,0,"0,5","87139,12","0,0013","death-bringing, mortal",Middle Liddell
,ἱστάω,2,0,"0,5","87139,62","0,0004",[unavailable],"LSJ, Middle Liddell"
,ἐλύω,2,0,"0,5","87140,12","0,0006",roll round,"LSJ, Middle Liddell, Autenrieth"
,Φέρουσα,2,0,"0,5","87140,62","0,0008",[unavailable],Autenrieth
,πάνουργος,2,0,"0,5","87141,12","0,0007","ready to do anything, wicked, knavish",LSJ
,κλῄζω,2,0,"0,5","87141,62","0,0006","make famous, celebrate in song,","LSJ, Middle Liddell"
,τραγῳδός,2,0,"0,5","87142,12","0,0008","member of the tragic chorus,","LSJ, Middle Liddell"
,ἀφανέω,2,0,"0,5","87142,62","0,0005","fail to put in an appearance,",LSJ
5.700,ἐπίβασις,2,0,"0,5","87143,12","0,0013",stepping upon,"LSJ, Middle Liddell"
,λειμωνίς,2,0,"0,5","87143,62","0,0011",[unavailable],LSJ
,ὑποβολή,2,0,"0,5","87144,12","0,0013",a throwing,"LSJ, Middle Liddell"
,λωφέω,2,0,"0,5","87144,62","0,0012",[unavailable],LSJ
,ἄγραφος,2,0,"0,5","87145,12","0,0011",unwritten,"LSJ, Middle Liddell"
,φρουρός,2,0,"0,5","87145,62","0,0008","watcher, guard,","LSJ, Middle Liddell"
,ζωγρέω,2,0,"0,5","87146,12","0,001","take, save alive, take captive","LSJ, Middle Liddell, Autenrieth"
,χορεῖος,2,0,"0,5","87146,62","0,001",of,LSJ
,πυρετός,2,0,"0,5","87147,12","0,0008","burning heat, fiery heat","LSJ, Middle Liddell, Autenrieth"
,θηρευτής,2,0,"0,5","87147,62","0,0012",hunter,"LSJ, Middle Liddell, Autenrieth"
5.710,ἐκβλητέος,2,0,"0,5","87148,12","0,0027",one must cast out,Middle Liddell
,μενετέος,2,0,"0,5","87148,62","0,0021",one must remain,Middle Liddell
,ὁμοπαθής,2,0,"0,5","87149,12","0,0019",of the same feelings,"LSJ, Middle Liddell"
,ἀνταγωνιστέω,2,0,"0,5","87149,62","0,0009","oppose, be a rival,","LSJ, Middle Liddell"
,ὀργάς,8,0,"0,5","87150,12","0,0034","any well-watered, fertile spot of land, meadow-land,","LSJ, Middle Liddell"
,ὀσμή,2,0,"0,5","87150,62","0,0007","smell, odour,","LSJ, Middle Liddell"
,συναπτός,2,0,"0,5","87151,12","0,0012","joined together, linked together",LSJ
,συνθήκη,2,0,"0,5","87151,62","0,0006",compounding,"LSJ, Middle Liddell"
,καταπάλλομαι,2,0,"0,5","87152,12","0,0019",dart down,"LSJ, Middle Liddell"
,ἔλαχος,2,0,"0,5","87152,62","0,0008",[unavailable],LSJ
5.720,συριγγόω,2,0,"0,5","87153,12","0,0013","make into a pipe, carry along like a pipe",LSJ
,χάζομαι,8,0,"0,5","87153,62","0,0027","give way, fall back, retire","Slater, Autenrieth"
,τρίγων,2,0,"0,5","87154,12","0,0012",a game at ball,LSJ
,λῆξις,2,0,"0,5","87154,62","0,001",determination,"LSJ, Middle Liddell"
,πλεοναχῇ,2,0,"0,5","87155,12","0,0027","from many points of view,",LSJ
,μακαριστός,2,0,"0,5","87155,62","0,0012",deemed,"LSJ, Middle Liddell"
,πρόδοσις,2,0,"0,5","87156,12","0,0008","payment beforehand, money advanced,","LSJ, Middle Liddell"
,ἅδος,8,0,"0,5","87156,62","0,0038",decree,LSJ
,δεῖξις,2,0,"0,5","87157,12","0,0007","mode of proof,",LSJ
,χαμαί,8,0,"0,5","87157,62","0,0029","on the ground,","LSJ, Middle Liddell, Slater, Autenrieth"
5.730,μηνάς,8,0,"0,5","87158,12","0,0022",the moon,"LSJ, Middle Liddell"
,μοιχεία,2,0,"0,5","87158,62","0,0008",adultery,"LSJ, Middle Liddell"
,διαξέω,2,0,"0,5","87159,12","0,0011","smooth, polish off,",LSJ
,ἀλλαγή,2,0,"0,5","87159,62","0,0013",change,"LSJ, Middle Liddell"
,ὤμοι,8,0,"0,5","87160,12","0,0039",[unavailable],"LSJ, Middle Liddell"
,ἀμαθεί,2,0,"0,5","87160,62","0,0017",[unavailable],LSJ
,ἔα,8,0,"0,5","87161,12","0,0029",[unavailable],"LSJ, Autenrieth"
,ὁμολόγησις,2,0,"0,5","87161,62","0,0011","confession,",LSJ
,ἀνομολογητέον,2,0,"0,5","87162,12","0,0024","one must admit,",LSJ
,ὄνος,2,0,"0,5","87162,62","0,0006","ass,","LSJ, Middle Liddell, Slater, Autenrieth"
5.740,εἰκοστός,2,0,"0,5","87163,12","0,001",twentieth,"LSJ, Middle Liddell, Autenrieth"
,συλάω,2,0,"0,5","87163,62","0,0007",strip off,"LSJ, Middle Liddell, Slater, Autenrieth"
,παυστέος,2,0,"0,5","87164,12","0,0018",one must stop,Middle Liddell
,ἐκβοάω,2,0,"0,5","87164,62","0,0012","call out, cry aloud,","LSJ, Middle Liddell"
,ἐλευθέρωσις,2,0,"0,5","87165,12","0,0013",liberation,"LSJ, Middle Liddell"
,τεκτονέω,2,0,"0,5","87165,62","0,0012",[unavailable],LSJ
,παντοιάς,2,0,"0,5","87166,12","0,0008",manifold universe,LSJ
,ἐντιμάω,2,0,"0,5","87166,62","0,0011",value in,"LSJ, Middle Liddell"
,παρουσιάζω,2,0,"0,5","87167,12","0,0008",to be present,LSJ
,ἐξόπισθεν,2,0,"0,5","87167,62","0,0011","backwards,","LSJ, Middle Liddell"
5.750,κῶμος,2,0,"0,5","87168,12","0,0007","revel, carousal, merry-making","LSJ, Middle Liddell, Slater"
,ἐπιλήσμων,2,0,"0,5","87168,62","0,0013","apt to forget, forgetful","LSJ, Middle Liddell"
,πλαστός,2,0,"0,5","87169,12","0,0009","formed, moulded","LSJ, Middle Liddell"
,γωνιάζω,2,0,"0,5","87169,62","0,0009","place at an angle,",LSJ
,ἀδικητέον,2,0,"0,5","87170,12","0,0024",one ought to do wrong,LSJ
,φυλακτήριος,2,0,"0,5","87170,62","0,0011","serving as a protection,",LSJ
,προκριτής,2,0,"0,5","87171,12","0,0019","one who selects,",LSJ
,ἑφθός,2,0,"0,5","87171,62","0,0012",boiled,"LSJ, Middle Liddell"
,ἀναβιβαστέον,2,0,"0,5","87172,12","0,0024","one must cause to mount,",LSJ
,διασκευωρέομαι,2,0,"0,5","87172,62","0,0027",to set all in order,Middle Liddell
5.760,ἀναπετάννυμι,2,0,"0,5","87173,12","0,0007","spread out, unfold,","LSJ, Middle Liddell, Autenrieth"
,δωμάω,2,0,"0,5","87173,62","0,0007",build,"LSJ, Middle Liddell"
,νευρορραφέω,2,0,"0,5","87174,12","0,0021",to stitch,Middle Liddell
,ὑπολογιστέος,2,0,"0,5","87174,62","0,0024",one must take into account,Middle Liddell
,Ἴσχυς,2,0,"0,5","87175,12","0,0009",[unavailable],Slater
,ἐμπρήθω,2,0,"0,5","87175,62","0,0008","blow up, inflate","LSJ, Middle Liddell, Autenrieth"
,κηρίζω,2,0,"0,5","87176,12","0,0015",have a waxy appearance,LSJ
,τετραγωνέω,2,0,"0,5","87176,62","0,0011",to be in quartile aspect with,LSJ
,κόλλοψ,2,0,"0,5","87177,12","0,0017",peg,"LSJ, Middle Liddell, Autenrieth"
,παυστέον,2,0,"0,5","87177,62","0,0018","one must stop, put an end to",LSJ
5.770,τριχάς,2,0,"0,5","87178,12","0,0007","the song-thrush, Turdus musicus,",LSJ
,αὐξητής,2,0,"0,5","87178,62","0,0022","increaser,",LSJ
,ἀφελής,2,0,"0,5","87179,12","0,0006","without a stone, even, smooth,","LSJ, Middle Liddell"
,περιαλγέω,2,0,"0,5","87179,62","0,0013",to be greatly pained at,"LSJ, Middle Liddell"
,περίοιδα,2,0,"0,5","87180,12","0,0005",know well,"LSJ, Middle Liddell, Autenrieth"
,βάλανος,2,0,"0,5","87180,62","0,0011","acorn,","LSJ, Middle Liddell, Autenrieth"
,πηλός,2,0,"0,5","87181,12","0,0007","clay, earth","LSJ, Middle Liddell"
,ἐπισιτίζομαι,2,0,"0,5","87181,62","0,0011",furnish oneself with food,"LSJ, Middle Liddell"
,πλαγιόω,2,0,"0,5","87182,12","0,0009",[unavailable],"LSJ, Middle Liddell"
,ἐπιταράσσω,2,0,"0,5","87182,62","0,0012",trouble,"LSJ, Middle Liddell"
5.780,βλάψις,2,0,"0,5","87183,12","0,0013","harming, damage","LSJ, Middle Liddell"
,ἐρέβινθος,2,0,"0,5","87183,62","0,0013","chick-pea, Cicer arietinum,","LSJ, Middle Liddell, Autenrieth"
,γειτονέω,2,0,"0,5","87184,12","0,0009",[unavailable],"LSJ, Middle Liddell"
,φυκία,2,0,"0,5","87184,62","0,0015",[unavailable],LSJ
,προθυμιάομαι,2,0,"0,5","87185,12","0,0009","fumigate before,",LSJ
,δένδρεον,2,0,"0,5","87185,62","0,0012",tree,"LSJ, Middle Liddell, Slater, Autenrieth"
,αἴθω,2,0,"0,5","87186,12","0,0009","light up, kindle","LSJ, Middle Liddell, Slater"
,διαμαχετέον,2,0,"0,5","87186,62","0,0022","one must strive earnestly,",LSJ
,μύρτον,2,0,"0,5","87187,12","0,0013",myrtle-berry,"LSJ, Middle Liddell"
,θαυματοποιός,2,0,"0,5","87187,62","0,0012",wonder-working,"LSJ, Middle Liddell"
5.790,σελήνη,2,0,"0,5","87188,12","0,0005",the moon,"LSJ, Middle Liddell, Autenrieth"
,δόξασις,2,0,"0,5","87188,62","0,0014","formation of opinion,",LSJ
,σκοπιάζω,2,0,"0,5","87189,12","0,0011",spy from a high place,"LSJ, Middle Liddell, Autenrieth"
,ἁνδάνω,8,0,"0,5","87189,62","0,0033","please, delight, gratify,","LSJ, Middle Liddell, Slater, Autenrieth"
,ἤια,8,0,"0,5","87190,12","0,0056",provisions for a journey,"Middle Liddell, Autenrieth"
,στατέον,2,0,"0,5","87190,62","0,0027",one must appoint,LSJ
,καταστατέος,2,0,"0,5","87191,12","0,0021",one must appoint,Middle Liddell
,σύμβολον,2,0,"0,5","87191,62","0,0005",tally,"LSJ, Middle Liddell, Slater"
,ὄστρακον,2,0,"0,5","87192,12","0,001",earthen vessel,"LSJ, Middle Liddell"
,ἕλξις,2,0,"0,5","87192,62","0,0013","dragging, trailing","LSJ, Middle Liddell"
5.800,Πρωτώ,8,0,"0,5","87193,12","0,0015",[unavailable],Autenrieth
,ἀπώτερος,2,0,"0,5","87193,62","0,0011","farther off,",LSJ
,πανδοκέω,2,0,"0,5","87194,12","0,0016","take upon oneself, assume","LSJ, Middle Liddell"
,ἐννόησις,2,0,"0,5","87194,62","0,0018","consideration,",LSJ
,ἀρτάω,2,0,"0,5","87195,12","0,0006",fasten to,"LSJ, Middle Liddell"
,ἐξαείρω,2,0,"0,5","87195,62","0,0018","to lift up, lift off the earth","LSJ, Middle Liddell, Slater"
,κράτησις,2,0,"0,5","87196,12","0,001","might, power, dominion",LSJ
,ἐπάγνυμι,2,0,"0,5","87196,62","0,0005","break,","LSJ, Middle Liddell"
,κυαμών,2,0,"0,5","87197,12","0,0014",field of,LSJ
,τρύφος,8,0,"0,5","87197,62","0,0024","that which is broken off, morsel, lump,","LSJ, Middle Liddell, Autenrieth"
5.810,ὕπατος,2,0,"0,5","87198,12","0,0006","highest, uppermost,","LSJ, Middle Liddell, Slater, Autenrieth"
,ἐπιστητός,8,0,"0,5","87198,62","0,0057","that can be scientifically known, matter of science",LSJ
,λώβη,2,0,"0,5","87199,12","0,0012","outrage, dishonour","LSJ, Middle Liddell, Autenrieth"
,γαῖα,2,0,"0,5","87199,62","0,0006","land, country","LSJ, Middle Liddell, Autenrieth"
,μέμψις,2,0,"0,5","87200,12","0,0008","blame, censure","LSJ, Middle Liddell"
,μεταίτιος,2,0,"0,5","87200,62","0,0017","being the joint cause of, accessory to","LSJ, Middle Liddell"
,δαμάω,2,0,"0,5","87201,12","0,001",[unavailable],LSJ
,χολάω,2,0,"0,5","87201,62","0,0007","to be full of black bile, to be melancholy mad,","LSJ, Middle Liddell"
,θεοσεβής,2,0,"0,5","87202,12","0,0012","fearing God, religious","LSJ, Middle Liddell"
,δρομή,2,0,"0,5","87202,62","0,0012",[unavailable],LSJ
5.820,ἑβδομάζω,2,0,"0,5","87203,12","0,0008",keep the Sabbath,LSJ
,περιακτέος,2,0,"0,5","87203,62","0,0027",one must bring round,Middle Liddell
,καπήλη,2,0,"0,5","87204,12","0,0016","steersman's seat, hold",LSJ
,κάτειμι,2,0,"0,5","87204,62","0,0005","ibo):—go, come down","LSJ, Middle Liddell, Autenrieth"
,ὄχησις,2,0,"0,5","87205,12","0,0019",a being carried,"LSJ, Middle Liddell"
,κομμώτριον,2,0,"0,5","87205,62","0,0024",tiring-instrument,LSJ
,ἀσελγέω,2,0,"0,5","87206,12","0,0011",[unavailable],LSJ
,κυματόω,2,0,"0,5","87206,62","0,001",cover with waves,"LSJ, Middle Liddell"
,πεντηκοντάς,2,0,"0,5","87207,12","0,0004",body of fifty,LSJ
,κωμῳδός,2,0,"0,5","87207,62","0,0011",singer in the,"LSJ, Middle Liddell"
5.830,ἐπιδρομή,2,0,"0,5","87208,12","0,001","running over, inroad","LSJ, Middle Liddell"
,περιφράζομαι,2,0,"0,5","87208,62","0,0012",think,"LSJ, Middle Liddell, Autenrieth"
,ἐπιμελητέον,2,0,"0,5","87209,12","0,0014","one must take care of, pay attention",LSJ
,λύσιος,2,0,"0,5","87209,62","0,002","releasing, delivering","LSJ, Middle Liddell"
,ἐπωνύμιος,2,0,"0,5","87210,12","0,0007",called after,"LSJ, Middle Liddell, Slater"
,πολίχνιον,2,0,"0,5","87210,62","0,0013",[unavailable],LSJ
,ἀδολεσχέω,2,0,"0,5","87211,12","0,0012","talk idly, prate","LSJ, Middle Liddell"
,προμήθειος,2,0,"0,5","87211,62","0,0011","Promethean,",LSJ
,προσδοκέω,2,0,"0,5","87212,12","0,0006",to be thought besides,"LSJ, Middle Liddell"
,ἡγεμονέω,2,0,"0,5","87212,62","0,0007",have authority,LSJ
5.840,μυθολογητέον,2,0,"0,5","87213,12","0,0027",one must tell as a legend,LSJ
,διατήκω,2,0,"0,5","87213,62","0,0012","melt, soften by heat,","LSJ, Middle Liddell"
,ἀλωπέκειος,2,0,"0,5","87214,12","0,0011","of a fox,","LSJ, Middle Liddell"
,νευστέον,2,0,"0,5","87214,62","0,0027","one must swim,",LSJ
,Ἄργος,8,0,"0,5","87215,12","0,0024",Argus,"Middle Liddell, Slater, Autenrieth"
,ἀναριθμέομαι,2,0,"0,5","87215,62","0,0012","reckon up, enumerate,","LSJ, Middle Liddell"
,λαχή,8,0,"0,5","87216,12","0,0033",allotment,Middle Liddell
,ἐγκώμιος,2,0,"0,5","87216,62","0,0007",in the village,"LSJ, Middle Liddell, Slater"
,νικηφόρος,2,0,"0,5","87217,12","0,0011",bringing victory,Middle Liddell
,ἀοιδάω,2,0,"0,5","87217,62","0,0008",[unavailable],LSJ
5.850,συναγωγεύς,2,0,"0,5","87218,12","0,0012","one who brings together, assembler","LSJ, Middle Liddell"
,συνεθιστέος,2,0,"0,5","87218,62","0,0024",one must accustom oneself,Middle Liddell
,ἔκφευξις,2,0,"0,5","87219,12","0,002",escape,LSJ
,σφαλμάω,2,0,"0,5","87219,62","0,0012",[unavailable],LSJ
,ᾖα,8,0,"0,5","87220,12","0,0056",[unavailable],Autenrieth
,ἔξοδος,2,0,"0,5","87220,62","0,0006","promoting the passage,","LSJ, Middle Liddell"
,τρεπτέον,2,0,"0,5","87221,12","0,0021","one must turn,",LSJ
,ἀφυής,2,0,"0,5","87221,62","0,001","without natural talent, not clever, dull,","LSJ, Middle Liddell"
,βάλλις,2,0,"0,5","87222,12","0,0009",plant,LSJ
,πῆχυς,2,0,"0,5","87222,62","0,0006",forearm,"LSJ, Middle Liddell, Autenrieth"
5.860,φαλάκρα,2,0,"0,5","87223,12","0,0021","bald bare hill,",LSJ
,προάγω,2,0,"0,5","87223,62","0,0004",lead forward,"LSJ, Middle Liddell"
,ἀηδών,2,0,"0,5","87224,12","0,0008",songstress,"LSJ, Middle Liddell, Autenrieth"
,πρόσφορος,2,0,"0,5","87224,62","0,0007","serviceable, useful","LSJ, Middle Liddell, Slater"
,ἀνάκειμαι,2,0,"0,5","87225,12","0,0007",to be laid up,"LSJ, Middle Liddell, Slater"
,διακωλυτέος,2,0,"0,5","87225,62","0,0027",one must hinder,Middle Liddell
,θυρίς,2,0,"0,5","87226,12","0,001",window,"LSJ, Middle Liddell"
,οἰκοδομητέον,2,0,"0,5","87226,62","0,0027","one must build,",LSJ
,οἶστρος,2,0,"0,5","87227,12","0,001","gadfly, breese,","LSJ, Middle Liddell, Autenrieth"
,ἀνισόω,2,0,"0,5","87227,62","0,0011","equalize, balance,","LSJ, Middle Liddell"
5.870,ποικιλτέος,2,0,"0,5","87228,12","0,0027",one must work in embroidery,Middle Liddell
,ἀπτωτί,2,0,"0,5","87228,62","0,0024",without a fall,Slater
,κόπρον,2,0,"0,5","87229,12","0,0012",[unavailable],LSJ
,ἐπαίνεσις,2,0,"0,5","87229,62","0,0014","praise,","LSJ, Middle Liddell"
,ἐπαραρίσκω,2,0,"0,5","87230,12","0,0007",fit to,"LSJ, Middle Liddell, Autenrieth"
,ἀφανής,2,0,"0,5","87230,62","0,0004","unseen,","LSJ, Middle Liddell, Slater"
,λοιδορία,2,0,"0,5","87231,12","0,0007","railing, abuse, reproach","LSJ, Middle Liddell"
,εὐθής,2,0,"0,5","87231,62","0,0007",Righteous (Jashar,LSJ
,διαθεατέον,2,0,"0,5","87232,12","0,0024","one must examine,",LSJ
,θεραπευτέον,2,0,"0,5","87232,62","0,0017",one must do service to,LSJ
5.880,εὐφυῶς,2,0,"0,5","87233,12","0,0012",[unavailable],Middle Liddell
,οἰνόω,9,0,"0,5","87233,62","0,0023","intoxicate,","LSJ, Middle Liddell, Autenrieth"
,ἀνταγωνιστής,2,0,"0,5","87234,12","0,0008","opponent, competitor, rival,","LSJ, Middle Liddell"
,κηδεμών,2,0,"0,5","87234,62","0,001",one that has charge of,"LSJ, Middle Liddell, Autenrieth"
,ἄσχημος,2,0,"0,5","87235,12","0,0013",[unavailable],LSJ
,τρίγωνος,2,0,"0,5","87235,62","0,001","three-cornered, triangular,","LSJ, Middle Liddell"
,τροχός,2,0,"0,5","87236,12","0,0007","wheel,","LSJ, Slater, Autenrieth"
,κυνηγεσία,2,0,"0,5","87236,62","0,0011",venatio,"LSJ, Middle Liddell"
,αὐτόχειρ,2,0,"0,5","87237,12","0,0009","with one's own hand, creative,","LSJ, Middle Liddell"
,λῆξις,2,0,"0,5","87237,62","0,001",cessation,"LSJ, Middle Liddell"
5.890,πλεοναχός,2,0,"0,5","87238,12","0,0018","manifold,",LSJ
,ἐπιτρόπευσις,2,0,"0,5","87238,62","0,0022",[unavailable],LSJ
,βρῶσις,2,0,"0,5","87239,12","0,001",meat,"LSJ, Middle Liddell, Autenrieth"
,μεταδοκέω,2,0,"0,5","87239,62","0,0016",change one's opinion,"LSJ, Middle Liddell"
,χαμάομαι,8,0,"0,5","87240,12","0,0028",[unavailable],LSJ
,ζητητός,2,0,"0,5","87240,62","0,0016",sought for,"LSJ, Middle Liddell"
,διαδείκνυμι,2,0,"0,5","87241,12","0,0009","show plainly,","LSJ, Middle Liddell"
,χρήμη,2,0,"0,5","87241,62","0,0005",[unavailable],LSJ
,θρίξ,2,0,"0,5","87242,12","0,0005",hair,"LSJ, Middle Liddell, Autenrieth"
,ἵδρυσις,2,0,"0,5","87242,62","0,0012","founding, foundation","LSJ, Middle Liddell"
5.900,στομίας,2,0,"0,5","87243,12","0,0012",hard-mouthed horse,LSJ
,συβωτέω,2,0,"0,5","87243,62","0,0016",to be a swineherd,LSJ
,ἀνομολογούμενος,2,0,"0,5","87244,12","0,0018","not agreeing, inconsistent,","LSJ, Middle Liddell"
,σύλη,2,0,"0,5","87244,62","0,0011",the right of seizing the ship,"LSJ, Middle Liddell"
,κατάγελως,2,0,"0,5","87245,12","0,0009",derision,"LSJ, Middle Liddell"
,ἀστρονόμος,2,0,"0,5","87245,62","0,0013","astronomer,","LSJ, Middle Liddell"
,ἀχθέω,2,0,"0,5","87246,12","0,0007","load,",LSJ
,ἄγαλμα,2,0,"0,5","87246,62","0,0005","glory, delight, honour,","LSJ, Middle Liddell, Slater, Autenrieth"
,μελητέον,2,0,"0,5","87247,12","0,0027",one must take thought,LSJ
,πρόκριτος,2,0,"0,5","87247,62","0,0016","chosen before others, select,","LSJ, Middle Liddell"
5.910,ἑφθόω,2,0,"0,5","87248,12","0,0016","roast, boil",LSJ
,ἄθεος,2,0,"0,5","87248,62","0,0008","without God, denying the gods","LSJ, Middle Liddell, Slater"
,ἠλιθιόω,2,0,"0,5","87249,12","0,0012","make foolish, distract","LSJ, Middle Liddell"
,διανεμόομαι,2,0,"0,5","87249,62","0,001","flutter in the wind,","LSJ, Middle Liddell"
,διδακτέος,2,0,"0,5","87250,12","0,0018",one must teach,Middle Liddell
,θυτέον,2,0,"0,5","87250,62","0,0022",one must sacrifice,LSJ
,ὁμοιοπαθέω,2,0,"0,5","87251,12","0,0016",have similar feelings,"LSJ, Middle Liddell"
,νευστέος,2,0,"0,5","87251,62","0,0027",one must swim,Middle Liddell
,ὑφεκτέος,2,0,"0,5","87252,12","0,0024",one must submit to,Middle Liddell
,ἐκφαίνω,2,0,"0,5","87252,62","0,0006","bring to light, reveal","LSJ, Middle Liddell, Slater, Autenrieth"
5.920,ἀποπέτομαι,2,0,"0,5","87253,12","0,001",fly off,"LSJ, Middle Liddell, Autenrieth"
,σωτήριος,2,0,"0,5","87253,62","0,0005","saving, delivering","LSJ, Middle Liddell"
,παραπλέω,2,0,"0,5","87254,12","0,0005",sail by,"LSJ, Middle Liddell"
,τοκάω,2,0,"0,5","87254,62","0,0007","to be near delivery,",LSJ
,ᾀστέον,2,0,"0,5","87255,12","0,0021","one must sing,",LSJ
,περιαλγής,2,0,"0,5","87255,62","0,0014",feeling extreme pain,"LSJ, Middle Liddell"
,ὑδατίς,2,0,"0,5","87256,12","0,0006","watery vesicle, hydatid,",LSJ
,ἐπισίτιος,2,0,"0,5","87256,62","0,0022",working for his victuals,LSJ
,ἐρωτίς,2,0,"0,5","87257,12","0,0007","loved one, darling,","LSJ, Middle Liddell"
,γεωμετρέω,2,0,"0,5","87257,62","0,0011","measure, survey land","LSJ, Middle Liddell"
5.930,φυκίον,2,0,"0,5","87258,12","0,0014",orchil,"LSJ, Middle Liddell"
,αἴθων,2,0,"0,5","87258,62","0,0013","fiery, burning","LSJ, Middle Liddell, Slater, Autenrieth"
,ἀκαιρέω,2,0,"0,5","87259,12","0,0012",to be without an opportunity,LSJ
,διαιρετέον,2,0,"0,5","87259,62","0,0016",one must divide,LSJ
,διαμαχέω,2,0,"0,5","87260,12","0,0012",[unavailable],LSJ
,θαυματός,2,0,"0,5","87260,62","0,0009",ṇ,"LSJ, Middle Liddell, Slater"
,σεμνόν,2,0,"0,5","87261,12","0,0004",[unavailable],LSJ
,δοξαστής,2,0,"0,5","87261,62","0,0021",one who forms opinions,LSJ
,ἱεροσυλία,2,0,"0,5","87262,12","0,0012","temple-robbery, sacrilege","LSJ, Middle Liddell"
,ἐθιστέον,2,0,"0,5","87262,62","0,0017",one must accustom,LSJ
5.940,σύμβολος,2,0,"0,5","87263,12","0,0006",meeting by chance,"LSJ, Middle Liddell"
,ὀστρακόω,2,0,"0,5","87263,62","0,0013","turn into potsherds, dash to pieces",LSJ
,κατηχέω,2,0,"0,5","87264,12","0,001",sound over,"LSJ, Middle Liddell"
,Ἄργος,8,0,"0,5","87264,62","0,0024",Argos,Autenrieth
,ὀψοποιέω,2,0,"0,5","87265,12","0,0013",dress food,LSJ
,κένωσις,2,0,"0,5","87265,62","0,0016","emptying, depletion","LSJ, Middle Liddell"
,ἀπωτέρω,2,0,"0,5","87266,12","0,0011","farther off,","LSJ, Middle Liddell"
,κονίς,2,0,"0,5","87266,62","0,0008","eggs of lice, fleas, and bugs, nits",LSJ
,ᾆσμα,2,0,"0,5","87267,12","0,0009","song,","LSJ, Middle Liddell"
,τραγῳδέω,2,0,"0,5","87267,62","0,0008","act a tragedy,","LSJ, Middle Liddell"
5.950,κρατιστής,2,0,"0,5","87268,12","0,0006",[unavailable],LSJ
,τριπλασίων,2,0,"0,5","87268,62","0,0013",[unavailable],LSJ
,αὐχμός,2,0,"0,5","87269,12","0,0008","drought,","LSJ, Middle Liddell"
,λωβός,2,0,"0,5","87269,62","0,0012",[unavailable],LSJ
,γάλα,2,0,"0,5","87270,12","0,0006",lac,"LSJ, Middle Liddell, Slater, Autenrieth"
,δεκαπλασιάζω,2,0,"0,5","87270,62","0,0018","multiply by ten,",LSJ
,ἑψέω,2,0,"0,5","87271,12","0,0009",[unavailable],LSJ
,χολή,2,0,"0,5","87271,62","0,0008","gall, bile,","LSJ, Middle Liddell"
,προστακτέον,2,0,"0,5","87272,12","0,0021","one must order,",LSJ
,ἑδραῖος,2,0,"0,5","87272,62","0,0012","sitting, sedentary","LSJ, Middle Liddell"
5.960,καθαιρέω,2,0,"0,5","87273,12","0,0004",take down,"LSJ, Middle Liddell, Slater, Autenrieth"
,περιγραπτέος,2,0,"0,5","87273,62","0,0022",one must trace out,Middle Liddell
,συμπόσιον,2,0,"0,5","87274,12","0,0006","drinking-party, symposium","LSJ, Middle Liddell, Slater"
,προσαπτέος,2,0,"0,5","87274,62","0,0024",one must apply,Middle Liddell
,ἀπολείβω,2,0,"0,5","87275,12","0,0011",let drip,"LSJ, Middle Liddell, Autenrieth"
,ἑλκτέον,2,0,"0,5","87275,62","0,0027",one must drag,LSJ
,ὅρμος,2,0,"0,5","87276,12","0,0007",necklace.,Autenrieth
,τᾶν,2,0,"0,5","87276,62","0,0006","sir, my good friend","LSJ, Middle Liddell"
,τέλεσις,2,0,"0,5","87277,12","0,0011","event, fulfilment,",LSJ
,αὐτουργέω,2,0,"0,5","87277,62","0,0013",to be an,"LSJ, Middle Liddell"
5.970,ἐπέξειμι,2,0,"0,5","87278,12","0,0007",ibo,"LSJ, Middle Liddell"
,λάχη,8,0,"0,5","87278,62","0,0033",ashare,LSJ
,περιφράσσω,2,0,"0,5","87279,12","0,0014","fence, fortify all round","LSJ, Middle Liddell"
,ὑποληπτέον,2,0,"0,5","87279,62","0,0012","one must suppose, understand, regard,",LSJ
,φαντασία,2,0,"0,5","87280,12","0,0007","appearing, appearance,","LSJ, Middle Liddell"
,ἕρμα,2,0,"0,5","87280,62","0,0011","prop, support","LSJ, Middle Liddell, Autenrieth"
,εὐδόκιμος,2,0,"0,5","87281,12","0,0007","in good repute, honoured, famous, glorious","LSJ, Middle Liddell"
,φρικάζω,2,0,"0,5","87281,62","0,0013","shudder, shiver,",LSJ
,ἀδολέσχης,2,0,"0,5","87282,12","0,0013","prater, idle talker","LSJ, Middle Liddell"
,ἄθλητος,2,0,"0,5","87282,62","0,0009",[unavailable],LSJ
5.980,ἀλώπηξ,2,0,"0,5","87283,12","0,0009","fox, Canis vulpes","LSJ, Middle Liddell, Slater"
,αἴ,8,0,"0,5","87283,62","0,0032",ha!,Middle Liddell
,δήλωσις,2,0,"0,5","87284,12","0,0009","a pointing out, manifestation, explaining, shewing",Middle Liddell
,ἀναρίθμητος,2,0,"0,5","87284,62","0,0011","not to be counted, countless,","LSJ, Middle Liddell, Slater"
,νομέης,2,0,"0,5","87285,12","0,0013",[unavailable],Middle Liddell
,ὄνομαι,2,0,"0,5","87285,62","0,0007","blame, find fault with, treat scornfully,","LSJ, Middle Liddell, Autenrieth"
,συναγωγή,2,0,"0,5","87286,12","0,001",a bringing together,"LSJ, Middle Liddell"
,ἑκουσιάζομαι,2,0,"0,5","87286,62","0,0021",offer,LSJ
,σφάλος,2,0,"0,5","87287,12","0,0016",[unavailable],LSJ
,ἀποπληρωτής,2,0,"0,5","87287,62","0,0027",one who completes,LSJ
5.990,Παιάν,2,0,"0,5","87288,12","0,0006","physician, healer","LSJ, Middle Liddell, Slater"
,τετραπλάσιος,2,0,"0,5","87288,62","0,0015","fourfold, four times as much","LSJ, Middle Liddell"
,κλοπή,2,0,"0,5","87289,12","0,0007",theft,"LSJ, Middle Liddell"
,ἐπαιτέω,2,0,"0,5","87289,62","0,0012","ask besides,","LSJ, Middle Liddell, Autenrieth"
,αὖτε,2,0,"0,5","87290,12","0,0007","again,","LSJ, Middle Liddell, Slater, Autenrieth"
,κωμάζω,2,0,"0,5","87290,62","0,0005","revel, make merry","LSJ, Middle Liddell, Slater"
,χρεώ,19,0,"0,49","87291,1","0,005","want, need;","LSJ, Middle Liddell, Autenrieth"
,κηρός,10,0,"0,48","87291,58","0,0038",bees-wax,"LSJ, Middle Liddell, Slater, Autenrieth"
,κηρόω,10,0,"0,48","87292,05","0,0054",wax over,LSJ
,κηρόομαι,10,0,"0,48","87292,53","0,0054",to form for oneself of wax,Middle Liddell
6.000,ἔρος,35,0,"0,46","87292,99","0,0064","wool,","LSJ, Middle Liddell"
,ἡλιάζω,9,0,"0,45","87293,44","0,0031",bake in the sun,LSJ
,ἡλιάω,9,0,"0,45","87293,89","0,0032",to be like the sun,LSJ
,ἁρπαγή,9,0,"0,45","87294,34","0,0027","seizure, robbery, rape,","LSJ, Middle Liddell"
,ἁρπάγη,9,0,"0,45","87294,79","0,0027",a rake,Middle Liddell
,ἁρπάγη,9,0,"0,45","87295,24","0,0027",hook,LSJ
,νῖκος,9,0,"0,45","87295,69","0,0018","for ever,","LSJ, Middle Liddell"
,ἡλιάζομαι,9,0,"0,45","87296,14","0,0031",sit in the court,"LSJ, Middle Liddell"
,ἄγε,12,0,"0,44","87296,58","0,0032",come on!,"LSJ, Middle Liddell, Slater, Autenrieth"
,ἄνη,21,0,"0,43","87297,01","0,0043","fulfilment,","LSJ, Middle Liddell"
6.010,ἄναξ,21,0,"0,43","87297,44","0,0036","lord, master,","LSJ, Middle Liddell, Slater, Autenrieth"
,ἄγαν,21,0,"0,43","87297,87","0,0041","very much,","LSJ, Middle Liddell, Slater"
,τροπή,21,0,"0,43","87298,3","0,0043","turn, turning","LSJ, Middle Liddell, Autenrieth"
,ἄνα,21,0,"0,43","87298,73","0,0043","king,","LSJ, Slater, Autenrieth"
,ἄνα,21,0,"0,43","87299,15","0,0043",[unavailable],"LSJ, Autenrieth"
,κορέω,10,0,"0,42","87299,57","0,0023",[unavailable],LSJ
,κουρά,10,0,"0,42","87299,99","0,004",cropping,"LSJ, Middle Liddell"
,Κόρα,10,0,"0,42","87300,4","0,0023",[unavailable],"LSJ, Middle Liddell"
,κορέω,10,0,"0,42","87300,82","0,0023",sweep out,"LSJ, Middle Liddell, Autenrieth"
,κουρεύς,10,0,"0,42","87301,24","0,0041","barber, hair-cutter","LSJ, Middle Liddell"
6.020,ἐπιέννυμι,22,0,"0,41","87301,65","0,0032",put on besides,"LSJ, Middle Liddell, Slater, Autenrieth"
,ἐφέζομαι,22,0,"0,41","87302,06","0,0023",sit upon,"LSJ, Middle Liddell, Slater, Autenrieth"
,ψυχόω,10,0,"0,4","87302,46","0,0042","give soul to,","LSJ, Middle Liddell"
,θερμόω,10,0,"0,4","87302,86","0,0036",[unavailable],LSJ
,φορός,10,0,"0,4","87303,26","0,0028",bearing:,"LSJ, Middle Liddell"
,μεσεύς,10,0,"0,4","87303,66","0,0024",[unavailable],LSJ
,θέρμω,10,0,"0,4","87304,06","0,0026","heat, make hot","LSJ, Middle Liddell, Autenrieth"
,μέση,10,0,"0,4","87304,46","0,0016",mese,LSJ
,πεῖρα,10,0,"0,4","87304,86","0,0021","trial, attempt","LSJ, Middle Liddell, Slater"
,θέρμος,10,0,"0,4","87305,26","0,0024",a lupine,Middle Liddell
6.030,πλειών,10,0,"0,4","87305,66","0,0037","a full period, a year",Middle Liddell
,θέρμος,10,0,"0,4","87306,06","0,0024","lupine, Lupinus albus",LSJ
,πειρά,10,0,"0,4","87306,46","0,0021",sharp point,LSJ
,ἀπορραίνω,10,0,"0,4","87306,86","0,0022","spirt out, shed about,","LSJ, Middle Liddell"
,παρών,10,0,"0,4","87307,26","0,0023",light ship,LSJ
,ὀφειλέτης,10,0,"0,4","87307,66","0,0052",debtor,"LSJ, Middle Liddell"
,ἄκουσις,10,0,"0,4","87308,06","0,0034",hearing,LSJ
,βροντάζω,10,0,"0,4","87308,46","0,0037",[unavailable],LSJ
,φόρον,10,0,"0,4","87308,86","0,0033","forum,",LSJ
,ἐπιστάτη,10,0,"0,4","87309,26","0,0028",[unavailable],LSJ
6.040,πλειών,10,0,"0,4","87309,66","0,0037",full time,LSJ
,Ἰώ,23,0,"0,4","87310,06","0,008",the moon,"LSJ, Middle Liddell"
,ἐρημάζω,3,0,"0,33","87310,39","0,0011","to be left lonely, go alone,","LSJ, Middle Liddell"
,γοητικός,3,0,"0,33","87310,72","0,0026","skilled in witchcraft, juggling","LSJ, Middle Liddell"
,ἐπαινετέος,3,0,"0,33","87311,06","0,0025",one must praise,Middle Liddell
,στερεόω,3,0,"0,33","87311,39","0,0015",make firm,"LSJ, Middle Liddell"
,καρτερόω,3,0,"0,33","87311,72","0,0011",strengthen,LSJ
,ἀποσχάω,3,0,"0,33","87312,06","0,0016",[unavailable],LSJ
,ἐπαινετέον,3,0,"0,33","87312,39","0,0025","one must praise,",LSJ
,ὑπογραφεύς,3,0,"0,33","87312,72","0,0018","one who writes under another's orders, secretary, amanuensis,","LSJ, Middle Liddell"
6.050,προθέω,3,0,"0,33","87313,06","0,0013",do they,"LSJ, Middle Liddell"
,διαφυγή,3,0,"0,33","87313,39","0,0014","refuge, means of escape,","LSJ, Middle Liddell"
,δομόω,3,0,"0,33","87313,72","0,0011","provide with lodging,",LSJ
,χειλόω,3,0,"0,33","87314,06","0,0017",to surround with a lip,Middle Liddell
,κεντόω,3,0,"0,33","87314,39","0,0018",[unavailable],LSJ
,ἔμπλησις,3,0,"0,33","87314,72","0,0025",[unavailable],LSJ
,παράλειψις,3,0,"0,33","87315,06","0,0024","neglect, disregard",LSJ
,παρεικάζω,3,0,"0,33","87315,39","0,002","liken, compare","LSJ, Middle Liddell"
,ἁδρόομαι,3,0,"0,33","87315,72","0,0028",grow stout,"LSJ, Middle Liddell"
,χίλιος,3,0,"0,33","87316,06","0,0007",[unavailable],"LSJ, Middle Liddell"
6.060,οἴκει,3,0,"0,33","87316,39","0,0015",[unavailable],LSJ
,ὁμολόγιον,3,0,"0,33","87316,72","0,0018",[unavailable],LSJ
,Κῦνος,3,0,"0,33","87317,06","0,0011",[unavailable],Autenrieth
,ἐπήν,3,0,"0,33","87317,39","0,0013","when,
            after.","Middle Liddell, Autenrieth"
,στέφανος,3,0,"0,33","87317,72","0,0005",that which surrounds,"LSJ, Middle Liddell, Slater, Autenrieth"
,ὀπτάω,3,0,"0,33","87318,06","0,0011","roast, broil,","LSJ, Middle Liddell, Slater, Autenrieth"
,πᾶγος,3,0,"0,33","87318,39","0,001","pagus, district",LSJ
,παρισόω,3,0,"0,33","87318,72","0,0019",make equal,LSJ
,μέλαινα,3,0,"0,33","87319,06","0,001",[unavailable],LSJ
,δενδρόω,3,0,"0,33","87319,39","0,0012","turn into a tree,",LSJ
6.070,δινάζω,3,0,"0,33","87319,72","0,0013",[unavailable],LSJ
,ἀντερῶ,3,0,"0,33","87320,06","0,0015","speak against, gainsay,","LSJ, Middle Liddell"
,ἐκκλησιάζω,3,0,"0,33","87320,39","0,0007","hold an assembly, debate therein,","LSJ, Middle Liddell"
,κοπιάω,3,0,"0,33","87320,72","0,0015","to be tired, grow weary","LSJ, Middle Liddell"
,πατριά,3,0,"0,33","87321,06","0,001","lineage, descent","LSJ, Middle Liddell"
,φιλοποιέω,3,0,"0,33","87321,39","0,0033","make a friend of,",LSJ
,ποσόω,3,0,"0,33","87321,72","0,0009","reckon the quantity of, count,","LSJ, Middle Liddell"
,φυτόομαι,3,0,"0,33","87322,06","0,0018","grow into a vegetative creature,",LSJ
,διαζάω,3,0,"0,33","87322,39","0,0017","live through, pass,","LSJ, Middle Liddell"
,προφητάζω,3,0,"0,33","87322,72","0,0013",[unavailable],LSJ
6.080,νέατος,3,0,"0,33","87323,06","0,002","uttermost, lowest,","LSJ, Middle Liddell, Autenrieth"
,Θαύμας,3,0,"0,33","87323,39","0,001",[unavailable],LSJ
,σάρξ,3,0,"0,33","87323,72","0,0008",flesh,"LSJ, Middle Liddell, Slater, Autenrieth"
,δόλος,3,0,"0,33","87324,06","0,0008",[unavailable],LSJ
,σμιλα,3,0,"0,33","87324,39","0,0026",[unavailable],LSJ
,καταδεσμέω,3,0,"0,33","87324,72","0,0031",[unavailable],LSJ
,κατεράω,3,0,"0,33","87325,06","0,0024","pour out, pour off",LSJ
,πάππας,3,0,"0,33","87325,39","0,0015",papa,"LSJ, Autenrieth"
,τριβή,3,0,"0,33","87325,72","0,0013",rubbing:,"LSJ, Middle Liddell"
,ἄγνωτος,3,0,"0,33","87326,06","0,0018",ignorant,"LSJ, Slater"
6.090,εὐνάζω,3,0,"0,33","87326,39","0,001",lay,"LSJ, Middle Liddell, Slater, Autenrieth"
,ἐφύω,3,0,"0,33","87326,72","0,0012",rain upon,"LSJ, Middle Liddell"
,ἀκμής,3,0,"0,33","87327,06","0,0013","untiring, unwearied","LSJ, Middle Liddell, Autenrieth"
,ῥυσόω,3,0,"0,33","87327,39","0,0031","make wrinkled, shrivel",LSJ
,ἄνθη,12,0,"0,33","87327,72","0,0028",full bloom,"LSJ, Middle Liddell"
,ἐγχείη,3,0,"0,33","87328,06","0,0026",[unavailable],LSJ
,καταλλαγή,3,0,"0,33","87328,39","0,0022",exchange,"LSJ, Middle Liddell"
,ὀφθαλμιάω,3,0,"0,33","87328,72","0,0017",suffer from ophthalmia,"LSJ, Middle Liddell"
,λευκόν,12,0,"0,33","87329,06","0,0026",white,"LSJ, Middle Liddell"
,ἐρημάς,3,0,"0,33","87329,39","0,0014",[unavailable],LSJ
6.100,πωμάζω,3,0,"0,33","87329,72","0,0015",furnish with a lid,"LSJ, Middle Liddell"
,θοινάζω,3,0,"0,33","87330,06","0,0018",[unavailable],"LSJ, Middle Liddell"
,σκυλακεύς,3,0,"0,33","87330,39","0,0018",[unavailable],LSJ
,ἀνηγέομαι,3,0,"0,33","87330,72","0,0018","relate, rehearse,","LSJ, Middle Liddell"
,ἄνοδος,3,0,"0,33","87331,06","0,0016",having no way,"LSJ, Middle Liddell"
,σμῖλα,3,0,"0,33","87331,39","0,0026",[unavailable],Middle Liddell
,ἄποινα,3,0,"0,33","87331,72","0,002",ransom,"LSJ, Middle Liddell, Slater, Autenrieth"
,ἀράσσω,3,0,"0,33","87332,06","0,0011","smite, dash in pieces,","LSJ, Middle Liddell, Slater, Autenrieth"
,ἀρχέτας,3,0,"0,33","87332,39","0,0011","leader, prince,",LSJ
,πάρημαι,12,0,"0,33","87332,72","0,0045",to be seated beside,"LSJ, Middle Liddell, Autenrieth"
6.110,τραπεζόω,3,0,"0,33","87333,06","0,002",offer,LSJ
,κρεῖον,3,0,"0,33","87333,39","0,0022","meat-tray, dresser","LSJ, Middle Liddell, Autenrieth"
,ἁφάω,3,0,"0,33","87333,72","0,0015","to handle,","LSJ, Middle Liddell, Autenrieth"
,ἐπίταξις,3,0,"0,33","87334,06","0,002","injunction,","LSJ, Middle Liddell"
,ποίωσις,3,0,"0,33","87334,39","0,0015","qualification,",LSJ
,ζαλάω,3,0,"0,33","87334,72","0,0017",driving,LSJ
,πρόσημαι,3,0,"0,33","87335,06","0,0016",to be seated at,"LSJ, Middle Liddell"
,διαφύσσω,3,0,"0,33","87335,39","0,0016","draw continually,","LSJ, Middle Liddell, Autenrieth"
,καταρρέω,3,0,"0,33","87335,72","0,0013",flow down,"LSJ, Middle Liddell, Slater, Autenrieth"
,ἐλεγεία,3,0,"0,33","87336,06","0,0018",an elegy,"LSJ, Middle Liddell"
6.120,ἔνδεια,3,0,"0,33","87336,39","0,001","want, lack","LSJ, Middle Liddell"
,παρείκω,3,0,"0,33","87336,72","0,0019",give way,"LSJ, Middle Liddell"
,ἐπιπεδάω,3,0,"0,33","87337,06","0,0016",[unavailable],LSJ
,ἁδρός,3,0,"0,33","87337,39","0,0017","thick, stout, bulky","LSJ, Middle Liddell"
,ἐλαττονέω,3,0,"0,33","87337,72","0,0014",receive less,LSJ
,κοιλάς,3,0,"0,33","87338,06","0,0015",hollow,"LSJ, Middle Liddell"
,βολέω,3,0,"0,33","87338,39","0,0014",to be stricken,LSJ
,ἀγυρτάζω,3,0,"0,33","87338,72","0,0022",collect by begging,"LSJ, Middle Liddell, Autenrieth"
,ἡρώιος,3,0,"0,33","87339,06","0,0017","of, concerning heroes","LSJ, Middle Liddell, Slater"
,σημειόω,3,0,"0,33","87339,39","0,001",mark,"LSJ, Middle Liddell"
6.130,ἀναγελάω,3,0,"0,33","87339,72","0,0013","laugh loud,","LSJ, Middle Liddell"
,σκυτεύς,3,0,"0,33","87340,06","0,0019",[unavailable],"LSJ, Middle Liddell"
,οἰκόνομος,3,0,"0,33","87340,39","0,0016","one who manages a household,",LSJ
,ὀπτός,3,0,"0,33","87340,72","0,0014","roasted, broiled,","LSJ, Middle Liddell, Autenrieth"
,ἀστή,3,0,"0,33","87341,06","0,0011",[unavailable],"LSJ, Middle Liddell"
,ἁφή,3,0,"0,33","87341,39","0,0015","lighting, kindling,","LSJ, Middle Liddell"
,λαμπαδίας,3,0,"0,33","87341,72","0,0028",kind of comet resembling a torch,LSJ
,λιμνάζω,3,0,"0,33","87342,06","0,001",form stagnant pools,LSJ
,μελαινάς,3,0,"0,33","87342,39","0,0014",a blackish fish,LSJ
,χάλαζα,3,0,"0,33","87342,72","0,0014",hail,"LSJ, Middle Liddell, Slater, Autenrieth"
6.140,δενδρών,3,0,"0,33","87343,06","0,0013","thicket,",LSJ
,ζώω,3,0,"0,33","87343,39","0,0011",live,"LSJ, Slater, Autenrieth"
,ἀκέομαι,3,0,"0,33","87343,72","0,0008","heal, cure","LSJ, Middle Liddell, Autenrieth"
,δινεύω,3,0,"0,33","87344,06","0,0014","whirl, spin round,","LSJ, Middle Liddell, Autenrieth"
,ἔκκλησις,3,0,"0,33","87344,39","0,0011","appeal,",LSJ
,ἔμποδος,3,0,"0,33","87344,72","0,0008",[unavailable],LSJ
,κόπος,3,0,"0,33","87345,06","0,0013","striking, beating","LSJ, Middle Liddell"
,λιάζω,3,0,"0,33","87345,39","0,0007",[unavailable],LSJ
,πνίγω,3,0,"0,33","87345,72","0,0014","choke, throttle, strangle,","LSJ, Middle Liddell"
,ἐργολαβέω,3,0,"0,33","87346,06","0,002","contract for the execution of work,","LSJ, Middle Liddell"
6.150,φιλοποιητής,3,0,"0,33","87346,39","0,004","a friend of poets,","LSJ, Middle Liddell"
,γυμνάς,3,0,"0,33","87346,72","0,0012","naked,","LSJ, Middle Liddell"
,χάριτος,3,0,"0,33","87347,06","0,0006",acceptable,LSJ
,διαζέω,3,0,"0,33","87347,39","0,0021","boil through,",LSJ
,νέατος,3,0,"0,33","87347,72","0,002","latest, last,",LSJ
,ἁμάρτιον,3,0,"0,33","87348,06","0,0017",[unavailable],LSJ
,δολόω,3,0,"0,33","87348,39","0,0013","beguile, ensnare, take by craft,","LSJ, Middle Liddell, Slater"
,σκόλιον,3,0,"0,33","87348,72","0,0013",song which went round crookedly at banquets,"LSJ, Middle Liddell, Slater"
,κατάδεσμος,3,0,"0,33","87349,06","0,0033","tie, band","LSJ, Middle Liddell"
,τοιχωρύχος,3,0,"0,33","87349,39","0,0021",one who digs through the wall,Middle Liddell
6.160,ἀποδέω,3,0,"0,33","87349,72","0,0009","bind fast, tie up","LSJ, Middle Liddell"
,σύνωσις,3,0,"0,33","87350,06","0,0025","forcing together, compression",LSJ
,κατερέω,3,0,"0,33","87350,39","0,0024","speak against, accuse","LSJ, Middle Liddell, Slater"
,τάξος,3,0,"0,33","87350,72","0,0022","yew, Taxus baccata","LSJ, Middle Liddell"
,χιλιάζω,3,0,"0,33","87351,06","0,0008","to be a thousand years old,",LSJ
,ἥγησις,3,0,"0,33","87351,39","0,0022",command,LSJ
,Πύλαι,3,0,"0,33","87351,72","0,0006",[unavailable],"LSJ, Middle Liddell"
,δυσθανατάω,3,0,"0,33","87352,06","0,0021",long for death,LSJ
,συκών,3,0,"0,33","87352,39","0,0018",fig-yard,LSJ
,παρισόομαι,3,0,"0,33","87352,72","0,0019","to make oneself equal to, measure oneself with",Middle Liddell
6.170,καταλλάσσω,3,0,"0,33","87353,06","0,0018",change,"LSJ, Middle Liddell"
,Οὐρανία,3,0,"0,33","87353,39","0,0014",the moon,"LSJ, Middle Liddell"
,ἐπίσκοπος,3,0,"0,33","87353,72","0,0011","one who watches over, overseer, guardian","LSJ, Middle Liddell, Slater, Autenrieth"
,αἰνίζομαι,3,0,"0,33","87354,06","0,0015",[unavailable],"LSJ, Autenrieth"
,διαβιάζομαι,3,0,"0,33","87354,39","0,0024",penetrate,"LSJ, Middle Liddell"
,θοινάω,3,0,"0,33","87354,72","0,0015","feast on, eat","LSJ, Middle Liddell, Autenrieth"
,διαπυρόω,3,0,"0,33","87355,06","0,0016",to set on fire,Middle Liddell
,ἄνοδος,3,0,"0,33","87355,39","0,0016","way up,","LSJ, Middle Liddell"
,ἀντιβολέω,3,0,"0,33","87355,72","0,0011","meet,","LSJ, Middle Liddell, Slater, Autenrieth"
,ἀποινάω,3,0,"0,33","87356,06","0,0019",demand the fine,"LSJ, Middle Liddell"
6.180,ἐξιόω,3,0,"0,33","87356,39","0,0004","clean from rust,",LSJ
,τραπεζώ,3,0,"0,33","87356,72","0,002",[unavailable],LSJ
,ζαλέω,3,0,"0,33","87357,06","0,0019",[unavailable],LSJ
,ἀνιερόω,3,0,"0,33","87357,39","0,0009","dedicate, devote,","LSJ, Middle Liddell"
,ἐλεγεῖον,3,0,"0,33","87357,72","0,0016",distich consisting of hexameter and pentameter,"LSJ, Middle Liddell"
,ἐπανιτάω,3,0,"0,33","87358,06","0,0024",[unavailable],LSJ
,ἐπιπεδόομαι,3,0,"0,33","87358,39","0,0021",to be made plane,LSJ
,λῆσις,3,0,"0,33","87358,72","0,0019",[unavailable],LSJ
,ἐρώμενος,3,0,"0,33","87359,06","0,001",one's love,Middle Liddell
,ἀντιτίθημι,3,0,"0,33","87359,39","0,0013",set against,"LSJ, Middle Liddell"
6.190,ἐλαττονόω,3,0,"0,33","87359,72","0,0014",diminish,LSJ
,κέφαλος,3,0,"0,33","87360,06","0,0022",mullet,LSJ
,Κοίλη,3,0,"0,33","87360,39","0,0011","giblets of poultry,","LSJ, Middle Liddell"
,βολή,3,0,"0,33","87360,72","0,0012",throw,"LSJ, Middle Liddell, Autenrieth"
,φανός,3,0,"0,33","87361,06","0,0019","torch,","LSJ, Middle Liddell"
,ποντίζω,3,0,"0,33","87361,39","0,0012",plunge,"LSJ, Middle Liddell"
,ἀγύρτης,3,0,"0,33","87361,72","0,002",collector,"LSJ, Middle Liddell"
,φυλλάζω,3,0,"0,33","87362,06","0,0012","frondesco,",LSJ
,διαγραφεύς,3,0,"0,33","87362,39","0,0024",one who makes a,LSJ
,χωρέω,3,0,"0,33","87362,72","0,0003","make room for another, give way, withdraw,","LSJ, Middle Liddell, Slater, Autenrieth"
6.200,ἀναγής,3,0,"0,33","87363,06","0,0016","wretch,",LSJ
,σπειράομαι,3,0,"0,33","87363,39","0,0009",to be coiled,"LSJ, Middle Liddell"
,συκάζω,3,0,"0,33","87363,72","0,0011",gather,"LSJ, Middle Liddell"
,ὀπτός,3,0,"0,33","87364,06","0,0014","visible,",LSJ
,καταλήγω,3,0,"0,33","87364,39","0,0016","leave off, stop","LSJ, Middle Liddell"
,λαμπάδιον,3,0,"0,33","87364,72","0,0024",small torch,"LSJ, Middle Liddell"
,λιμνάς,3,0,"0,33","87365,06","0,0015",[unavailable],"LSJ, Middle Liddell"
,πλανήτης,3,0,"0,33","87365,39","0,0013","wandering, roaming","LSJ, Middle Liddell"
,χαλαζάω,3,0,"0,33","87365,72","0,0014","hail,","LSJ, Middle Liddell"
,ῥῖγος,3,0,"0,33","87366,06","0,0017","frost, cold","LSJ, Middle Liddell, Autenrieth"
6.210,δίνη,3,0,"0,33","87366,39","0,0012","whirlpool, eddy,","LSJ, Middle Liddell, Autenrieth"
,καρτερός,3,0,"0,33","87366,72","0,0008","strong, staunch","LSJ, Middle Liddell, Slater, Autenrieth"
,ἐμποδών,3,0,"0,33","87367,06","0,0008","before the feet, in the way, in one's path","LSJ, Middle Liddell"
,κηλόω,3,0,"0,33","87367,39","0,0016",have an abnormal delivery,LSJ
,κοπόω,3,0,"0,33","87367,72","0,0016",weary,LSJ
,λιάζω,3,0,"0,33","87368,06","0,0007",to be over-enthusiastic,LSJ
,ἐργόλαβος,3,0,"0,33","87368,39","0,0025","contractor,",LSJ
,μαλάκια,3,0,"0,33","87368,72","0,0023",cephalopod mollusca,LSJ
,μίσθαρνος,3,0,"0,33","87369,06","0,003",wageearner,LSJ
,διαπυρόομαι,3,0,"0,33","87369,39","0,0023","set on fire,",LSJ
6.220,δομάω,3,0,"0,33","87369,72","0,001",[unavailable],LSJ
,δρύος,3,0,"0,33","87370,06","0,0014","woodland,",LSJ
,σμίλη,3,0,"0,33","87370,39","0,0024",knife for cutting,"LSJ, Middle Liddell"
,ἱερεῖον,3,0,"0,33","87370,72","0,0009","victim, animal for sacrifice","LSJ, Middle Liddell"
,εἱμαρτός,3,0,"0,33","87371,06","0,0024",fixed by fate,LSJ
,ἀποδέω,3,0,"0,33","87371,39","0,0009","to be in want of, lack,","LSJ, Middle Liddell"
,κεντάω,3,0,"0,33","87371,72","0,0015",[unavailable],LSJ
,παρειά,12,0,"0,33","87372,06","0,0044",cheek,"LSJ, Middle Liddell"
,μέθημαι,3,0,"0,33","87372,39","0,0015",sit among,"LSJ, Middle Liddell, Autenrieth"
,εὐνή,3,0,"0,33","87372,72","0,0009",bed,"LSJ, Middle Liddell, Autenrieth"
6.230,Πυλεύς,3,0,"0,33","87373,06","0,0008","Janus Geminus,",LSJ
,ἀρχέτης,3,0,"0,33","87373,39","0,0011","a leader, prince",Middle Liddell
,δυσθανατέω,3,0,"0,33","87373,72","0,0022",to be loath to die,"LSJ, Middle Liddell"
,ληιστής,3,0,"0,33","87374,06","0,0008",[unavailable],Middle Liddell
,ἐγχύνω,3,0,"0,33","87374,39","0,001",[unavailable],"LSJ, Middle Liddell"
,προίημι,3,0,"0,33","87374,72","0,0005","to send before, send on","Middle Liddell, Slater"
,οὐρανιάζω,3,0,"0,33","87375,06","0,0011",throw,LSJ
,τυχόν,3,0,"0,33","87375,39","0,0012",[unavailable],"LSJ, Middle Liddell"
,βάπτης,3,0,"0,33","87375,72","0,0024","dipper, bather",LSJ
,ἐπίσκοπος,3,0,"0,33","87376,06","0,0011","hitting the mark, successful","LSJ, Middle Liddell"
6.240,ὑπτιάζω,3,0,"0,33","87376,39","0,0014","lay oneself back, fall back,","LSJ, Middle Liddell"
,ἑστία,3,0,"0,33","87376,72","0,0007","hearth of a house,","LSJ, Middle Liddell, Slater"
,διαβιόω,3,0,"0,33","87377,06","0,0017","live through, pass,","LSJ, Middle Liddell"
,θοίνη,3,0,"0,33","87377,39","0,0016","meal, feast","LSJ, Middle Liddell"
,ἐπανιτέος,3,0,"0,33","87377,72","0,0026",one must return,Middle Liddell
,ἀνήκω,3,0,"0,33","87378,06","0,001",to have come up to,"LSJ, Middle Liddell"
,ἀνόδων,3,0,"0,33","87378,39","0,0018","toothless,",LSJ
,ἀντιθέω,3,0,"0,33","87378,72","0,0019",run against,"LSJ, Middle Liddell"
,πάππης,3,0,"0,33","87379,06","0,0015",papa,Middle Liddell
,καταλαβεύς,3,0,"0,33","87379,39","0,0017","holder, nail",LSJ
6.250,ἄποινος,3,0,"0,33","87379,72","0,002",[unavailable],LSJ
,τοιχώρυχος,3,0,"0,33","87380,06","0,0021","one who digs through the wall,",LSJ
,ἀφρονέω,3,0,"0,33","87380,39","0,0019","to be silly, act foolishly,","LSJ, Middle Liddell, Autenrieth"
,ζάλη,3,0,"0,33","87380,72","0,0018","squall, storm, driving rain","LSJ, Middle Liddell"
,χρυσίζω,3,0,"0,33","87381,06","0,0024",to be golden,LSJ
,νεκρών,3,0,"0,33","87381,39","0,0008","burial-place,","LSJ, Middle Liddell"
,ἀντέρομαι,3,0,"0,33","87381,72","0,0022",to ask in turn,Middle Liddell
,ἀναίρω,3,0,"0,33","87382,06","0,0008","raise, lift up,","LSJ, Middle Liddell"
,ἐλεγεῖος,3,0,"0,33","87382,39","0,0015",elegiac,LSJ
,συστάς,3,0,"0,33","87382,72","0,0014",standing together,"LSJ, Middle Liddell"
6.260,κέντρων,3,0,"0,33","87383,06","0,0023",one that bears the marks of the,"LSJ, Middle Liddell"
,ἐπανιτέον,3,0,"0,33","87383,39","0,0026",one must return,LSJ
,λῆσις,3,0,"0,33","87383,72","0,0019",[unavailable],LSJ
,ὠνητής,3,0,"0,33","87384,06","0,0017","buyer, purchaser,","LSJ, Middle Liddell"
,ἁμαρτῆ,3,0,"0,33","87384,39","0,0018","together, at same time, at once,","LSJ, Middle Liddell"
,σαρκάζω,3,0,"0,33","87384,72","0,0009",tear fiesh like dogs,"LSJ, Middle Liddell"
,θυάω,3,0,"0,33","87385,06","0,0006",rut,LSJ
,οἰκονόμος,3,0,"0,33","87385,39","0,0016",one who manages a household,Middle Liddell
,κεφαλών,3,0,"0,33","87385,72","0,0022","fan-palm, Chamaerops humilis",LSJ
,ἕστιος,3,0,"0,33","87386,06","0,0007",of the,LSJ
6.270,πόντος,3,0,"0,33","87386,39","0,0009","sea,","LSJ, Middle Liddell, Slater, Autenrieth"
,ἀγυρτός,3,0,"0,33","87386,72","0,0021",got by begging,LSJ
,φυλλάς,3,0,"0,33","87387,06","0,0013","leafy,","LSJ, Middle Liddell"
,μῆλον,3,0,"0,33","87387,39","0,0011",sheep,"LSJ, Middle Liddell, Slater, Autenrieth"
,διαγραφή,3,0,"0,33","87387,72","0,0022","delineation,","LSJ, Middle Liddell"
,ἡρῷον,3,0,"0,33","87388,06","0,0017",shrine of a hero,"LSJ, Middle Liddell"
,αἰνίζω,3,0,"0,33","87388,39","0,0015",[unavailable],Middle Liddell
,ῥυσάω,3,0,"0,33","87388,72","0,0011",[unavailable],LSJ
,σκῦτος,3,0,"0,33","87389,06","0,0017","skin, hide","LSJ, Middle Liddell, Autenrieth"
,σπειρόω,3,0,"0,33","87389,39","0,0015",to be coiled,LSJ
6.280,σῦκον,3,0,"0,33","87389,72","0,0012",fruit of the,"LSJ, Middle Liddell, Autenrieth"
,παρείης,12,0,"0,33","87390,06","0,0044",a reddish-brown snake,Middle Liddell
,ὀφθαλμία,3,0,"0,33","87390,39","0,0019",ophthalmia,"LSJ, Middle Liddell"
,λαμπάδιος,3,0,"0,33","87390,72","0,0024",torch-bearing,LSJ
,λίμνη,3,0,"0,33","87391,06","0,0009",pool of standing water,"LSJ, Middle Liddell, Autenrieth"
,αἱμός,3,0,"0,33","87391,39","0,0019",[unavailable],LSJ
,πᾶγος,3,0,"0,33","87391,72","0,001",[unavailable],Middle Liddell
,ἀποσχάζω,3,0,"0,33","87392,06","0,0018",open,LSJ
,κηλόω,3,0,"0,33","87392,39","0,0016",[unavailable],LSJ
,τριτεύς,3,0,"0,33","87392,72","0,0008",third part of a,LSJ
6.290,λίαν,3,0,"0,33","87393,06","0,0006","very, exceedingly","LSJ, Middle Liddell, Slater"
,ἀγρεύς,3,0,"0,33","87393,39","0,0013",hunter,"LSJ, Middle Liddell"
,προθέω,3,0,"0,33","87393,72","0,0013","run before,","LSJ, Middle Liddell, Autenrieth"
,διάπυρος,3,0,"0,33","87394,06","0,0013","red-hot,","LSJ, Middle Liddell"
,ἠχή,3,0,"0,33","87394,39","0,0013","sound, noise","LSJ, Middle Liddell, Autenrieth"
,ῥήγνυμι,3,0,"0,33","87394,72","0,0009","break asunder, rend, shatter","LSJ, Middle Liddell, Slater, Autenrieth"
,δόμος,3,0,"0,33","87395,06","0,001",domus,"LSJ, Middle Liddell, Slater, Autenrieth"
,Ἀγάθων,3,0,"0,33","87395,39","0,0016",[unavailable],Autenrieth
,κεντέω,3,0,"0,33","87395,72","0,0015","prick, goad, spur on","LSJ, Middle Liddell, Slater, Autenrieth"
,παραλείφω,3,0,"0,33","87396,06","0,0016",bedaub with ointment,"LSJ, Middle Liddell"
6.300,παρείας,12,0,"0,33","87396,39","0,0044",reddish-brown snake,LSJ
,λεάζω,3,0,"0,33","87396,72","0,0011",to be smooth,LSJ
,ἁδρέω,3,0,"0,33","87397,06","0,0023","to be full-grown, matured",LSJ
,χίλιοι,3,0,"0,33","87397,39","0,0007","a thousand,","LSJ, Middle Liddell, Autenrieth"
,ἧλος,3,0,"0,33","87397,72","0,0006","nail-head, stud","LSJ, Middle Liddell, Autenrieth"
,πύλη,3,0,"0,33","87398,06","0,0005",one wing of a pair of double gates,"LSJ, Middle Liddell, Autenrieth"
,ῥάσσω,3,0,"0,33","87398,39","0,0014","strike, dash","LSJ, Slater"
,σκυτόω,3,0,"0,33","87398,72","0,0024",cover,LSJ
,ἐργολάβος,3,0,"0,33","87399,06","0,0025","one who contracts for the execution of work, a contractor",Middle Liddell
,δυσθάνατος,3,0,"0,33","87399,39","0,0028",bringing a hard death,"LSJ, Middle Liddell"
6.310,ληιστός,3,0,"0,33","87399,72","0,0008","to be carried off as booty, to be won by force","Middle Liddell, Autenrieth"
,φιλοποιέομαι,3,0,"0,33","87400,06","0,0033","to make one's friend, attach to oneself",Middle Liddell
,οὐράνιος,3,0,"0,33","87400,39","0,0009","heavenly, dwelling in heaven","LSJ, Middle Liddell, Slater"
,βαπτός,3,0,"0,33","87400,72","0,0021","dipped, dyed,","LSJ, Middle Liddell"
,ὑπτιάω,3,0,"0,33","87401,06","0,0014","lean backward,",LSJ
,πόνησις,3,0,"0,33","87401,39","0,0025","toil, exertion,",LSJ
,μήλη,3,0,"0,33","87401,72","0,0013",probe,"LSJ, Middle Liddell"
,οἰκονομέω,3,0,"0,33","87402,06","0,0013","manage as a house-steward, order, regulate,","LSJ, Middle Liddell"
,στεφάνη,3,0,"0,33","87402,39","0,0011",anything that surrounds,"LSJ, Middle Liddell, Autenrieth"
,καταλαβή,3,0,"0,33","87402,72","0,001","grasping, comprehension",LSJ
6.320,πάγος,3,0,"0,33","87403,06","0,001",that which is fixed,"LSJ, Middle Liddell, Slater, Autenrieth"
,παρισάζομαι,3,0,"0,33","87403,39","0,004",[unavailable],LSJ
,κρείων,3,0,"0,33","87403,72","0,0011","ruler, lord, master","LSJ, Middle Liddell, Autenrieth"
,ἐπιχωριάζω,3,0,"0,33","87404,06","0,0012","to be in the habit of visiting,","LSJ, Middle Liddell"
,ἀπάχθομαι,3,0,"0,33","87404,39","0,0021",to be grievous,Middle Liddell
,ἀντεράω,3,0,"0,33","87404,72","0,0014","love in return,","LSJ, Middle Liddell"
,ἐκκλησία,3,0,"0,33","87405,06","0,0007","assembly duly summoned,","LSJ, Middle Liddell"
,ταφεύς,3,0,"0,33","87405,39","0,001","burier, grave-digger","LSJ, Middle Liddell"
,λῃστής,3,0,"0,33","87405,72","0,0008","robber, pirate","LSJ, Middle Liddell"
,πνιγεύς,3,0,"0,33","87406,06","0,002","damper, extinguisher, cover","LSJ, Middle Liddell"
6.330,μαρτύρησις,3,0,"0,33","87406,39","0,0021",corroborative evidence,LSJ
,ὠνητός,3,0,"0,33","87406,72","0,0016","bought,","LSJ, Middle Liddell, Autenrieth"
,νεάτη,3,0,"0,33","87407,06","0,0026",the lowest of the three strings,"LSJ, Middle Liddell"
,σαρκάω,3,0,"0,33","87407,39","0,0009",[unavailable],"LSJ, Middle Liddell"
,σίτησις,3,0,"0,33","87407,72","0,0018","eating, feeding","LSJ, Middle Liddell"
,δόλος,3,0,"0,33","87408,06","0,0008",bait,"LSJ, Middle Liddell, Slater, Autenrieth"
,σκληρόω,3,0,"0,33","87408,39","0,0014",harden,LSJ
,ἱεράομαι,3,0,"0,33","87408,72","0,0008",to be a priest,"LSJ, Middle Liddell"
,ἀνία,12,0,"0,33","87409,06","0,0045","grief, sorrow, distress, trouble,","LSJ, Middle Liddell, Slater"
,κατάδεσμα,3,0,"0,33","87409,39","0,0036",[unavailable],LSJ
6.340,ἐνυπνιάζω,3,0,"0,33","87409,72","0,0014","dream,",LSJ
,τριβεύς,3,0,"0,33","87410,06","0,0017","rubber, masseur,",LSJ
,ποντόω,3,0,"0,33","87410,39","0,0013","throw into the sea,",LSJ
,φύλλον,3,0,"0,33","87410,72","0,001",leaf,"LSJ, Middle Liddell, Slater, Autenrieth"
,χωρίον,3,0,"0,33","87411,06","0,0005","place, spot, district,","LSJ, Middle Liddell"
,ἡρῷος,3,0,"0,33","87411,39","0,0017","the heroic measure, hexameter","LSJ, Middle Liddell"
,ῥυσός,3,0,"0,33","87411,72","0,0018","shrivelled, wrinkled","LSJ, Middle Liddell, Autenrieth"
,ἐγχείη,3,0,"0,33","87412,06","0,0026","spear, lance","LSJ, Middle Liddell, Autenrieth"
,ὀφθαλμίας,3,0,"0,33","87412,39","0,0019",quick-sight,LSJ
,ἴα,52,0,"0,31","87412,7","0,018",one,"LSJ, Autenrieth"
6.350,ἴα,52,0,"0,31",87413,"0,018","violet,",LSJ
,χρεών,14,0,"0,29","87413,29","0,0042","that which must be,","LSJ, Middle Liddell, Slater"
,φαρμακών,14,0,"0,29","87413,58","0,0049","dye-house,",LSJ
,ἴασις,14,0,"0,29","87413,86","0,007","healing, mode of healing, remedy","LSJ, Middle Liddell"
,ἰού,14,0,"0,29","87414,15","0,0068","hallo!, hurrah!","LSJ, Middle Liddell"
,λαμπάζω,4,0,"0,25","87414,4","0,0023",[unavailable],LSJ
,λύη,4,0,"0,25","87414,65","0,0027","dissolution, separation","LSJ, Middle Liddell"
,δείλομαι,4,0,"0,25","87414,9","0,0029","verge towards afternoon,","LSJ, Middle Liddell, Autenrieth"
,λιθάζω,4,0,"0,25","87415,15","0,0011",fling stones,"LSJ, Middle Liddell"
,ἦχος,4,0,"0,25","87415,4","0,0015",sound,"LSJ, Middle Liddell"
6.360,στρατήγιον,4,0,"0,25","87415,65","0,002",general's tent,"LSJ, Middle Liddell"
,ἔμπεδος,4,0,"0,25","87415,9","0,0021",fettered,LSJ
,τάμιας,4,0,"0,25","87416,15","0,0014","one who carves and distributes, dispenser, steward",LSJ
,κνισός,4,0,"0,25","87416,4","0,0021",[unavailable],LSJ
,τροφεῖα,4,0,"0,25","87416,65","0,0026","pay for rearing and bringing up, wages of a nurse,",LSJ
,πίθος,4,0,"0,25","87416,9","0,0013",large wine-jar,"LSJ, Middle Liddell, Slater, Autenrieth"
,γηθέω,4,0,"0,25","87417,15","0,0013",rejoice,"LSJ, Middle Liddell, Autenrieth"
,Εὐμενέω,4,0,"0,25","87417,4","0,0019",to be gracious,LSJ
,μυθέομαι,4,0,"0,25","87417,65","0,0017",speak,"LSJ, Middle Liddell, Slater, Autenrieth"
,νευρή,4,0,"0,25","87417,9","0,0014",bow-string.,"LSJ, Middle Liddell, Autenrieth"
6.370,σπάργω,4,0,"0,25","87418,15","0,0033",[unavailable],"LSJ, Middle Liddell"
,κυριάζω,4,0,"0,25","87418,4","0,0012",[unavailable],Middle Liddell
,Ἕρμαιος,4,0,"0,25","87418,65","0,0024","of
            Hermes",Autenrieth
,πανταχόσε,4,0,"0,25","87418,9","0,0024",[unavailable],LSJ
,θέρμη,4,0,"0,25","87419,15","0,0013",heat,"LSJ, Middle Liddell"
,σιγάς,4,0,"0,25","87419,4","0,002",silent,Middle Liddell
,ἀγώνιος,4,0,"0,25","87419,65","0,0023",of,"LSJ, Middle Liddell, Slater"
,ἥδομαι,4,0,"0,25","87419,9","0,0006",swād-,"LSJ, Middle Liddell, Autenrieth"
,ἀκουάζομαι,4,0,"0,25","87420,15","0,0024","hear, listen to","LSJ, Middle Liddell, Autenrieth"
,θήρα,4,0,"0,25","87420,4","0,0011","hunting of wild beasts, the chase","LSJ, Middle Liddell"
6.380,αὐγής,4,0,"0,25","87420,65","0,0015",[unavailable],LSJ
,ἕρμαιον,4,0,"0,25","87420,9","0,0023",gift of,"LSJ, Middle Liddell"
,μοιρίς,4,0,"0,25","87421,15","0,0028",divided,LSJ
,ἀριστεῖα,4,0,"0,25","87421,4","0,0016","the prize of the best and bravest, the meed of valour",Middle Liddell
,δοκιμή,4,0,"0,25","87421,65","0,0028","proof, test,","LSJ, Middle Liddell"
,στροφή,4,0,"0,25","87421,9","0,0024",turning,"LSJ, Middle Liddell"
,λαμπάς,4,0,"0,25","87422,15","0,0014",torch,"LSJ, Middle Liddell"
,δείλομαι,4,0,"0,25","87422,4","0,0029",[unavailable],LSJ
,παραξέω,4,0,"0,25","87422,65","0,0016",graze,"LSJ, Middle Liddell"
,φοίτης,4,0,"0,25","87422,9","0,0014",[unavailable],LSJ
6.390,ἠχώ,4,0,"0,25","87423,15","0,0017","echo,","LSJ, Middle Liddell"
,ἀριστεία,4,0,"0,25","87423,4","0,0015","excellence, prowess,","LSJ, Middle Liddell"
,Ἑρμαῖος,4,0,"0,25","87423,65","0,0023",called after Hermes,Middle Liddell
,ἀπορούω,4,0,"0,25","87423,9","0,0025","dart away,","LSJ, Middle Liddell, Slater, Autenrieth"
,τροφεῖον,4,0,"0,25","87424,15","0,0026",[unavailable],LSJ
,πιθόω,4,0,"0,25","87424,4","0,0014",[unavailable],LSJ
,μελίζω,4,0,"0,25","87424,65","0,0014","dismember, cutin pieces",LSJ
,Εὐμενής,4,0,"0,25","87424,9","0,0019","well-disposed, kindly",LSJ
,νεῦρον,4,0,"0,25","87425,15","0,0016","sinew, tendon,","LSJ, Middle Liddell, Autenrieth"
,σπάργωσις,4,0,"0,25","87425,4","0,0053",[unavailable],LSJ
6.400,ὀγκόω,4,0,"0,25","87425,65","0,0016","raise up, rear,","LSJ, Middle Liddell"
,Κεραμεῖς,4,0,"0,25","87425,9","0,0029",[unavailable],Middle Liddell
,Δεξαμένη,4,0,"0,25","87426,15","0,0024",[unavailable],Autenrieth
,πάρεξις,4,0,"0,25","87426,4","0,0016",presenting,LSJ
,πεῖσος,4,0,"0,25","87426,65","0,0021",[unavailable],"LSJ, Middle Liddell"
,πρέσβις,4,0,"0,25","87426,9","0,0011","ambassador,",LSJ
,ἀγώνιος,4,0,"0,25","87427,15","0,0023",without angle,LSJ
,οἰνοχόη,4,0,"0,25","87427,4","0,0027",vessel for,"LSJ, Middle Liddell"
,λάω,4,0,"0,25","87427,65","0,0013","to behold, look upon","LSJ, Middle Liddell, Autenrieth"
,ἑρμαῖος,4,0,"0,25","87427,9","0,0023",called after,LSJ
6.410,δόκιμος,4,0,"0,25","87428,15","0,0016",acceptable:,"LSJ, Middle Liddell, Slater"
,ἔμπεδα,4,0,"0,25","87428,4","0,0035",[unavailable],"LSJ, Middle Liddell"
,ἄπους,4,0,"0,25","87428,65","0,0019",without foot,"LSJ, Middle Liddell"
,κνίζω,4,0,"0,25","87428,9","0,0017","scratch, gash","LSJ, Middle Liddell, Slater"
,τομεύς,4,0,"0,25","87429,15","0,0019","one that cuts, a carver,","LSJ, Middle Liddell"
,λαμπάς,4,0,"0,25","87429,4","0,0014",torch-lit,"LSJ, Middle Liddell"
,λιπάζω,4,0,"0,25","87429,65","0,0014",[unavailable],LSJ
,ἀριστεῖα,4,0,"0,25","87429,9","0,0016","the meed of valour,",LSJ
,γαθέω,4,0,"0,25","87430,15","0,0021",be delighted,"LSJ, Slater"
,κουράς,4,0,"0,25","87430,4","0,0022",painting on a ceiling,LSJ
6.420,αὐγάζω,4,0,"0,25","87430,65","0,0013","view in the clearest light, see distinctly, discern,","LSJ, Middle Liddell"
,γηραός,4,0,"0,25","87430,9","0,0026",[unavailable],LSJ
,μελίζω,4,0,"0,25","87431,15","0,0014","modulate, sing","LSJ, Middle Liddell, Slater"
,στροφάς,4,0,"0,25","87431,4","0,0031","turning round, revolving, circling","LSJ, Middle Liddell"
,καιρόω,4,0,"0,25","87431,65","0,0007",[unavailable],LSJ
,πανταχῶς,4,0,"0,25","87431,9","0,0022","in all ways, altogether","LSJ, Middle Liddell"
,δεξαμενή,4,0,"0,25","87432,15","0,0016",receptacle,"LSJ, Middle Liddell"
,ἐπαράομαι,4,0,"0,25","87432,4","0,0016","imprecate curses upon,","LSJ, Middle Liddell"
,πρέσβις,4,0,"0,25","87432,65","0,0011","age,","LSJ, Middle Liddell"
,λάω,4,0,"0,25","87432,9","0,0013","seize, hold",LSJ
6.430,ἀγάομαι,4,0,"0,25","87433,15","0,0025","admiring,","LSJ, Middle Liddell, Autenrieth"
,δοκιμόω,4,0,"0,25","87433,4","0,0025",[unavailable],LSJ
,ταμίας,4,0,"0,25","87433,65","0,0014","one who carves and distributes, a dispenser","Middle Liddell, Slater"
,ἐλαία,4,0,"0,25","87433,9","0,0012",olive-tree,"LSJ, Middle Liddell, Slater"
,ἐμπεδής,4,0,"0,25","87434,15","0,003",[unavailable],LSJ
,ταμία,4,0,"0,25","87434,4","0,0014","housekeeper, housewife","LSJ, Middle Liddell, Slater"
,κνῖσα,4,0,"0,25","87434,65","0,0021",steam and odour of fat,"LSJ, Middle Liddell"
,λάμπη,4,0,"0,25","87434,9","0,0027",torch,"LSJ, Middle Liddell"
,ναόω,4,0,"0,25","87435,15","0,0013",bring into a temple,LSJ
,νευρά,4,0,"0,25","87435,4","0,0014",string,"LSJ, Middle Liddell, Slater"
6.440,σπαργάω,4,0,"0,25","87435,65","0,0027","to be full to bursting, swell, be ripe","LSJ, Middle Liddell"
,μορία,4,0,"0,25","87435,9","0,0017",the sacred olives,"LSJ, Middle Liddell"
,θέρμα,4,0,"0,25","87436,15","0,0013",[unavailable],LSJ
,ὀγκάομαι,4,0,"0,25","87436,4","0,0019","bray,","LSJ, Middle Liddell"
,ἀριστεῖος,4,0,"0,25","87436,65","0,0016","belonging to the bravest, bestowed as the prize of valour,",LSJ
,ζυγόω,4,0,"0,25","87436,9","0,0019","yoke, join together","LSJ, Middle Liddell"
,πιθέω,4,0,"0,25","87437,15","0,0011",obey,"Slater, Autenrieth"
,μέλισσα,4,0,"0,25","87437,4","0,0012",madhu-lih-,"LSJ, Middle Liddell, Slater, Autenrieth"
,ἰδού,4,0,"0,25","87437,65","0,0015",lo! behold! see there!,Middle Liddell
,στροφάω,4,0,"0,25","87437,9","0,0021",turn hither and thither,LSJ
6.450,τρόπις,4,0,"0,25","87438,15","0,0014","ship's keel,","LSJ, Middle Liddell, Autenrieth"
,κεραμεών,4,0,"0,25","87438,4","0,0036",large wine-jar,LSJ
,κυρία,4,0,"0,25","87438,65","0,0013","authority, power","LSJ, Middle Liddell"
,φοιτάς,4,0,"0,25","87438,9","0,0031","madness, frenzy,","LSJ, Middle Liddell"
,φυτών,4,0,"0,25","87439,15","0,0015","place planted,",LSJ
,μυρόω,4,0,"0,25","87439,4","0,0016",[unavailable],LSJ
,ἕζομαι,4,0,"0,25","87439,65","0,0007","seat oneself, sit","LSJ, Middle Liddell, Autenrieth"
,Πλούτων,4,0,"0,25","87439,9","0,0033","Pluto,","LSJ, Middle Liddell"
,διπλῇ,4,0,"0,25","87440,15","0,0029","twice,","LSJ, Middle Liddell"
,ἔμπεδος,4,0,"0,25","87440,4","0,0021","in the ground, firm-set","LSJ, Middle Liddell, Slater, Autenrieth"
6.460,ταμία,4,0,"0,25","87440,65","0,0014",[unavailable],LSJ
,κνισάω,4,0,"0,25","87440,9","0,0021",fill with the savour of burnt sacrifice,"LSJ, Middle Liddell"
,τροφεία,4,0,"0,25","87441,15","0,0026",service as wet-nurse,LSJ
,νευράς,4,0,"0,25","87441,4","0,0016",[unavailable],LSJ
,σπαργέω,4,0,"0,25","87441,65","0,0034",[unavailable],LSJ
,πανταχοῖ,4,0,"0,25","87441,9","0,0022","in every direction, any whither","LSJ, Middle Liddell"
,λύα,4,0,"0,25","87442,15","0,0027",civil strife,"LSJ, Middle Liddell, Slater"
,μορία,4,0,"0,25","87442,4","0,0017",[unavailable],LSJ
,θερμάζω,4,0,"0,25","87442,65","0,0013",[unavailable],LSJ
,τροφεῖα,4,0,"0,25","87442,9","0,0026","pay for bringing up, the wages of a nurse",Middle Liddell
6.470,πρεσβεύς,4,0,"0,25","87443,15","0,0011","ambassador,",LSJ
,Θήρα,4,0,"0,25","87443,4","0,0013","from Thera,","LSJ, Slater"
,οἰνοχοέω,4,0,"0,25","87443,65","0,002",to pour out wine for drinking,"Middle Liddell, Autenrieth"
,ἀπόδεξις,4,0,"0,25","87443,9","0,0033","acceptance,",LSJ
,μελισσεύς,4,0,"0,25","87444,15","0,0025",bee-keeper,LSJ
,στροφεύς,4,0,"0,25","87444,4","0,0027",vertebra,"LSJ, Middle Liddell"
,κόμη,4,0,"0,25","87444,65","0,0009",hair of the head,"LSJ, Middle Liddell, Autenrieth"
,νῆις,18,0,"0,22","87444,87","0,0076","unknowing of, unpractised in","Middle Liddell, Autenrieth"
,Ναιάς,18,0,"0,22","87445,09","0,0076","a Naiad, a river nymph",Middle Liddell
,ἔφημαι,5,0,"0,2","87445,29","0,0027","to be seated on, sit on","LSJ, Middle Liddell, Autenrieth"
6.480,κυρίζω,5,0,"0,2","87445,49","0,0018",[unavailable],LSJ
,λᾶθος,5,0,"0,2","87445,69","0,0019",[unavailable],LSJ
,δάπανος,5,0,"0,2","87445,89","0,0033",[unavailable],LSJ
,ὑφαίνω,5,0,"0,2","87446,09","0,0019","weave,","LSJ, Middle Liddell, Slater, Autenrieth"
,ἁρπαγεύς,5,0,"0,2","87446,29","0,002",[unavailable],LSJ
,ἐφίζω,5,0,"0,2","87446,49","0,0009",set upon,"LSJ, Middle Liddell, Slater, Autenrieth"
,ἥβη,5,0,"0,2","87446,69","0,0018","youthful prime, youth","LSJ, Middle Liddell, Autenrieth"
,στροβιλός,5,0,"0,2","87446,89","0,0035",whirling,LSJ
,ὑών,5,0,"0,2","87447,09","0,0034","pig-pen,",LSJ
,Τάφος,5,0,"0,2","87447,29","0,001",Taphos,Autenrieth
6.490,ἐπιάομαι,5,0,"0,2","87447,49","0,0028",cure,LSJ
,ᾠόν,5,0,"0,2","87447,69","0,0021","egg,","LSJ, Middle Liddell"
,φύσας,5,0,"0,2","87447,89","0,0024",a father;,Middle Liddell
,θάομαι,5,0,"0,2","87448,09","0,0023","to wonder at, admire","LSJ, Middle Liddell, Autenrieth"
,ἴτης,5,0,"0,2","87448,29","0,002",[unavailable],"LSJ, Middle Liddell"
,θάομαι,5,0,"0,2","87448,49","0,0023",suck,Autenrieth
,παλαιστής,5,0,"0,2","87448,69","0,0024",[unavailable],LSJ
,δαπανόω,5,0,"0,2","87448,89","0,0022","expend,",LSJ
,ὀμβρέω,5,0,"0,2","87449,09","0,0019","rain,","LSJ, Middle Liddell"
,ὄμβρος,5,0,"0,2","87449,29","0,0017",heavy rain,Middle Liddell
6.500,θηλέω,5,0,"0,2","87449,49","0,0022","to be full of, abound in","LSJ, Middle Liddell, Autenrieth"
,δηλέομαι,5,0,"0,2","87449,69","0,0019","to hurt, do a mischief to",Middle Liddell
,στροβιλόω,5,0,"0,2","87449,89","0,0041","turn about, keep going",LSJ
,κεράω,5,0,"0,2","87450,09","0,0021",[unavailable],"LSJ, Middle Liddell, Autenrieth"
,θάλεια,5,0,"0,2","87450,29","0,0038","rich, plentiful","LSJ, Middle Liddell, Slater, Autenrieth"
,τάφος,5,0,"0,2","87450,49","0,001",funeral-rites,"LSJ, Middle Liddell, Slater, Autenrieth"
,τυπή,5,0,"0,2","87450,69","0,0036","blow, wound,","LSJ, Middle Liddell, Autenrieth"
,ᾦον,5,0,"0,2","87450,89","0,0022",[unavailable],LSJ
,δίχα,5,0,"0,2","87451,09","0,0013","in two, asunder,","LSJ, Middle Liddell, Slater, Autenrieth"
,κονία,5,0,"0,2","87451,29","0,003",dust,"LSJ, Middle Liddell"
6.510,λῆθος,5,0,"0,2","87451,49","0,0013",[unavailable],"LSJ, Middle Liddell"
,ξένη,5,0,"0,2","87451,69","0,0009","foreign woman,","LSJ, Middle Liddell"
,ἴτον,5,0,"0,2","87451,89","0,002",mushroom,LSJ
,κέρας,5,0,"0,2","87452,09","0,0012",Aër.,"LSJ, Middle Liddell, Slater, Autenrieth"
,ἡβός,5,0,"0,2","87452,29","0,0018",[unavailable],Middle Liddell
,ὄμβρος,5,0,"0,2","87452,49","0,0017","storm of rain, thunder-storm,","LSJ, Slater, Autenrieth"
,κόνιος,5,0,"0,2","87452,69","0,003",dusty,"LSJ, Slater"
,πιπίσκω,5,0,"0,2","87452,89","0,0023",give to drink,"LSJ, Middle Liddell, Slater"
,ξενών,5,0,"0,2","87453,09","0,0013","guest-chamber,","LSJ, Middle Liddell"
,κεράω,5,0,"0,2","87453,29","0,0021",make horned,LSJ
6.520,παλαιστέω,5,0,"0,2","87453,49","0,0028",thrust away with the hand,LSJ
,ἁλή,5,0,"0,2","87453,69","0,0018",salt-works,LSJ
,θαλέω,5,0,"0,2","87453,89","0,0046",[unavailable],"LSJ, Middle Liddell, Slater"
,τάφος,5,0,"0,2","87454,09","0,0014","astonishment, amazement","LSJ, Middle Liddell, Autenrieth"
,κονιάζω,5,0,"0,2","87454,29","0,0032","to be sprinkled with ashes,",LSJ
,θέωσις,5,0,"0,2","87454,49","0,0055",making divine,LSJ
,ἰτός,5,0,"0,2","87454,69","0,0018",ibo,"LSJ, Middle Liddell"
,ἀρέομαι,20,0,"0,2","87454,89","0,0066",[unavailable],LSJ
,στροβιλέω,5,0,"0,2","87455,09","0,0041",[unavailable],LSJ
,κεράς,5,0,"0,2","87455,29","0,0015",[unavailable],LSJ
6.530,ὧρος,5,0,"0,2","87455,49","0,0024","a year,","LSJ, Middle Liddell"
,ὄμβρος,5,0,"0,2","87455,69","0,0017",[unavailable],LSJ
,πέρας,5,0,"0,2","87455,89","0,0011","end, limit, boundary","LSJ, Middle Liddell, Slater"
,παλαιστή,5,0,"0,2","87456,09","0,0025",[unavailable],"LSJ, Middle Liddell"
,θαλέω,5,0,"0,2","87456,29","0,0046",[unavailable],LSJ
,λάθος,5,0,"0,2","87456,49","0,0019",escape from detection,LSJ
,ἅλας,5,0,"0,2","87456,69","0,0028",salt,"LSJ, Middle Liddell"
,διχάς,5,0,"0,2","87456,89","0,0013","the half, middle,",LSJ
,ὀπίσω,5,0,"0,2","87457,09","0,0013","backwards,","LSJ, Middle Liddell, Slater, Autenrieth"
,κονιάω,5,0,"0,2","87457,29","0,0028",plaster with lime,"LSJ, Middle Liddell"
6.540,παλαστή,5,0,"0,2","87457,49","0,0025",palm of the hand,"LSJ, Middle Liddell"
,ἔπισος,5,0,"0,2","87457,69","0,0027",[unavailable],LSJ
,ἁλής,5,0,"0,2","87457,89","0,0013","thronged, crowded, in a mass","LSJ, Middle Liddell"
,στρόβιλος,5,0,"0,2","87458,09","0,0036",round ball,"LSJ, Middle Liddell"
,στροβιλός,5,0,"0,2","87458,29","0,0035","spinning, whirling",Middle Liddell
,κεράς,5,0,"0,2","87458,49","0,0015",mixed,LSJ
,τέθηπα,5,0,"0,2","87458,69","0,001","to be astonished, astounded, amazed","LSJ, Middle Liddell, Autenrieth"
,ὧρος,5,0,"0,2","87458,89","0,0024",[unavailable],LSJ
,ὀμβρόω,5,0,"0,2","87459,09","0,002","imbricitur,",LSJ
,ἅρπαξ,5,0,"0,2","87459,29","0,0024","robbing, rapacious,","LSJ, Middle Liddell"
6.550,Ἥβη,5,0,"0,2","87459,49","0,0019",Hebe,Autenrieth
,παλαιστής,5,0,"0,2","87459,69","0,0024",wrestler,"LSJ, Middle Liddell, Autenrieth"
,λεύκη,6,0,"0,17","87459,86","0,0015",leprosy,"LSJ, Middle Liddell"
,πιάζω,6,0,"0,17","87460,03","0,0022",[unavailable],LSJ
,πῖον,6,0,"0,17","87460,19","0,0026","fat, rich milk",LSJ
,ῥᾶ,6,0,"0,17","87460,36","0,0032",easily,LSJ
,ἀνδρειών,6,0,"0,17","87460,53","0,0042",[unavailable],LSJ
,ἄνιος,6,0,"0,17","87460,69","0,0032",[unavailable],"LSJ, Middle Liddell"
,βασίλειον,6,0,"0,17","87460,86","0,0015","kingly dwelling, palace,","LSJ, Middle Liddell"
,κουρεών,6,0,"0,17","87461,03","0,0062",[unavailable],LSJ
6.560,πεδίον,6,0,"0,17","87461,19","0,0012",plain,LSJ
,πῖος,6,0,"0,17","87461,36","0,002",unctuous,"LSJ, Middle Liddell"
,φαρμακίς,6,0,"0,17","87461,53","0,004","sorceress, witch,","LSJ, Middle Liddell"
,οἴνη,6,0,"0,17","87461,69","0,004","the vine,","LSJ, Middle Liddell"
,ῥᾶ,6,0,"0,17","87461,86","0,0032","rhubarb, Rheum officinale",LSJ
,οἰνών,6,0,"0,17","87462,03","0,0041",a wine-cellar,Middle Liddell
,κάρα,6,0,"0,17","87462,19","0,0016",head,"LSJ, Middle Liddell, Slater"
,ῥαίνω,6,0,"0,17","87462,36","0,002","sprinkle, besprinkle","LSJ, Middle Liddell, Slater, Autenrieth"
,πιέζω,6,0,"0,17","87462,53","0,0012",Ep..,"LSJ, Middle Liddell, Slater, Autenrieth"
,οἴνη,6,0,"0,17","87462,69","0,004",the ace,LSJ
6.570,κόρις,6,0,"0,17","87462,86","0,002","bug, Cimex lectularius","LSJ, Middle Liddell"
,φιλιόω,6,0,"0,17","87463,03","0,0029","make a friend of,",LSJ
,κάρα,6,0,"0,17","87463,19","0,0016",tame goat,LSJ
,Λεῦκος,6,0,"0,17","87463,36","0,0015",[unavailable],"LSJ, Autenrieth"
,κορέννυμι,6,0,"0,17","87463,53","0,0018","satiate, fill","LSJ, Middle Liddell, Autenrieth"
,κούρεος,6,0,"0,17","87463,69","0,0046",[unavailable],LSJ
,πεδάω,6,0,"0,17","87463,86","0,0011",bind with fetters,"LSJ, Middle Liddell, Slater, Autenrieth"
,κράς,6,0,"0,17","87464,03","0,0009",head,"LSJ, Middle Liddell, Slater"
,πεδίον,6,0,"0,17","87464,19","0,0012",a plain,"Middle Liddell, Slater, Autenrieth"
,ῥάζω,6,0,"0,17","87464,36","0,0021",snarl,LSJ
6.580,πέδιον,6,0,"0,17","87464,53","0,0012",[unavailable],LSJ
,Κήρ,7,0,"0,14","87464,67","0,0029",the goddess of death,"LSJ, Slater"
,κήρα,7,0,"0,14","87464,81","0,0038","cera, wax tablet,",LSJ
,πυρών,7,0,"0,14","87464,95","0,0033",[unavailable],LSJ
,πυρά,7,0,"0,14","87465,1","0,0026",watch-fires,"LSJ, Middle Liddell"
,πυρά,7,0,"0,14","87465,24","0,0026",funeral-pyre,"LSJ, Slater"
,κηρών,7,0,"0,14","87465,38","0,0066",bee-hive,LSJ
,κήρ,7,0,"0,14","87465,53","0,0029",the goddess of death,Middle Liddell
,ἐλεᾶς,7,0,"0,14","87465,67","0,0035",bird,"LSJ, Middle Liddell"
,νῆσις,8,0,"0,12","87465,79","0,0076","accumulation,",LSJ
6.590,βοών,8,0,"0,12","87465,92","0,0018","cow-house, byre,",LSJ
,νῆσις,8,0,"0,12","87466,04","0,0076","spinning,","LSJ, Middle Liddell"
,βοόω,8,0,"0,12","87466,17","0,0012",change into an ox,LSJ
,ἀκή,9,0,"0,11","87466,28","0,0027",point,LSJ
,ἴωσις,9,0,"0,11","87466,39","0,0058",refinement,LSJ
,ἀκή,9,0,"0,11","87466,5","0,0027",silence,LSJ
,ἀκή,9,0,"0,11","87466,61","0,0027",healing,"LSJ, Middle Liddell"
,ἄκος,9,0,"0,11","87466,72","0,0017","cure, remedy","LSJ, Middle Liddell, Slater, Autenrieth"
,ἦρος,10,0,"0,1","87466,82","0,0037",[unavailable],LSJ
,ποθή,17,0,"0,06","87466,88","0,0049","longing, desire for . . ,","LSJ, Middle Liddell, Autenrieth"
6.600,πόθι,17,0,"0,06","87466,94","0,0055",where?,"LSJ, Middle Liddell, Slater, Autenrieth"
,ποθι,17,0,"0,06",87467,"0,0055",anywhere,Middle Liddell
